id,brand,name,category,size,type,thc,cbd,price,discount,onsale,slug,image,group,description
01981071-d5d3-7331-9f88-9d6b422d7e3a,ALMORA FARM,LEMONADE 12FLOZ [100MG] POMBERRY X WHITETHORN ROSE - 100 MG,BEVERAGE,100MG,HYBRID,0.03%,,12.05,,False,almora-farm-almora-farm-lemonade-12floz-100mg-pomberry-x-whitethorn-rose,https://d1hhy58mqsa6c3.cloudfront.net/916928a7-444e-4ad3-bfd0-b799e8385e4d/50a1c0c1-fc61-49c1-a55f-207099b702e7,,"This refreshing cannabis-infused lemonade from Almora Farm blends bright pomegranate and berry flavors with delicate floral and citrus notes from the hybrid Pomberry x Whitethorn Rose strain. With 100mg THC in a 12oz beverage, this fast-acting drink delivers relaxing, uplifting, and euphoric effects perfect for social occasions or unwinding. Made with live resin and nano-emulsification technology for quick onset, you can control your experience by adjusting your dosage throughout the day or evening."
0195b6a7-0053-745b-94eb-92a1e76ca6ee,ALMORA FARM,LIVE RESIN LEMONADE 12FLOZ [100MG] OG LEMONADE - 100 MG,BEVERAGE,100MG,HYBRID,0.03%,,12.05,,False,almora-farm-almora-farm-live-resin-lemonade-12floz-100mg-og-lemonade,https://d1hhy58mqsa6c3.cloudfront.net/916928a7-444e-4ad3-bfd0-b799e8385e4d/f6054b30-6ce9-439e-8c90-f656bf3848e0,,"This high-dose cannabis beverage from Almora Farm packs 100mg of live resin THC into a refreshing 12oz OG Lemonade with bright citrus flavors and naturally uplifting, relaxing hybrid effects. Crafted with real lemon juice and California sun-grown flower, this potent drink offers a clean, naturally sweetened alternative to traditional edibles for experienced cannabis users seeking long-lasting relief."
01951af3-ffd3-7057-9d12-dc8169ac06d8,ALMORA FARM,LIVE RESIN LEMONADE 12FLOZ [100MG] STRAWBERRY LEMONADE,BEVERAGE,100MG,HYBRID,0.03%,,12.05,,False,almora-farm-almora-farm-live-resin-lemonade-12floz-100mg-strawberry-lemonade,https://d14jfwlo68bhyr.cloudfront.net/fcpdsvvFSG.webp,,"This refreshing cannabis beverage combines Almora Farm's live resin extraction with the bright, fruity flavors of Strawberry Lemonade hybrid strain. Each 12oz bottle contains 100mg THC divided into 10mg doses, delivering balanced hybrid effects that work well for social occasions or creative activities. The live resin process preserves the strain's natural terpenes, creating a flavorful lemonade experience with the versatile, mood-lifting qualities Strawberry Lemonade is known for."
019d2b15-61f0-7e2b-87cd-2603b21e569f,ALMORA FARM,THC PREBIOTIC SODA 12FLOZ [100MG] ROOT BEER - 100 MG,BEVERAGE,100MG,HYBRID,0.03%,,12.05,,False,almora-farm-almora-farm-thc-prebiotic-soda-12floz-100mg-root-beer,https://d14jfwlo68bhyr.cloudfront.net/products/1774592216203-a17ed5ee-57d3-46e3-b020-57091d6a95cc.webp,,"""A SODA SHOP CLASSIC, REBUILT FOR THE CLEAN CALIFORNIA PALATE. ALMORA ROOT BEER SODA SERVES UP CREAMY SPICE AND NOSTALGIC FIZZ WITH LOW SUGAR, PREBIOTIC FIBER, AND ZERO ARTIFICIAL FLAVORS, COLORS OR SWEETENERS. EVERY SIP IS BRIGHT, SMOOTH, AND FULL OF REAL FLAVOR. INFUSED WITH LIVE RESIN AND 100MG OF THC FOR AN EXPERIENCE THAT FEELS AS GOOD AS IT TASTES.  THIS STATEMENT HAS NOT BEEN EVALUATED BY THE FOOD AND DRUG ADMINISTRATION. THIS PRODUCT IS NOT INTENDED TO DIAGNOSE, TREAT, CURE, OR PREVENT ANY DISEASE."""
019d2b14-02d6-7815-a116-c0060ead7179,ALMORA FARM,THC PREBIOTIC SODA 12FLOZ [100MG] STRAWBERRY LEMON - 100 MG,BEVERAGE,100MG,HYBRID,0.03%,,12.05,,False,almora-farm-almora-farm-thc-prebiotic-soda-12floz-100mg-strawberry-lemon,https://d14jfwlo68bhyr.cloudfront.net/products/1774593704038-5c74fc67-b60a-4d33-abd2-795c1f6b8cbb.webp,,"""A BRIGHT CALIFORNIA REFRESHER, REBUILT FOR THE CLEAN PALATE. ALMORA STRAWBERRY LEMON SODA BLENDS THE FLAVORS OF SUN-RIPENED STRAWBERRIES WITH A CRISP SQUEEZE OF REAL LEMON JUICE, ALL WITH LOW SUGAR, PREBIOTIC FIBER, AND ZERO ARTIFICIAL SWEETENERS, COLORS OR FLAVORS. EVERY SIP IS VIBRANT, REFRESHING, AND FULL OF REAL FLAVOR. INFUSED WITH LIVE RESIN AND 100MG OF THC FOR AN EXPERIENCE THAT FEELS AS GOOD AS IT TASTES.  THIS STATEMENT HAS NOT BEEN EVALUATED BY THE FOOD AND DRUG ADMINISTRATION. THIS PRODUCT IS NOT INTENDED TO DIAGNOSE, TREAT, CURE, OR PREVENT ANY DISEASE."""
019fca08-4be0-7991-bb38-86dc93eb3f33,MOLLI,SPARKLING SELTZER 12FLOZ [10MG] CHERRY LEMON - 10 MG,BEVERAGE,10MG,,0.00%,,5.05,,False,molli-molli-sparkling-seltzer-12floz-10mg-cherry-lemon,https://d14jfwlo68bhyr.cloudfront.net/products/1786470240475-ba268314-7f41-4a02-9cce-118833191f95.webp,,"Bright sun-ripened cherry meets zesty lemon in this 10mg cannabis beverage from MOLLI — a light, sparkling seltzer made with organic fruit juices and ECCO Certified cannabis for consistent, accurately dosed THC per can. Expect a fast-acting onset in 15–20 minutes with an uplifting, social buzz that's easy to pace and easy to enjoy. Crack one cold whenever you want a clean, refreshing alternative to alcohol that actually delivers."
019fca08-ad33-7e96-9045-b9a8e7366361,MOLLI,SPARKLING SELTZER 12FLOZ [10MG] PINEAPPLE MANGO - 10 MG,BEVERAGE,10MG,,0.00%,,5.05,,False,molli-molli-sparkling-seltzer-12floz-10mg-pineapple-mango,https://d14jfwlo68bhyr.cloudfront.net/products/1787586324052-df956d88-ffa9-450c-852f-34665f700386.webp,,"Molli's Pineapple Mango Sparkling Seltzer is a 10mg cannabis beverage built for social sipping — sun-ripe mango and tangy pineapple flavors ride a light, clean fizz with a fast-acting onset of 15–20 minutes. Made with organic fruit juice and ECCO Certified cannabis for accurate, consistent THC dosing in every 12-oz can. A smooth, sessionable option for anyone looking for a refreshing alternative to smoking at the dispensary."
019fca06-8176-727b-bb76-540396fd1276,MOLLI,SPARKLING SELTZER 12FLOZ [3MG] CHERRY LEMON - 3 MG,BEVERAGE,3MG,,0.00%,,4.05,,False,molli-molli-sparkling-seltzer-12floz-3mg-cherry-lemon,https://d14jfwlo68bhyr.cloudfront.net/products/1786470286315-9a6a3eb7-09d1-4f1c-93ac-f995a22e9493.webp,,"Molli's Cherry Lemon cannabis beverage delivers sun-ripened cherry sweetness and bright citrus lemon in a lightly sparkling 12-oz can with 3mg of ECCO Certified THC — a low-dose, sessionable option perfect for social settings or unwinding without overdoing it. Effects kick in within 15–20 minutes, making it one of the more predictable cannabis drinks you'll find at the dispensary. Real organic fruit juice, clean ingredients, and accurate potency in every can."
019fca07-de25-7379-8f5b-a341498af5d8,MOLLI,SPARKLING SELTZER 12FLOZ [3MG] PINEAPPLE MANGO - 3 MG,BEVERAGE,3MG,,0.00%,,4.05,,False,molli-molli-sparkling-seltzer-12floz-3mg-pineapple-mango,https://d14jfwlo68bhyr.cloudfront.net/products/1786470333446-a3f12e4a-36d7-4a64-b63a-1f5c234e06ff.webp,,"Bright mango and tangy pineapple flavors come together in this 3mg cannabis beverage from MOLLI — a lightly sparkling, organic fruit seltzer built for easy social sipping. With a fast-acting 15–20 minute onset and ECCO Certified accurate THC dosing, you know exactly what you're getting in every 12 oz can. A great low-dose option for those who want a refreshing cannabis drink without the guesswork."
01951af4-1517-78f9-bccd-f7005cbcd269,NOT YOUR FATHER'S,SODA 16FLOZ [100MG] ALPINE SPLASH + CAFFEINE,BEVERAGE,100MG,SATIVA,0.02%,,10.05,,False,not-your-fathers-not-your-fathers-soda-16floz-100mg-alpine-splash-caffeine,https://d14jfwlo68bhyr.cloudfront.net/5Zw1AMKLtp.webp,,"Enjoy a refreshing boost with this Alpine Splash soda infused with 100mg of sativa-dominant cannabis extract and a touch of caffeine. The bright, citrusy flavor and energizing effects make this the perfect pick-me-up for daytime activities or social gatherings."
019a0006-7434-7d15-a491-d3e8c31c4c95,NOT YOUR FATHER'S,SODA 16FLOZ [100MG] FRUIT PUNCH CBG - 100 MG,BEVERAGE,100MG,HYBRID,0.02%,,10.05,,False,not-your-fathers-not-your-fathers-soda-16floz-100mg-fruit-punch-cbg,https://d14jfwlo68bhyr.cloudfront.net/banners/1774375499402-a31cbf65-32de-4f84-b5c7-ee8ae8252313.webp,,"Enjoy a refreshing and uplifting cannabis-infused soda with this Fruit Punch CBG beverage from Not Your Father's. This 16oz hybrid drink delivers a smooth 100mg dose of CBG for a balanced experience that's perfect for daytime relaxation or social gatherings. The fruity, punchy flavor profile makes it a delightful alternative to traditional cannabis products."
01971285-0c0b-7707-84d1-62596367856d,NOT YOUR FATHER'S,SODA 16FLOZ [100MG] ORANGE CREAM + CBD - 100 MG,BEVERAGE,100MG,HYBRID,0.02%,0.01%,10.05,,False,not-your-fathers-not-your-fathers-soda-16floz-100mg-orange-cream-cbd,https://d1hhy58mqsa6c3.cloudfront.net/916928a7-444e-4ad3-bfd0-b799e8385e4d/fdd680a7-348b-4a7d-9fad-16b15abb1a4d,,"Enjoy a refreshing 16 oz cannabis-infused soda with a delightful orange cream flavor. This hybrid beverage delivers a balanced experience with 100mg of full-spectrum CBD and THC. Perfect for unwinding or socializing, this carbonated treat offers a smooth, uplifting buzz."
01951af3-f606-7a72-9ccd-920f65f5ed81,PABST BLUE RIBBON,HIGH SELTZER 12FLOZ 4PK [40MG] 10:3:2 THC:CBN:CBD MIDNIGHT BERRIES,BEVERAGE,40MG,INDICA,0.00%,0.00%,20.05,,False,pabst-blue-ribbon-pabst-blue-ribbon-high-seltzer-12floz-4pk-40mg-1032-thccbncbd-midnight-berries,https://d14jfwlo68bhyr.cloudfront.net/tYNbQ5dFaN.webp,,"This cannabis-infused seltzer delivers 10mg THC per can with added CBN for relaxation and CBD for balance, creating a perfectly crafted midnight berry flavor experience. The unique 10:3:2 ratio provides gentle euphoria with calming effects, making it ideal for evening wind-down sessions. Each 4-pack contains 12 fl oz cans that offer a refreshing alternative to traditional cannabis beverages from the dispensary."
01951af3-f610-7b50-ace4-fddf5b622ca1,PABST BLUE RIBBON,HIGH SELTZER 12FLOZ 4PK [60MG] 2:1 THC:THCV DAYTIME GUAVA,BEVERAGE,40MG,SATIVA,0.00%,,20.05,,False,pabst-blue-ribbon-pabst-blue-ribbon-high-seltzer-12floz-4pk-60mg-21-thcthcv-daytime-guava,https://d14jfwlo68bhyr.cloudfront.net/sIUPIJhIQ7.webp,,"This Pabst Blue Ribbon High Seltzer delivers 60mg of cannabis in a refreshing guava-flavored beverage with a unique 2:1 THC:THCV ratio designed for daytime use. The sativa-leaning formula with THCV provides an energizing, clear-headed buzz perfect for staying active and focused throughout your day. Each 4-pack contains 15mg per can, making it easy to dose and enjoy this crisp cannabis seltzer at your own pace."
01951af3-f624-783e-979e-8fa95d9fa1f5,PABST BLUE RIBBON,HIGH SELTZER 12FLOZ [15MG] DAYTIME GUAVA,BEVERAGE,15MG,SATIVA,0.00%,,5.05,,False,pabst-blue-ribbon-pabst-blue-ribbon-high-seltzer-12floz-15mg-daytime-guava,https://d14jfwlo68bhyr.cloudfront.net/jQCRZ7oisp.webp,,"This refreshing cannabis-infused seltzer delivers a bright, citrusy guava flavor with an uplifting sativa-dominant effect. Take this lightly carbonated beverage during the day to enjoy a subtle 15mg THC buzz that won't weigh you down."
01951af3-f625-750a-977f-2611cf90ff7a,PABST BLUE RIBBON,HIGH SELTZER 12FLOZ [15MG] MIDNIGHT BERRIES,BEVERAGE,15MG,HYBRID,0.00%,0.00%,5.05,,False,pabst-blue-ribbon-pabst-blue-ribbon-high-seltzer-12floz-15mg-midnight-berries,https://d14jfwlo68bhyr.cloudfront.net/banners/1773491381873-562ae165-e587-4403-808f-661480a2cc4f.webp,,"This refreshing cannabis beverage combines 15mg THC with 2mg CBD in a crisp, berry-flavored seltzer that delivers balanced hybrid effects perfect for social occasions or unwinding after a long day. The Midnight Berries strain provides a smooth, mellow experience that won't leave you couch-locked, making this Pabst Blue Ribbon cannabis seltzer ideal for both newcomers and seasoned consumers looking for a lighter, more controlled high."
019be760-9872-73aa-b4be-84a34b18ea9a,PABST BLUE RIBBON,INFUSED HIGH SODA 12FLOZ [25G] MANGO COCONUT - 25 MG,BEVERAGE,25MG,HYBRID,0.01%,,6.05,,False,pabst-blue-ribbon-pabst-blue-ribbon-infused-high-soda-12floz-25g-mango-coconut,https://d14jfwlo68bhyr.cloudfront.net/banners/1773491412598-351edf9a-8d0a-41b6-8bc8-041ae6ee094a.webp,,"This 12-ounce cannabis-infused soda from Pabst Blue Ribbon delivers 25mg of THC in a refreshing mango coconut flavor profile. The hybrid beverage offers a convenient and discreet way to enjoy cannabis with tropical fruit notes and a smooth, effervescent finish. Perfect for social occasions or relaxing at home when you want a tasty alternative to traditional edibles."
019dc0f0-9912-75ec-aeb7-73b90db7a9b2,ST IDES,HIGH TEA 12FLOZ [100MG] 5:1 THC:CBG LUCKY LEMON - 100 MG,BEVERAGE,100MG,HYBRID,0.03%,,8.05,,False,st-ides-st-ides-high-tea-12floz-100mg-51-thccbg-lucky-lemon,https://d14jfwlo68bhyr.cloudfront.net/products/1779313882280-c4315abc-dd38-4b16-a375-631268cb51ac.webp,,This hybrid cannabis tea from ST IDES delivers 100mg THC in a refreshing 12oz Lucky Lemon beverage with a unique 5:1 THC to CBG ratio for balanced effects. The citrusy lemon flavor makes this cannabis-infused tea perfect for a mellow daytime experience or social gathering. Sip slowly and wait for onset — this potent beverage offers long-lasting relaxation with the added benefits of CBG's calming properties.
019dc0f1-1e4f-73aa-9066-171b32e4d801,ST IDES,HIGH TEA 12FLOZ [100MG] 5:1 THC:CBN NIGHTTIME BERRY HIBISCUS - 100 MG,BEVERAGE,100MG,INDICA,0.03%,,8.05,,False,st-ides-st-ides-high-tea-12floz-100mg-51-thccbn-nighttime-berry-hibiscus,https://d14jfwlo68bhyr.cloudfront.net/products/1779313917239-ee67a9e5-04e8-41be-931e-b9f7c1e9324b.webp,,"This cannabis tea beverage combines 100mg THC with CBN in a 5:1 ratio, delivering berry hibiscus flavor designed for nighttime relaxation. The hybrid formula promotes restful sleep while the fruity taste makes it an enjoyable alternative to traditional edibles. Perfect for unwinding after a long day when you want the calming effects of cannabis without smoking."
01951af3-f634-74cf-860a-0dd5c62565a4,ST IDES,HIGH TEA 12FLOZ [100MG] FRUIT PUNCH,BEVERAGE,100MG,HYBRID,0.03%,,8.05,,False,st-ides-st-ides-high-tea-12floz-100mg-fruit-punch,https://d14jfwlo68bhyr.cloudfront.net/Ml1aHGaRmu.webp,,"This refreshing cannabis-infused tea beverage delivers 100mg of THC in a convenient 12-ounce bottle with tropical fruit punch flavor. The hybrid Fruit Punch strain provides a balanced experience that's perfect for social occasions or unwinding after a long day. Sip slowly and enjoy the smooth, fruity taste while you wait for the relaxing effects to take hold."
01951af3-f636-7c18-bae6-6fb73ea7f1cf,ST IDES,HIGH TEA 12FLOZ [100MG] GEORGIA PEACH,BEVERAGE,100MG,HYBRID,0.03%,,8.05,,False,st-ides-st-ides-high-tea-12floz-100mg-georgia-peach,https://d14jfwlo68bhyr.cloudfront.net/V8xgtLxiFW.webp,,"This refreshing cannabis tea beverage delivers 100mg of THC from the Georgia Peach hybrid strain in a convenient 12oz bottle. Expect balanced hybrid effects with a smooth, peachy flavor that makes dosing easy at 10mg per serving. Perfect for a relaxed afternoon or evening when you want controlled, long-lasting effects from a delicious cannabis-infused tea."
01951af3-f63a-7155-bc92-b45380a404d6,ST IDES,HIGH TEA 12FLOZ [100MG] MAUI MANGO,BEVERAGE,100MG,HYBRID,0.03%,,8.05,,False,st-ides-st-ides-high-tea-12floz-100mg-maui-mango,https://d14jfwlo68bhyr.cloudfront.net/banners/1772639092952-4817ff3b-8120-42b8-8b68-bbc4a5be88a0.webp,,"This hybrid cannabis tea beverage delivers 100mg of THC in a refreshing 12oz Maui Mango flavor, offering balanced effects that blend relaxation with gentle uplift. With 10mg per serving, you can easily control your dosage whether you're unwinding after work or socializing with friends. The tropical mango taste makes this THC tea a delicious alternative to traditional edibles."
0197f56b-a783-7340-ae16-fa517b488e00,ST IDES,HIGH TEA 12FLOZ [100MG] PEAR LYCHEE TEA - 100 MG,BEVERAGE,100MG,HYBRID,0.03%,,8.05,,False,st-ides-st-ides-high-tea-12floz-100mg-pear-lychee-tea,https://d1hhy58mqsa6c3.cloudfront.net/916928a7-444e-4ad3-bfd0-b799e8385e4d/e4ca7901-9b8a-4b75-8c31-46499b7866a1,,"Enjoy a delightfully refreshing pear and lychee-flavored cannabis-infused tea. This hybrid beverage delivers a balanced, uplifting experience with 100mg of THC. Sip and savor the smooth, fruity taste."
01951af3-f63b-7a18-9da0-4e248c555d1c,ST IDES,HIGH TEA 12FLOZ [100MG] WILD RASPBERRY,BEVERAGE,100MG,HYBRID,0.03%,,8.05,,False,st-ides-st-ides-high-tea-12floz-100mg-wild-raspberry,https://d14jfwlo68bhyr.cloudfront.net/twO0DWd7Gl.webp,,This refreshing cannabis-infused tea beverage combines 100mg of THC with wild raspberry flavor for a delicious and discreet way to enjoy cannabis. The hybrid strain delivers balanced effects that work well for both daytime relaxation and social settings. Perfect for those seeking a flavorful alternative to traditional edibles with precise dosing in a convenient 12oz bottle.
0199820c-45d3-7b3a-a97e-2ac9f405badc,ST IDES,SHOT 4FLOZ [100MG] 5:1 THC:CBC WATERMELON - 100 MG,BEVERAGE,100MG,HYBRID,0.09%,0.00%,8.05,,False,st-ides-st-ides-shot-4floz-100mg-51-thccbc-watermelon,https://d14jfwlo68bhyr.cloudfront.net/products/1775226449460-ff492c32-c84b-4dfb-8036-5aea8e31ba2b.webp,,"This 4-ounce hybrid cannabis beverage delivers a balanced 5:1 THC to CBC experience with a refreshing watermelon flavor. Sip this 100mg shot for a smooth, relaxing buzz that's perfect for daytime use or social occasions."
01951af4-1493-7f9f-8015-c795d3831dad,ST IDES,SHOT 4FLOZ [100MG] BLUE RAZZ,BEVERAGE,100MG,HYBRID,0.09%,0.00%,8.05,,False,st-ides-st-ides-shot-4floz-100mg-blue-razz,https://d14jfwlo68bhyr.cloudfront.net/oMniqwUwo7.webp,,"This 100mg cannabis-infused Blue Razz shot delivers a balanced hybrid experience. Enjoy a smooth, sweet-tart flavor with a potent full-spectrum cannabis effect that's great for relaxation or social occasions."
01951af4-1494-7246-8238-6f9a68aacd8c,ST IDES,SHOT 4FLOZ [100MG] ENERGY BLAST - 100 MG,BEVERAGE,100MG,HYBRID,0.09%,0.00%,8.05,,False,st-ides-st-ides-shot-4floz-100mg-energy-blast,https://d14jfwlo68bhyr.cloudfront.net/nAfr5le67o.webp,,"This powerful 4 fl oz energy shot delivers a balanced, uplifting buzz to help you power through your day. The hybrid cannabis-infused formula combines 100 mg of THC with natural caffeine and botanical extracts for a smooth, energizing experience. Enjoy the bright, citrusy flavor as you feel your focus and motivation soar."
0197a85a-94fc-7e21-9009-05123b47ca7c,ST IDES,SHOT 4FLOZ [100MG] SNOOZE BERRIES - 100 MG,BEVERAGE,100MG,INDICA,0.09%,0.00%,8.05,,False,st-ides-st-ides-shot-4floz-100mg-snooze-berries,https://d1hhy58mqsa6c3.cloudfront.net/916928a7-444e-4ad3-bfd0-b799e8385e4d/ede02e30-c207-4bd0-9917-88ad2874a16a,,"This 100mg cannabis-infused beverage delivers a relaxing hybrid effect with a sweet, berry-forward flavor. Enjoy this pre-dosed shot for a convenient, discreet way to unwind any time of day."
01951af4-1494-73cb-86bb-c211c480475f,ST IDES,SHOT 4FLOZ [100MG] STRAWBERRY LEMONADE,BEVERAGE,100MG,HYBRID,0.09%,0.00%,8.05,,False,st-ides-st-ides-shot-4floz-100mg-strawberry-lemonade,https://d14jfwlo68bhyr.cloudfront.net/MbHbZbNGB5.webp,,"Enjoy a quick and convenient 100mg cannabis-infused shot with a refreshing strawberry lemonade flavor. This hybrid formula provides a balanced, full-spectrum experience to elevate your day or night. Sip and savor the bright citrus notes and smooth, easy-drinking texture."
01961b4c-2451-7305-8b01-6fe7069f0738,UNCLE ARNIE'S,BEVERAGE 12FLOZ [100MG] CHERRY LIMEADE - 100 MG,BEVERAGE,100MG,HYBRID,0.03%,,7.05,,False,uncle-arnies-uncle-arnies-beverage-12floz-100mg-cherry-limeade,https://d14jfwlo68bhyr.cloudfront.net/banners/1762282621256-b57c5cab-41ad-4f18-b7c8-c5b54bf5399f.webp,,"In the mood for something easy-peezy? Uncle Arnies Cherry Limeade is a classic drink containing 100mg of THC. The flavor hits with tart Morello cherry on the front end and a hint of sweet lime. Thanks to infused Nanomolecular technology, a smooth high takes about 20 minutes to take effect."
01961b4d-46bc-7271-8102-c30cc9925164,UNCLE ARNIE'S,BEVERAGE 12FLOZ [100MG] ORANGE SODA - 100 MG,BEVERAGE,100MG,HYBRID,0.03%,,7.05,,False,uncle-arnies-uncle-arnies-beverage-12floz-100mg-orange-soda,https://d14jfwlo68bhyr.cloudfront.net/banners/1762282742195-0518bce9-df03-45a9-a61a-89545e55fb4d.webp,,Knock knock. Who's there? Uncle Arnie's 100mg Orange Soda Pop! Let the fizzy orange sweetness awaken your day and brighten your mood like a kiss of sunshine. Orange you glad we didn't say seltzer?
019b04e8-2eae-7b5e-b1e5-86db306f3e68,UNCLE ARNIE'S,BEVERAGE 12FLOZ [100MG] SMACKING APPLE - 100 MG,BEVERAGE,100MG,HYBRID,0.03%,,7.05,,False,uncle-arnies-uncle-arnies-beverage-12floz-100mg-smacking-apple,https://d14jfwlo68bhyr.cloudfront.net/banners/1770210377235-967c16e4-c3ee-4e8f-81d5-2f22002e5013.webp,,"This Uncle Arnie's hybrid cannabis beverage delivers 100mg THC in a crisp, refreshing apple soda that's perfect for sharing or dosing throughout the day. The Smacking Apple flavor offers a sweet, tangy apple taste with a smooth finish, making it an ideal alternative to traditional edibles. Expect balanced hybrid effects that provide both relaxation and gentle euphoria, with onset typically beginning within 30-90 minutes."
01961b4d-be2c-7caa-831d-f4e36fcb5e21,UNCLE ARNIE'S,BEVERAGE 12FLOZ [100MG] STRAWBERRY SODA - 100 MG,BEVERAGE,100MG,HYBRID,0.03%,,7.05,,False,uncle-arnies-uncle-arnies-beverage-12floz-100mg-strawberry-soda,https://d14jfwlo68bhyr.cloudfront.net/banners/1762282816313-7b4962ab-b249-43a2-9253-4a414e25f4d3.webp,,"Fresh from the strawberry fields forever, this sweet, tart strawberry 100mg soda is ripe with fizz and flavor, and bursting with berrylicious fun! Crack it open and let the berry bubbles take you on a fruity journey of your berry own. All that's missing is the shortcake!"
0198c8b4-aa02-7b96-a48b-5db924effc42,UNCLE ARNIE'S,BEVERAGE 12FLOZ [100MG] SWEET PEACH ICED TEA - 100 MG,BEVERAGE,100MG,HYBRID,0.03%,,7.05,,False,uncle-arnies-uncle-arnies-beverage-12floz-100mg-sweet-peach-iced-tea,https://d14jfwlo68bhyr.cloudfront.net/banners/1762282903998-3b1e8be9-a9b9-4286-8e41-03abbff465e7.webp,,"Sweet Peaches! Another amazing Iced Tea from Uncle Arnies. We combined 100mg of THC and a truck of southern peach magic. The result? A peachy buzz worth crooning about. Wait, do people still croon?"
019c4e54-d516-7917-9c4e-7bd755c0030e,UNCLE ARNIE'S,BEVERAGE 12FLOZ [100MG] WATERMELON WAVE - 100 MG,BEVERAGE,100MG,HYBRID,0.03%,,7.05,,False,uncle-arnies-uncle-arnies-beverage-12floz-100mg-watermelon-wave,https://d14jfwlo68bhyr.cloudfront.net/banners/1773422748834-fc41c8e8-ab53-4465-a6f6-486d39a18274.webp,,"This Uncle Arnie's cannabis beverage delivers 100mg of THC in a refreshing 12oz watermelon-flavored drink that offers balanced hybrid effects. The Watermelon Wave strain provides a smooth, flavorful experience perfect for social occasions or unwinding after a long day. Sip slowly and enjoy the gradual onset of this potent cannabis juice that combines great taste with reliable dosing."
01951af3-d8af-77ea-ad42-21fa44389703,UNCLE ARNIE'S,BEVERAGE 7.5FLOZ [10MG] CHERRY LIMEADE,BEVERAGE,10MG,HYBRID,0.00%,,5.05,VALUE MENU - 30% OFF,True,uncle-arnies-uncle-arnies-beverage-7-5floz-10mg-cherry-limeade,https://d14jfwlo68bhyr.cloudfront.net/N8j5wRzd4o.webp,,"This Uncle Arnie's hybrid cannabis beverage delivers 10mg of THC in a refreshing 7.5oz cherry limeade that combines tart Morello cherry with sweet lime flavors. The nanomolecular infusion technology ensures fast-acting effects within 20 minutes, making it perfect for social occasions or when you want a predictable, smooth cannabis experience."
01951af3-d8b0-7b51-b486-79aea54dbfc4,UNCLE ARNIE'S,BEVERAGE 7.5FLOZ [10MG] ICED TEA LEMONADE,BEVERAGE,10MG,HYBRID,0.00%,,5.05,VALUE MENU - 30% OFF,True,uncle-arnies-uncle-arnies-beverage-7-5floz-10mg-iced-tea-lemonade,https://d14jfwlo68bhyr.cloudfront.net/gXHtoZ9v2q.webp,,"This refreshing cannabis beverage combines classic iced tea and lemonade flavors with 10mg THC in a convenient 7.5oz can. Uncle Arnie's uses nanomolecular technology for faster onset in just 20 minutes, delivering a smooth, balanced hybrid high perfect for social occasions or hot summer days. The award-winning flavor makes this THC drink an easy, enjoyable way to dose precisely and stay refreshed."
01951af3-d8b2-7967-82b1-7a131ba1acf9,UNCLE ARNIE'S,BEVERAGE 7.5FLOZ [10MG] WATERMELON WAVE,BEVERAGE,10MG,HYBRID,0.00%,,5.05,VALUE MENU - 30% OFF,True,uncle-arnies-uncle-arnies-beverage-7-5floz-10mg-watermelon-wave,https://d14jfwlo68bhyr.cloudfront.net/9R8DRfKzY2.webp,,"Enjoy a refreshing burst of watermelon flavor with this hybrid cannabis-infused beverage. With 10mg of THC, it provides a balanced, uplifting experience perfect for any time of day. Sip and savor the sweet, juicy taste."
01951af3-d8b3-7d61-99ce-2ccb5c9dd766,UNCLE ARNIE'S,BEVERAGE 7.5FLOZ [10MG] ZEN GREEN TEA ZERO SUGAR,BEVERAGE,10MG,HYBRID,0.00%,,5.05,VALUE MENU - 30% OFF,True,uncle-arnies-uncle-arnies-beverage-7-5floz-10mg-zen-green-tea-zero-sugar,https://d14jfwlo68bhyr.cloudfront.net/ZJQFJf4M68.webp,,"This Uncle Arnie's cannabis-infused green tea beverage delivers 10mg of THC in a refreshing, zero-sugar formula perfect for a balanced hybrid experience. The 7.5 fl oz drink offers smooth, mellow effects that work well for daytime relaxation or social settings without overwhelming intensity. Ideal for cannabis newcomers or anyone seeking a discreet, flavorful alternative to traditional edibles."
0195299c-e02b-79ac-9919-b26ceef9146a,UNCLE ARNIE'S,LIVE RESIN BEVERAGE 8FLOZ [100MG] BLACKBERRY LEMONADE - 100 MG,BEVERAGE,100MG,HYBRID,0.04%,,12.05,,False,uncle-arnies-uncle-arnies-live-resin-beverage-8floz-100mg-blackberry-lemonade,https://d14jfwlo68bhyr.cloudfront.net/banners/1770210502213-0fd5bc5d-241a-4dfe-bbf5-c66c5856efc3.webp,,"When life gives you lemons, make lemonade. When life gives you blackberries and lemons?! Well, you must be highly favored by the beverage gods, my friends. Enjoy our new blackberry lemonade, and savor your good standing."
0195299f-970d-7394-9118-325619805817,UNCLE ARNIE'S,LIVE RESIN BEVERAGE 8FLOZ [100MG] PACIFIC SURGE - 100 MG,BEVERAGE,100MG,HYBRID,0.04%,,12.05,,False,uncle-arnies-uncle-arnies-live-resin-beverage-8floz-100mg-pacific-surge,https://d14jfwlo68bhyr.cloudfront.net/banners/1762283358930-0b88c580-ea3c-4176-be17-c6f86250cfca.webp,,"Hey man. There is a tropical lime storm on the horizon, heading in from the Pacific coast. Head for higher ground, or join Arnie and ride out the citrus waves, letting the surge crash over you. Either way, drinking a storm has never been more fun."
019529a0-4dd7-71f0-b1f7-f2baaf668a44,UNCLE ARNIE'S,LIVE RESIN BEVERAGE 8FLOZ [100MG] RASPBERRY LEMONADE - 100 MG,BEVERAGE,100MG,HYBRID,0.04%,,12.05,,False,uncle-arnies-uncle-arnies-live-resin-beverage-8floz-100mg-raspberry-lemonade,https://d14jfwlo68bhyr.cloudfront.net/banners/1762283326085-246d0e58-a083-411f-b048-dae54bb74b83.webp,,"Behold! Arnie has some new tricks up his sleeve. Prepare to be razzle dazzled, with our showstopper: Raspberry Lemonade. It's tart, it's sweet, it's a good time."
01965542-b62e-77b2-8b33-fd8a4bb71308,UNCLE ARNIE'S,LIVE RESIN BEVERAGE 8FLOZ [100MG] TROPICAL TWIST - 100 MG,BEVERAGE,100MG,HYBRID,0.04%,,12.05,,False,uncle-arnies-uncle-arnies-live-resin-beverage-8floz-100mg-tropical-twist,https://d14jfwlo68bhyr.cloudfront.net/banners/1762283419902-0b487bda-d3b8-4837-afa3-2eaa5a5fcb9d.webp,,"'Pardon me, do you have any Tropical Twist?' This is no ordinary tropical punch. It's exotic, for a refined palate. With a kiss of papaya and a gentle lime breeze. If you are tired of the basic, let yourself become accustomed to the finer things in tropical flavored beverages."
01951af4-148a-7574-bd8e-41934a439e89,UNCLE ARNIE'S,SHOT 2FLOZ [100MG] 4:1 THC:CBN BLUEBERRY NIGHT CAP,BEVERAGE,100MG,INDICA,0.17%,,8.05,,False,uncle-arnies-uncle-arnies-shot-2floz-100mg-41-thccbn-blueberry-night-cap,https://d14jfwlo68bhyr.cloudfront.net/banners/1762283487508-0e284c19-c4c6-4b8a-8ee0-51b94291b800.webp,,"Knock out with the travel sized Uncle Arnie's 100mg THC Blueberry Night Cap Shot. This two ounce shot is infused with 25mg of CBN, a cannabinoid known to help you wind down. Feel relaxed knowing you have a nightcap waiting for you after a long day at work. Just like the classic 8 ounce drinks, these are infused with nano-emulsion technology. You can control your high or get as lit as you want by using"
01951af4-148d-74e2-aa16-8965b57efb74,UNCLE ARNIE'S,SHOT 2FLOZ [100MG] KIWI STRAWBERRY,BEVERAGE,100MG,HYBRID,0.17%,0.00%,8.05,,False,uncle-arnies-uncle-arnies-shot-2floz-100mg-kiwi-strawberry,https://d14jfwlo68bhyr.cloudfront.net/PSr6QUcdIV.webp,,Enjoy a refreshing 2oz shot infused with 100mg of full-spectrum cannabis. This hybrid formula blends the sweet flavors of kiwi and strawberry for a delightfully fruity experience. Perfect for relaxation or a boost of creativity.
01951af4-148d-7493-97ce-e68458f50083,UNCLE ARNIE'S,SHOT 2FLOZ [100MG] MAGIC MANGO,BEVERAGE,100MG,HYBRID,0.17%,,8.05,,False,uncle-arnies-uncle-arnies-shot-2floz-100mg-magic-mango,https://d14jfwlo68bhyr.cloudfront.net/OrlNmbMn9j.webp,,"This pocket-sized Uncle Arnie's Magic Mango shot packs 100mg THC into a convenient 2-ounce cannabis beverage, featuring nano-emulsion technology for faster onset in 20-40 minutes. The hybrid shot offers 10 doses at 10mg each, letting you control your experience from a mellow buzz to full effects. Perfect for on-the-go cannabis consumption when you want portable, potent THC in a tropical mango flavor."
01951af4-148e-7d4a-96f3-c2563ab0fa63,UNCLE ARNIE'S,SHOT 2FLOZ [100MG] SUNRISE ORANGE WITH CAFFEINE,BEVERAGE,100MG,SATIVA,0.15%,0.00%,8.05,,False,uncle-arnies-uncle-arnies-shot-2floz-100mg-sunrise-orange-with-caffeine,https://d14jfwlo68bhyr.cloudfront.net/dsZiCdhhB0.webp,,"This energizing cannabis shot combines 100mg THC with caffeine for the perfect daytime boost. Uncle Arnie's sativa-leaning beverage delivers bright citrus orange flavor in a convenient 2oz format, offering uplifting effects ideal for social activities or creative projects. Each shot provides 10 doses at 10mg THC each, making it easy to find your perfect level of cannabis-enhanced energy."
01959006-e1ce-76c6-a67a-1b427ec888df,710LABS,LIVE ROSIN READY TO USE VAPORIZER [1G] GARLIC COCKTAIL #7 - 1 G,CARTRIDGE,1G,HYBRID,77.89%,,70.05,,False,710labs-live-rosin-ready-to-use-vaporizer-1g-garlic-cocktail-7-1-g,https://d1hhy58mqsa6c3.cloudfront.net/916928a7-444e-4ad3-bfd0-b799e8385e4d/da4f53a8-e588-4f03-98e5-37cea52485ed,,"710 LABS - Garlic Cocktail #7 Live Rosin [1G] is a masterpiece of solventless extraction, offering a legendary ""savory-citrus"" profile. By crossing GMO and Mimosa, this Hybrid delivers a complex flavor of sour tangerine, savory garlic, and earthy gas. Housed in advanced metal-free ceramic hardware with a preheat function, it provides a soaring cerebral euphoria that settles into a profound, relaxing body melt—the ultimate choice for the connoisseur who wants the boldest terpenes on the market."
0196b636-7158-7090-a259-2118a1972948,710LABS,LIVE ROSIN READY TO USE VAPORIZER [1G] GMO - 1 G,CARTRIDGE,1G,HYBRID,73.98%,,70.05,,False,710labs-710labs-live-rosin-ready-to-use-vaporizer-1g-gmo,https://d1hhy58mqsa6c3.cloudfront.net/916928a7-444e-4ad3-bfd0-b799e8385e4d/2e17994e-6ad3-4893-8c34-08148feaa562,,"710 LABS - GMO Live Rosin [1G] is the ultimate solventless all-in-one vaporizer for fans of heavy-hitting, savory funk. By crossing Chemdog D and GSC, this Heavy Indica delivers an unapologetically loud profile of garlic, earthy mushrooms, and industrial fuel. Housed in advanced metal-free ceramic hardware with a preheat function to handle its thick viscosity, it provides a profound, body-melting high and intense sedation—making it the gold standard for nighttime recovery and deep relaxation."
019fa339-6b29-7d60-85f3-f1cd745b1163,710LABS,LIVE ROSIN READY TO USE VAPORIZER [1G] PAPAYA + SHERB FUMEZ #1 - 1 G,CARTRIDGE,1G,,71.46%,,70.05,,False,710labs-710labs-live-rosin-ready-to-use-vaporizer-1g-papaya-sherb-fumez-1,https://d14jfwlo68bhyr.cloudfront.net/products/1785343950023-f7b2c23f-4a5a-40c0-86a6-723924af3584.webp,,"The 710 Labs Papaya + Sherb Fumez #1 is a 1g live rosin ready-to-use vaporizer that delivers the full-spectrum, solventless quality 710 Labs is known for in a convenient all-in-one format. Expect the tropical, creamy sweetness of Papaya layered with the doughy, dessert-like funk of Sherb Fumez — a rich, flavor-forward cannabis experience straight from the source. This cartridge is a strong pick for unwinding in the evening or anytime you want potent live rosin without the setup."
0199e488-6902-7fdf-a9d7-4ccc3ef68395,ALIEN LABS,COLD CHAIN CARTRIDGE [1G] ATOMIC APPLE - 1 G,CARTRIDGE,1G,HYBRID,76.50%,0.05%,50.05,,False,alien-labs-alien-labs-cold-chain-cartridge-1g-atomic-apple,https://d1hhy58mqsa6c3.cloudfront.net/916928a7-444e-4ad3-bfd0-b799e8385e4d/435fe9a2-c3ba-4759-84d1-0c58d3d5edc6,,"The ALIEN LABS - COLD CHAIN CARTRIDGE [1G] ATOMIC APPLE is an ultra-potent vape (typically 70-85%+ THC) featuring the proprietary Hybrid strain bred from Triangle Mints x Apple Fritter, utilizing the flavor-preserving Cold Chain resin process. Celebrated for its bold, complex flavor profile of sour apple candy, vanilla cream, and pungent fuel/diesel, this cartridge is a true connoisseur's choice. The experience provides a powerful and balanced high that starts with euphoria and creative mental clarity, quickly moving to a deeply relaxing and blissful body calm, making it an exceptional choice for afternoon mood elevation, easing stress and anxiety, and achieving tranquil comfort."
0199e48a-9e94-7eca-9536-3189bdedc19e,ALIEN LABS,COLD CHAIN CARTRIDGE [1G] BK SATELLITE - 1 G,CARTRIDGE,1G,HYBRID,72.86%,0.16%,50.05,,False,alien-labs-alien-labs-cold-chain-cartridge-1g-bk-satellite,https://d1hhy58mqsa6c3.cloudfront.net/916928a7-444e-4ad3-bfd0-b799e8385e4d/2ff371cb-cd2a-452d-9370-45bd62e73296,,"The ALIEN LABS - COLD CHAIN CARTRIDGE [1G] BK SATELLITE is an ultra-potent vape product featuring a proprietary Hybrid strain (often classified as Sativa-Dominant or just Hybrid) bred from Legend of Nigeria x Milky Way (sometimes listed as Nigerian Haze x Platinum Banana). This cartridge is created using Alien Labs' Cold Chain process, a high-terpene extraction technique that blends live and cured resin to preserve the freshest, most complex flavor profile. The flavor is a unique mix of bright citrus, creamy lemon, and sweet berry top notes with a strong, pungent undercurrent of earthy pine and spicy diesel. The effects are consistently reported as a clear, energetic cerebral uplift and euphoric rush that promotes focus and creative clarity, followed by a gentle, soothing body calm, making it an excellent, functional choice for daytime activity and stress relief without heavy sedation."
019b0ea7-51d8-70ab-a423-976ad5ad9225,ALIEN LABS,COLD CHAIN CARTRIDGE [1G] XJ-13 - 1 G,CARTRIDGE,1G,HYBRID,75.89%,0.13%,50.05,,False,alien-labs-alien-labs-cold-chain-cartridge-1g-xj13,https://d14jfwlo68bhyr.cloudfront.net/banners/1766641439008-f5a03704-731d-4705-80c8-dc0828cc0681.webp,,"Alien Labs – Cold Chain Cartridge [1 g] XJ-13 is a premium 1 gram 510-thread cannabis vape cartridge from Alien Labs featuring the XJ-13 strain, a classic sativa-leaning hybrid derived from Jack Herer × G13 Haze known for its uplifting, creative, and euphoric effects with bright lemon, pine, and herbal notes in its flavor and aroma. This cartridge is part of Alien Labs’ Cold Chain formula, a craft extraction process that blends live and cured resin to preserve natural terpene and cannabinoid profiles by maintaining low temperatures through cultivation, extraction, and packaging — delivering rich, strain-true flavor and smooth, potent vapor."
019c00e5-50af-75ad-95f9-029a23ded8dd,ALIEN LABS,CURED RESIN CARTRIDGE [1G] BRAIN FREEZZE - 1 G,CARTRIDGE,1G,HYBRID,90.03%,0.22%,21.05,,False,alien-labs-alien-labs-cured-resin-cartridge-1g-brain-freezze,https://d14jfwlo68bhyr.cloudfront.net/banners/1771533770059-7cc40c90-b046-43ec-a4cc-89254c7fce07.webp,,"This Alien Labs cured resin cartridge delivers potent hybrid effects with 75% THC in a convenient 510-thread format. Brain Freezze offers a balanced cannabis experience that's perfect for both daytime focus and evening relaxation. The full gram of cured resin concentrate provides smooth, flavorful vapor with the premium quality you expect from this top-tier dispensary brand."
019b0ea6-371b-796b-8215-f96a86c747e2,ALIEN LABS,CURED RESIN CARTRIDGE [1G] KRYPTIDZ - 1 G,CARTRIDGE,1G,HYBRID,77.33%,0.15%,21.05,,False,alien-labs-alien-labs-cured-resin-cartridge-1g-kryptidz,https://d14jfwlo68bhyr.cloudfront.net/banners/1765494831228-a13f8925-e30c-41bf-a8ae-26e43a3a76f0.webp,,"The Alien Labs Cured Resin Cartridge [1G] in Kryptidz is a premium, balanced Hybrid vape extract renowned for its exotic genetics and potent, functional effects, utilizing a Cured Resin process to fully capture the strain's complete profile. This concentrate is celebrated for its highly unique and ""mythical"" flavor, which is dominated by a burst of bright, ethereal citrus notes complemented by a cooling, sharp eucalyptus or mint finish. The effects provide an immediate cerebral lift-off that promotes euphoria and creativity, balanced by a satisfyingly numbing and relaxing full-body high that keeps the user grounded yet comfortable."
019d126a-133e-7f30-95a2-5970671f1334,ALIEN LABS,CURED RESIN CARTRIDGE [1G] LEMON CHERRY GELATO - 1 G,CARTRIDGE,1G,HYBRID,71.50%,0.17%,21.05,,False,alien-labs-alien-labs-cured-resin-cartridge-1g-lemon-cherry-gelato,https://d14jfwlo68bhyr.cloudfront.net/banners/1774353641561-a816dba1-3642-4df9-901e-9d4f0281b371.webp,,"This premium Alien Labs cured resin cartridge delivers the beloved Lemon Cherry Gelato hybrid strain with an impressive 71.5% THC potency in a convenient 510-thread format. You'll experience a perfectly balanced high that combines uplifting cerebral effects with gentle body relaxation, making it ideal for any time of day. The cured resin extraction process preserves the strain's signature citrusy lemon and sweet cherry flavors for a smooth, flavorful vaping experience."
01a038c8-d5b4-7f09-9a0a-064dc052bd1a,ALMORA FARM,LIVE RESIN CARTRIDGE [1G]  CRANBERRY Z BOMB - 1 G,CARTRIDGE,1G,HYBRID,83.40%,0.06%,23.05,,False,almora-farm-almora-farm-live-resin-cartridge-1g-cranberry-z-bomb,https://d14jfwlo68bhyr.cloudfront.net/products/1787814294362-748b8061-cc19-4046-a8a1-8160754ef160.webp,,"""CRANBERRY Z BOMB [H] IS A FLAVORFUL HYBRID WITH A BOLD FRUIT-FORWARD PROFILE. THE AROMA OPENS WITH SWEET CRANBERRY AND RIPE BERRY, FOLLOWED BY BRIGHT CITRUS, CANDY, AND SUBTLE EARTHY NOTES. ON THE PALATE, IT BRINGS A COMBINATION OF TART RED FRUIT, SWEET CANDY, AND LIGHT GAS, CREATING A LAYERED PROFILE WITH A SMOOTH, LINGERING FINISH.  PHENOTYPE: HYBRID LINEAGE: CRANBERRY ZKITTLEZ × PAPAYA × THC BOMB EFFECT PROFILE: BALANCED, CALMING, UPLIFTING  THIS STATEMENT HAS NOT BEEN EVALUATED BY THE FOOD AND DRUG ADMINISTRATION. THIS PRODUCT IS NOT INTENDED TO DIAGNOSE, TREAT, CURE, OR PREVENT ANY DISEASE."""
019f1856-36a8-7600-b988-81948ebdabe8,ALMORA FARM,LIVE RESIN CARTRIDGE [1G] EGYPTIAN PAPAYA - 1 G,CARTRIDGE,1G,INDICA,84.50%,0.07%,23.05,,False,almora-farm-almora-farm-live-resin-cartridge-1g-egyptian-papaya,https://d14jfwlo68bhyr.cloudfront.net/products/1782883181926-da814ac4-ee04-47fe-84d8-96342f71b4b2.webp,,"""EGYPTIAN PAPAYA IS AN EXOTIC INDICA THAT SHOWCASES A RICH BLEND OF TROPICAL FRUIT, FERMENTED PAPAYA, AND EARTHY SPICE. THE AROMA IS LOUD AND FUNKY, COMBINING RIPE PAPAYA AND SWEET MELON WITH SUBTLE NOTES OF CITRUS RIND AND CREAMY GAS. ITS EFFECTS COME ON WITH A PEACEFUL CEREBRAL LIFT BEFORE SETTLING INTO A DEEPLY RELAXING BODY HIGH THAT EASES TENSION WITHOUT OVERWHELMING THE SENSES, MAKING IT AN EXCELLENT CHOICE FOR SLOW EVENINGS AND LAID-BACK SESSIONS.  PHENOTYPE: INDICA LINEAGE: PAPAYA × EGYPTIAN LANDRACE FLAVOR PROFILE: PAPAYA, TROPICAL, EARTHY EFFECT PROFILE: RELAXED, EUPHORIC, SLEEPY  THIS STATEMENT HAS NOT BEEN EVALUATED BY THE FOOD AND DRUG ADMINISTRATION. THIS PRODUCT IS NOT INTENDED TO DIAGNOSE, TREAT, CURE, OR PREVENT ANY DISEASE."""
019f1f22-fffe-7d0e-8712-1fbeea874d74,ALMORA FARM,LIVE RESIN CARTRIDGE [1G] MIRACLE Z - 1 G,CARTRIDGE,1G,INDICA,86.80%,0.09%,23.05,,False,almora-farm-almora-farm-live-resin-cartridge-1g-miracle-z,https://d14jfwlo68bhyr.cloudfront.net/products/1782371028174-d0b27905-a368-4a3e-ba0b-c543b37114ef.webp,,
01a007a7-dad1-71b0-8b07-4910bb48cf44,ALMORA FARM,LIVE RESIN CARTRIDGE [1G] PURPLE PUNCH - 1 G,CARTRIDGE,1G,INDICA,80.40%,0.06%,23.05,,False,almora-farm-almora-farm-live-resin-cartridge-1g-purple-punch,https://d14jfwlo68bhyr.cloudfront.net/products/1784092927560-9bf8fd67-0234-4a3d-a9dd-c6a4922813d1.webp,,
019dbb1d-fcc6-7657-bfa4-25103fcbe3d3,ALMORA FARM,LIVE RESIN CARTRIDGE [1G] SANGRIA - 1 G,CARTRIDGE,1G,SATIVA,79.50%,0.12%,23.05,,False,almora-farm-almora-farm-live-resin-cartridge-1g-sangria,https://d14jfwlo68bhyr.cloudfront.net/products/1777016838282-81938376-f79f-4986-a355-6b0946a4f65c.webp,,"""SANGRIA IS A SATIVA WITH A BRIGHT, FRUIT-FORWARD PROFILE THAT BLENDS JUICY RED BERRIES WITH CITRUS ZEST AND A SUBTLE WINE-LIKE SWEETNESS, ROUNDED OUT BY A LIGHT EARTHY UNDERTONE. THE EXPERIENCE OPENS WITH AN UPLIFTING, ENERGIZING BUZZ THAT BRINGS A CLEAR, UPBEAT HEADSPACE, MAKING IT A GREAT CHOICE FOR STAYING ACTIVE AND ENGAGED.  PHENOTYPE: SATIVA LINEAGE: UNKNOWN FLAVOR PROFILE: BERRY, CITRUS, WINE-LIKE SWEETNESS EFFECT PROFILE: UPLIFTING, ENERGETIC, FOCUSED  THIS STATEMENT HAS NOT BEEN EVALUATED BY THE FOOD AND DRUG ADMINISTRATION. THIS PRODUCT IS NOT INTENDED TO DIAGNOSE, TREAT, CURE, OR PREVENT ANY DISEASE."""
01951af3-feb6-7e3c-912d-2a1a2595690e,ALMORA FARM,LIVE RESIN CARTRIDGE [1G] STRAWNANA,CARTRIDGE,1G,HYBRID,74.90%,0.16%,23.05,,False,almora-farm-almora-farm-live-resin-cartridge-1g-strawnana,https://d14jfwlo68bhyr.cloudfront.net/banners/1763698920993-03446215-9505-4d31-8bc5-92fbd243316a.webp,,"""STRAWNANA (AKA STRAWBERRY BANANA) IS A FLAVORFUL HYBRID KNOWN FOR ITS SWEET BLEND OF RIPE STRAWBERRIES AND TROPICAL BANANA. A CROSS OF BUBBLE GUM × BANANA KUSH, IT DELIVERS A MELLOW, EUPHORIC HIGH WITH GENTLE BODY RELAXATION AND A BOOST IN CREATIVITY. IDEAL FOR LAID-BACK DAYS OR MELLOW SOCIAL SESSIONS.  PHENOTYPE: HYBRID LINEAGE: BUBBLE GUM X BANANA KUSH FLAVOR PROFILE: BERRY, BANANA, SWEET EFFECT PROFILE: MELLOW, EUPHORIC, RELAXED  THIS STATEMENT HAS NOT BEEN EVALUATED BY THE FOOD AND DRUG ADMINISTRATION. THIS PRODUCT IS NOT INTENDED TO DIAGNOSE, TREAT, CURE, OR PREVENT ANY DISEASE."""
019f5c0f-3c25-75f9-9f83-f3a48a53dc6d,ALMORA FARM,LIVE RESIN READY TO USE VAPORIZER [1G] BLUE MAGOO - 1 G,CARTRIDGE,1G,HYBRID,76.50%,0.12%,35.04,,False,almora-farm-almora-farm-live-resin-ready-to-use-vaporizer-1g-blue-magoo,https://d14jfwlo68bhyr.cloudfront.net/products/1784012628938-8f9d9dbf-012b-4401-9235-6439da322097.webp,,"""BLUE MAGOO HITS WITH A SWEET BERRY/GRAPE INHALE AND A SLIGHTLY EARTHY, PINEY FINISH. THE HIGH COMES ON SMOOTH—FIRST A LIGHT MENTAL LIFT THAT CLEARS STRESS AND SOFTENS YOUR MOOD, THEN A STEADY BODY RELAXATION THAT SETTLES IN WITHOUT FULLY KNOCKING YOU OUT. IT SITS IN THAT MIDDLE ZONE WHERE YOU FEEL GOOD, LOOSE, AND MENTALLY EASY WITHOUT LOSING FUNCTIONALITY.  PHENOTYPE: HYBRID LINEAGE: DJ SHORT BLUEBERRY × MAJOR LEAGUE BUD FLAVOR PROFILE: BERRY, GRAPE, EARTHY, PINE EFFECT PROFILE: BALANCED, RELAXED, EUPHORIC  THIS STATEMENT HAS NOT BEEN EVALUATED BY THE FOOD AND DRUG ADMINISTRATION. THIS PRODUCT IS NOT INTENDED TO DIAGNOSE, TREAT, CURE, OR PREVENT ANY DISEASE."""
01a007a7-db47-79c0-924e-d857c5e4ab13,ALMORA FARM,LIVE RESIN READY TO USE VAPORIZER [1G] RIDGELION BY RIDGELINE FARMS - 1 G,CARTRIDGE,1G,INDICA,69.80%,0.22%,35.04,,False,almora-farm-almora-farm-live-resin-ready-to-use-vaporizer-1g-ridgelion-by-ridgeline-farms,https://d14jfwlo68bhyr.cloudfront.net/products/1784525029627-6c3d9cbd-edcc-4431-bb48-508f9c0d6802.webp,,
0197460e-24a5-76c8-a5df-6c661ce9afed,ALMORA FARM,LIVE ROSIN READY TO USE VAPORIZER [1G] BUBBA BURST - 1 G,CARTRIDGE,1G,HYBRID,85.78%,0.38%,45.05,,False,almora-farm-almora-farm-live-rosin-ready-to-use-vaporizer-1g-bubba-burst,https://d1hhy58mqsa6c3.cloudfront.net/916928a7-444e-4ad3-bfd0-b799e8385e4d/1338360f-78e3-4cc9-be3b-e9095876dba5,,"ALMORA FARM - Bubba Burst Live Rosin [1G] is a premium, solventless all-in-one vaporizer that delivers the pure essence of California sun-grown cannabis. A cross between Bubba Kush and Strawberry Banana, this Balanced Hybrid features a rich flavor profile of earthy coffee, fresh pine, and sweet citrus. Known for providing a gentle cerebral uplift and soothing body sensations, it is the perfect ""anytime"" vape for users seeking a clear-headed way to melt away stress and savor the moment."
01975f40-e656-74e8-a689-d57a5cf19aa8,ALMORA FARM,LIVE ROSIN READY TO USE VAPORIZER [1G] DUTCH TREAT - 1 G,CARTRIDGE,1G,SATIVA,85.76%,0.40%,45.05,,False,almora-farm-almora-farm-live-rosin-ready-to-use-vaporizer-1g-dutch-treat,https://d1hhy58mqsa6c3.cloudfront.net/916928a7-444e-4ad3-bfd0-b799e8385e4d/9bcd8fd6-2d4a-47d3-8fe8-c2e70a29392f,,"ALMORA FARM - Dutch Treat Live Rosin [1G] is a premium solventless all-in-one Sativa vaporizer that brings sun-grown excellence to your pocket. Fusing the genetics of Skunk #1 and Northern Lights, this extract delivers a refreshing profile of sweet pine, tropical citrus, and earthy eucalyptus. Engineered with low-temp ceramic hardware for the purest flavor, it provides a bright, clear-headed euphoria and an energetic creative spark—making it the ultimate daytime companion for staying inspired and active."
01951af4-1248-75f6-bc07-81cb60b52271,ALMORA FARM,READY TO USE VAPORIZER [1G] APPLE MAC,CARTRIDGE,1G,HYBRID,84.79%,0.33%,32.04,,False,almora-farm-almora-farm-ready-to-use-vaporizer-1g-apple-mac,https://d14jfwlo68bhyr.cloudfront.net/products/1787584716068-e77cc0ad-e848-4fdb-8ee3-a079de0d4ac2.webp,,"Almora Farm's Apple MAC ready-to-use vaporizer delivers a sweet, sour apple flavor with earthy diesel undertones in a convenient 1g all-in-one cartridge built for true-to-strain taste. At 84.7% THC, this hybrid cannabis vape hits with a focused, tingly cerebral lift that sparks creativity and giggly good energy while keeping the body relaxed — a perfect midday balance from a California dispensary staple. Crossed from MAC 1 and Trophy Wife, Apple MAC is the kind of hybrid strain that works just as well for a social afternoon as it does for a creative session."
0195a9f2-50af-7835-be32-e0a965875c4e,ALMORA FARM,READY TO USE VAPORIZER [1G] GRAPE APE - 1 G,CARTRIDGE,1G,INDICA,84.17%,0.30%,32.04,,False,almora-farm-almora-farm-ready-to-use-vaporizer-1g-grape-ape,https://d14jfwlo68bhyr.cloudfront.net/products/1787584906793-9ef2bb90-d85b-479e-b976-8bc5b0898f86.webp,,"Almora Farm's Grape Ape ready-to-use vaporizer packs 1g of 100% live resin cannabis oil into a sleek all-in-one device, delivering a full-spectrum indica experience with rich grape, sweet berry, and earthy flavor on every exhale. Sourced from sun-grown Grape Ape flower — a cross of Mendocino Purps, Skunk, and Afghani — this cartridge hits with the deep, full-body relaxation and happy, sleepy calm the strain is known for. Best saved for evenings or slow days when you're ready to unwind and sink in."
01951af4-12a2-7ab2-a5ec-23794e24fd6c,ALMORA FARM,READY TO USE VAPORIZER [1G] HIBISCUS SUNRISE,CARTRIDGE,1G,SATIVA,80.97%,0.27%,32.04,,False,almora-farm-almora-farm-ready-to-use-vaporizer-1g-hibiscus-sunrise,https://d14jfwlo68bhyr.cloudfront.net/products/1787584973452-24fdff6d-b7af-4033-9368-f99aab04560f.webp,,"Almora Farm's Hibiscus Sunrise is a sativa-leaning live resin vape built for those who want real cannabis flavor without compromise — made from fresh-frozen, sun-grown whole flower and loaded into a ready-to-use all-in-one device at a potent 81% THC. Expect bright citrus, tropical fruit, and a touch of pine on the inhale, with creative, euphoric, and energetic effects that make this 1g cartridge ideal for daytime use, social settings, or anything that calls for a clear-headed lift. Almora Farm's single-source, full-spectrum extract delivers a true-to-the-plant experience you can take anywhere."
019fd1cc-ee67-7a08-a474-66efcf14b224,ARCATA FIRE,CURED RESIN CARTRIDGE [1G] GELLO SHOTZ - 1 G,CARTRIDGE,1G,SATIVA,87.67%,,35.04,,False,arcata-fire-arcata-fire-cured-resin-cartridge-1g-gello-shotz,https://d14jfwlo68bhyr.cloudfront.net/products/1786481027861-ecfff515-fedb-4f5d-8322-ae99b10b0e5d.webp,,
019fd1d1-a4f8-7150-a9e2-ebe43bee9040,ARCATA FIRE,CURED RESIN CARTRIDGE [1G] PARADIZE COVE - 1 G,CARTRIDGE,1G,HYBRID,89.69%,,35.04,,False,arcata-fire-arcata-fire-cured-resin-cartridge-1g-paradize-cove,https://d14jfwlo68bhyr.cloudfront.net/products/1786481165521-e0d888aa-61f1-424a-8a45-0b7cd11cce2b.webp,,
019fd1d4-4326-7f8d-abb3-95ea37cd1b7d,ARCATA FIRE,CURED RESIN CARTRIDGE [1G] TROPICAL BURST - 1 G,CARTRIDGE,1G,HYBRID,85.51%,,35.04,,False,arcata-fire-arcata-fire-cured-resin-cartridge-1g-tropical-burst,https://d14jfwlo68bhyr.cloudfront.net/products/1786481207031-8b9f3fb2-429c-45f8-8d3f-ca9e5253824e.webp,,
019fd1ce-4de5-73fa-9a11-931f2218fd4b,ARCATA FIRE,LIVE RESIN CARTRIDGE [1G] LIME JUICE - 1 G,CARTRIDGE,1G,HYBRID,62.58%,0.07%,42.05,,False,arcata-fire-arcata-fire-live-resin-cartridge-1g-lime-juice,https://d14jfwlo68bhyr.cloudfront.net/products/1786481348080-26ee34df-2915-4f11-8355-ff058cf9b9ba.webp,,
019fd1d0-7363-70ce-8a87-edfb5394c7e9,ARCATA FIRE,LIVE RESIN CARTRIDGE [1G] MANGO MINT - 1 G,CARTRIDGE,1G,HYBRID,61.66%,0.13%,42.05,,False,arcata-fire-arcata-fire-live-resin-cartridge-1g-mango-mint,https://d14jfwlo68bhyr.cloudfront.net/products/1786481365310-aba2a33d-e68b-47a1-856c-bd06e5399229.webp,,
019fd1d2-dd80-7035-b1c1-14407d9b896c,ARCATA FIRE,LIVE RESIN CARTRIDGE [1G] SHISKABERRY - 1 G,CARTRIDGE,1G,INDICA,63.87%,0.19%,42.05,,False,arcata-fire-arcata-fire-live-resin-cartridge-1g-shiskaberry,https://d14jfwlo68bhyr.cloudfront.net/products/1786481388329-a6fae9a4-b74a-4598-828d-1160510d017d.webp,,
019f1880-834b-74f0-8ec2-53422c26463d,BEAR LABS,LIVE RESIN CARTRIDGE [1G] PAPAYA BOMB - 1 G,CARTRIDGE,1G,,81.03%,0.21%,45.05,EVERYDAY DISCOUNT - BEAR LABS LIVE RESIN CARTS - 20% OFF,True,bear-labs-bear-labs-live-resin-cartridge-1g-papaya-bomb,https://d14jfwlo68bhyr.cloudfront.net/products/1786114114772-b6d96d02-1da0-4354-8265-3869848253dc.webp,,"Bear Labs' Papaya Bomb live resin cartridge delivers a full-gram, 510-thread vape experience loaded with 81% THC and a terpene profile built around beta-myrcene, limonene, and beta-caryophyllene — expect tropical, earthy sweetness with a hint of citrus and a peppery finish. Live resin extraction preserves the full-spectrum character of the cannabis plant, so the flavor stays true and the effects hit with depth and complexity. A hard-hitting option for experienced consumers looking for a potent, flavorful cartridge from Bear Labs available now at the dispensary."
01951af3-dd05-7e52-99d3-119bad1b4b2d,BLOOM,CLASSIC CARTRIDGE [1G] MAUI WOWIE - 1 G,CARTRIDGE,1G,SATIVA,84.20%,0.19%,25.05,,False,bloom-bloom-classic-cartridge-1g-maui-wowie,https://d14jfwlo68bhyr.cloudfront.net/banners/1763155624488-a8f93bc7-bf02-4ee5-87bc-e78c9cc7b618.webp,,"Exhale A Summer Breeze  Details  Phenotype Sativa  Taste Mango, Coconut, Haze, Citrus,  Mood Uplift into a tropical euphoria with this vibrant, delightful buzz.  Ingredients Cannabis Oil & Natural Terpenes  B-Myrcene Naturally Found In: mango, wild thyme, cardamom, hops  Terpinolene Naturally Found In: cardamom, allspice, parsnip  B-Ocimene Naturally Found In: basil, lavender, clary sage"
01951af3-dd06-74bf-9ad8-1c50df515571,BLOOM,CLASSIC CARTRIDGE [1G] PINEAPPLE EXPRESS - 1 G,CARTRIDGE,1G,HYBRID,85.00%,0.20%,25.05,,False,bloom-bloom-classic-cartridge-1g-pineapple-express,https://d14jfwlo68bhyr.cloudfront.net/banners/1763155662655-2986f309-68a6-4360-8602-f46b3635e4aa.webp,,"Now With Less Franco And More Rogen  Details  Phenotype Hybrid  Taste Pineapple, Sweet, Tropical, Cedar  Mood Drift away to a blissful tropical paradise ripe with sweet pineapples.  Ingredients Cannabis Oil & Natural Terpenes  Terpinolene Naturally Found In: cardamom, allspice, parsnip  D-Limonene Naturally Found In: citrus rinds  B-Myrcene Naturally Found In: mango, wild thyme, cardamom, hops"
019bb865-ca3c-7a4a-a9ce-dee73583e81f,BLOOM,LIVE RESIN CARTRIDGE [1G] HAWAIIAN RUNTZ - 1 G,CARTRIDGE,1G,HYBRID,80.90%,0.30%,27.05,,False,bloom-bloom-live-resin-cartridge-1g-hawaiian-runtz,https://d14jfwlo68bhyr.cloudfront.net/products/1775490123695-02c8163a-9776-4893-914d-13e26cdf2a36.webp,,"This Bloom live resin cartridge delivers the bright, tropical essence of Hawaiian Runtz hybrid strain with sweet fruit and sour candy flavors that spark creativity and openness. The 510 thread vape cartridge offers a balanced cannabis experience that keeps you lifted without weighing you down. Perfect for daytime use when you want to stay productive while enjoying premium live resin concentrate."
01a01038-a8fe-77d0-9710-ba741ed016da,BLOOM,LIVE RESIN CARTRIDGE [1G] KUSH MINTZ - 1 G,CARTRIDGE,1G,,80.30%,0.31%,27.05,,False,bloom-bloom-live-resin-cartridge-1g-kush-mintz,,,
019a6c33-eacb-71bb-8d6d-43aa3b00840a,BLOOM,LIVE RESIN CARTRIDGE [1G] WHITE TRUFFLE - 1 G,CARTRIDGE,1G,INDICA,78.60%,0.28%,27.05,,False,bloom-bloom-live-resin-cartridge-1g-white-truffle,https://d14jfwlo68bhyr.cloudfront.net/banners/1763156753298-4b119adf-7139-478e-8359-20d1cc59540b.webp,,"This luxurious indica is known for its rich, earthy flavor and smooth, savory finish. Its high settles gently over the body, easing tension and stress while keeping the mind calm, clear, and lightly euphoric. A perfect choice for winding down the day with elevated ease and quiet confidence.  Phenotype Indica  Cross Gorilla Butter x Unknown  Notes Earthy, Gas, Pine"
01999405-3073-790b-8e61-3f56fe1806bd,BLOOM,SURF CLASSIC READY TO USE VAPORIZER [1G] FIRE MANGO - 1 G,CARTRIDGE,1G,HYBRID,88.90%,0.20%,30.05,,False,bloom-bloom-surf-classic-ready-to-use-vaporizer-1g-fire-mango,https://d14jfwlo68bhyr.cloudfront.net/banners/1763156995318-e64a42c8-5921-44be-bdd8-6e7904a9e987.webp,,"Too Hot to Handle  Details  Phenotype Indica  Taste Fruity, Citrusy, Earthy  Mood Turn down the noise and sink into something smooth. Fire Mango delivers tropical sweetness with a fiery kick, melting stress into deep, mellow relaxation. Perfect for unwinding and chilling.  Ingredients Cannabis Oil & Natural Terpenes  D-Limonene Naturally Found In: citrus rinds  B-Caryophyllene Naturally Found In: black pepper, cloves, hops  B-Myrcene Naturally Found In: mango, wild thyme, cardamom, hops"
01999c06-f776-7de6-8cd1-b64e1a6790d3,BLOOM,SURF CLASSIC READY TO USE VAPORIZER [1G] GUAVA BELTS - 1 G,CARTRIDGE,1G,HYBRID,78.30%,0.20%,30.05,,False,bloom-bloom-surf-classic-ready-to-use-vaporizer-1g-guava-belts,https://d14jfwlo68bhyr.cloudfront.net/banners/1763157175917-15602898-b1c1-431c-b1fd-4dd50a579050.webp,,"Belted with Flavor  Details  Phenotype Sativa  Taste  Sweet, Citrusy, Berry  Mood  A vibrant Classic full of uplifting tropical flavor. Guava Beltz brings juicy sweetness with hints of tropical berry. This strain sparks creativity and energy while keeping the vibe light and social.  Ingredients  Cannabis Oil & Natural Terpenes  D-Limonene  Naturally Found In: citrus rinds  B-Caryophyllene  Naturally Found In: black pepper, cloves, hops  B-Myrcene  Naturally Found In: mango, wild thyme, cardamom, hops"
01951af4-1606-70d2-9f43-2fdeaf4b7479,BLOOM,SURF CLASSIC READY TO USE VAPORIZER [1G] KING LOUIS,CARTRIDGE,1G,INDICA,79.00%,0.24%,30.05,,False,bloom-bloom-surf-classic-ready-to-use-vaporizer-1g-king-louis,https://d14jfwlo68bhyr.cloudfront.net/banners/1763157235802-e8bd888d-ea0c-4d12-9693-b06077aa1d93.webp,,"All Hail The King.  Details  Phenotype Indica  Taste Woody, Floral, Pine, Herbal  Mood Euphoric buzz perfect for king-sized relaxation.  Ingredients Cannabis Oil & Natural Terpenes  D-Limonene Naturally Found In: citrus rinds  Humulene Naturally Found In: hops, rosemary  B-Caryophyllene Naturally Found In: black pepper, cloves, hops"
01951af4-1607-75d9-bbe9-1e68c97a32e1,BLOOM,SURF CLASSIC READY TO USE VAPORIZER [1G] MAUI WOWIE,CARTRIDGE,1G,SATIVA,79.40%,0.20%,30.05,,False,bloom-bloom-surf-classic-ready-to-use-vaporizer-1g-maui-wowie,https://d14jfwlo68bhyr.cloudfront.net/banners/1763157261804-1778518a-32e3-44ca-96c9-ee8b9b9335d9.webp,,"Exhale A Summer Breeze  Details  Phenotype Sativa  Taste Mango, Coconut, Haze, Citrus,  Mood Uplift into a tropical euphoria with this vibrant, delightful buzz.  Ingredients Cannabis Oil & Natural Terpenes  B-Myrcene Naturally Found In: mango, wild thyme, cardamom, hops  Terpinolene Naturally Found In: cardamom, allspice, parsnip  B-Ocimene Naturally Found In: basil, lavender, clary sage"
01966ddb-6a84-72a9-af8a-9e2ee7bac2aa,BLOOM,SURF LIVE RESIN READY TO USE VAPORIZER [1G] CHERRY PIE - 1 G,CARTRIDGE,1G,HYBRID,80.30%,0.28%,32.04,,False,bloom-bloom-surf-live-resin-ready-to-use-vaporizer-1g-cherry-pie,https://d14jfwlo68bhyr.cloudfront.net/banners/1763157932933-0aa1dfec-b0bb-4dc9-b4f5-ef05f65c7ffb.webp,,"Indulge in the ultimate dessert strain! Cherry Pie delivers exactly what the name promises – a mouthwatering blend of sweet cherries and buttery crust that'll have your taste buds dancing. This perfectly balanced hybrid brings the best of both worlds: a happy mind lift paired with body-melting relaxation. Whether you're looking to chill after a long day or elevate your social hang, Cherry Pie is the sweet treat you deserve!  Phenotype Hybrid  Cross Granddaddy Purple x Durban Poison  Notes Cherries, Spice, Earth"
019bb864-b090-7ddf-b3dd-b879025c6a5d,BLOOM,SURF LIVE RESIN READY TO USE VAPORIZER [1G] HAWAIIAN RUNTZ - 1 G,CARTRIDGE,1G,HYBRID,80.90%,0.30%,32.04,,False,bloom-bloom-surf-live-resin-ready-to-use-vaporizer-1g-hawaiian-runtz,https://d14jfwlo68bhyr.cloudfront.net/banners/1771597424866-10bbfab5-daa1-447b-93cb-2a5379e7b7c5.webp,,"This BLOOM Surf live resin vape cartridge delivers the tropical essence of Hawaiian Runtz in a convenient ready-to-use format. The hybrid strain offers a balanced cannabis experience with sweet, fruity flavors that capture the island vibes. Perfect for on-the-go sessions when you want smooth, flavorful vapor from premium live resin concentrate."
01951af4-164c-79a9-bc65-a5dfede24357,BLOOM,SURF LIVE RESIN READY TO USE VAPORIZER [1G] PINEAPPLE DIESEL,CARTRIDGE,1G,SATIVA,79.90%,0.29%,32.04,,False,bloom-bloom-surf-live-resin-ready-to-use-vaporizer-1g-pineapple-diesel,https://d14jfwlo68bhyr.cloudfront.net/l2IZPqa9kw.webp,,"The Pineapple Diesel 1G Live Resin Surf is a high-energy, ""life-of-the-party"" Sativa from Bloom. While the Bloom Classic line offers consistent distillate, this Live Resin version is extracted from flash-frozen flower to preserve the ""living"" chemistry of the plant. This captures the ""loud"" aroma of ripe tropical fruit and the sharp, gassy backbone of its Diesel lineage. Housed in Bloom’s upgraded 1-gram Surf hardware, it is designed to fuel creativity and social vibes with full-spectrum potency."
019a6c30-4608-79cc-baf4-8228c84f7172,BLOOM,SURF LIVE RESIN READY TO USE VAPORIZER [1G] WHITE TRUFFLE - 1 G,CARTRIDGE,1G,INDICA,78.60%,0.28%,32.04,,False,bloom-bloom-surf-live-resin-ready-to-use-vaporizer-1g-white-truffle,https://d1hhy58mqsa6c3.cloudfront.net/916928a7-444e-4ad3-bfd0-b799e8385e4d/41d9ba2f-6adf-43e0-b7aa-a84bd9ec7de3,,"The White Truffle 1G Live Resin Surf is a luxurious, high-potency Indica designed for those who appreciate deep, savory complexity. While standard vapes often rely on sweet or fruity notes, this Live Resin edition is extracted from flash-frozen flower to preserve the ""funky"" and earthy terpenes of the living plant. Housed in Bloom’s upgraded 1-gram Surf hardware, it offers a ""weighted blanket"" sensation that is perfect for melting away the stress of a long day."
019db8cc-5d02-7083-af0c-c6b388d86aff,CAKE,CARTRIDGE [1G] STRAWBERRY MOCHI - 1 G,CARTRIDGE,1G,HYBRID,83.60%,0.18%,27.05,CAKE - 30% OFF,True,cake-cake-cartridge-1g-strawberry-mochi,https://d14jfwlo68bhyr.cloudfront.net/banners/1773412756913-b8ce8d81-6407-49cb-b936-b8fb7c226be9.webp,,
019d3bbb-7c88-7421-b8b7-24c727eef7e3,CAKE,CARTRIDGE [1G] WATERMELON Z - 1 G,CARTRIDGE,1G,HYBRID,82.30%,0.18%,27.05,CAKE - 30% OFF,True,cake-cake-cartridge-1g-watermelon-z,https://d14jfwlo68bhyr.cloudfront.net/banners/1773412810823-8eda56d5-4e12-4813-86c9-4048eacc8e91.webp,,
019db8cc-e0c9-7dee-affd-05d820110a83,CAKE,CLASSIC READY TO USE VAPORIZER [1G] MANGO KUSH - 1 G,CARTRIDGE,1G,HYBRID,84.40%,0.17%,25.05,CAKE - 30% OFF,True,cake-cake-classic-ready-to-use-vaporizer-1g-mango-kush,https://d14jfwlo68bhyr.cloudfront.net/products/1789045070117-fe26ae0c-24c3-41c4-94c7-424c372a462b.webp,,"Mango Kush meets high-potency convenience in this CAKE Classic ready-to-use vape cartridge, packing 84.4% THC into a smooth, tropical draw with sweet mango flavor that hybrid cannabis fans will recognize immediately. The all-in-one disposable design means no charging, no setup — just pick it up and go, making it a solid grab for on-the-move sessions. Whether you're unwinding after work or keeping the vibe going socially, this 1g cannabis vaporizer delivers consistent, flavorful hits from start to finish."
01a03895-1f24-71fb-9ff5-2f19f0e8c53e,CAKE,CLASSIC READY TO USE VAPORIZER [1G] STRAWBERRY FRITTERS - 1 G,CARTRIDGE,1G,,84.20%,0.18%,25.05,CAKE - 30% OFF,True,cake-cake-classic-ready-to-use-vaporizer-1g-strawberry-fritters,https://d14jfwlo68bhyr.cloudfront.net/products/1789045242413-84e823b1-b1eb-47c0-a6fc-a1835f67a48f.webp,,"The CAKE Strawberry Fritters Classic Ready to Use Vaporizer is a 1g cannabis cartridge packing a potent 84.2% THC, delivering smooth, sweet hits with the ripe strawberry and doughy pastry notes the Strawberry Fritters strain is known for. This ready-to-use vape requires no charging or setup out of the box, making it a convenient grab-and-go option whether you're unwinding at home or heading out. A hard-hitting choice for experienced cannabis consumers looking for fast-acting effects from a trusted dispensary brand."
01a03361-8860-7621-9d4c-80e806341bc3,CAKE,READY TO USE VAPORIZER [1.25G] ALIEN LEMONADE - 1.25 G,CARTRIDGE,1.25G,HYBRID,81.10%,0.18%,35.04,CAKE - 30% OFF,True,cake-cake-ready-to-use-vaporizer-1-25g-alien-lemonade,https://d14jfwlo68bhyr.cloudfront.net/products/1785991357740-dcd1e616-2285-47cf-a863-9ce5b115a703.webp,,
019db8f1-bcd5-7e15-beab-1445e17cf045,CAKE,READY TO USE VAPORIZER [1.25G] KIWI BURST - 1.25 G,CARTRIDGE,1.25G,HYBRID,82.20%,0.38%,35.04,CAKE - 30% OFF,True,cake-cake-ready-to-use-vaporizer-1-25g-kiwi-burst,https://d14jfwlo68bhyr.cloudfront.net/banners/1773413108336-934ded80-13e5-4904-b68f-073983aab0fe.webp,,
019a5a78-f035-7563-9474-dae2729ca821,CAKE,READY TO USE VAPORIZER [1.25G] PASSION ORANGE GUAVA - 1.25 G,CARTRIDGE,1.25G,HYBRID,80.60%,0.17%,35.04,CAKE - 30% OFF,True,cake-cake-ready-to-use-vaporizer-1-25g-passion-orange-guava,https://d1hhy58mqsa6c3.cloudfront.net/916928a7-444e-4ad3-bfd0-b799e8385e4d/778eb3e2-cb91-4103-8e98-6496ce574561,,"The CAKE ""She Hits Different"" Passion Orange Guava is a 1.25-gram rechargeable, all-in-one disposable vaporizer featuring ""Designer Distillate"". This product is part of a line that disrupted the market by offering 25% more oil (1.25g vs. the standard 1g) in a specialized, pocket-sized cosmic pod."
019db8f2-85a3-7978-8f49-6f2e055604c7,CAKE,READY TO USE VAPORIZER [1.25G] STRAWBERRY MANGO - 1.25 G,CARTRIDGE,1.25G,HYBRID,81.40%,0.19%,35.04,CAKE - 30% OFF,True,cake-cake-ready-to-use-vaporizer-1-25g-strawberry-mango,https://d14jfwlo68bhyr.cloudfront.net/banners/1773413155462-ee773b3d-fe75-4490-be60-43ef9f4da1c3.webp,,
019a5a79-b9d8-768a-aa2d-05adda0ce19b,CAKE,READY TO USE VAPORIZER [1.25G] WATERMELON OG - 1.25 G,CARTRIDGE,1.25G,HYBRID,80.00%,0.19%,35.04,CAKE - 30% OFF,True,cake-cake-ready-to-use-vaporizer-1-25g-watermelon-og,https://d1hhy58mqsa6c3.cloudfront.net/916928a7-444e-4ad3-bfd0-b799e8385e4d/b1709fc1-d652-4592-947d-034b2a72a060,,"CAKE Ready-to-Use Vaporizer — Watermelon OG [1.25 g] A high-THC, indica-leaning all-in-one vaporizer from CAKE’s Designer Distillate line. Expect sweet watermelon fruit flavor with earthy herbal undertones, smooth vapor, and relaxing indica-style effects — pleasant relaxation, mild euphoria, and calm body sensation. Ideal for chill evenings, stress relief, and mellow sessions."
0195fc99-4ed5-7fdb-9a6b-61c411bcbfc0,CANNABIOTIX,CARTRIDGE [0.5G] TROPICANNA - 0.5 G,CARTRIDGE,0.5G,SATIVA,75.68%,,25.05,,False,cannabiotix-cannabiotix-cartridge-0-5g-tropicanna,https://d14jfwlo68bhyr.cloudfront.net/Luby4MiA0s.webp,,"The CBX Tropicanna Cartridge is a 0.5-gram, 510-thread vape cart featuring a full-spectrum extract (often Live Resin Sauce). This strain is a potent Sativa-Dominant Hybrid known for its exceptional lineage (often a cross of Pineapple Kush x Tropical Punch or similar flavor-forward strains). The flavor profile is an intense, refreshing mix of tangy tropical mango, sweet orange juice, and subtle pineapple. It delivers a powerful and rapid rush of soaring cerebral euphoria, clear focus, and sustained energy, making it an outstanding choice for social activities, creative work, and a powerful, mood-elevating daytime experience."
019b947a-d70b-78e2-9fe2-0ccee675e86f,CHICO'S BEST,APRIL RAIN CARTRIDGE [1G] CHILL BANANA OG - 1 G,CARTRIDGE,1G,INDICA,85.56%,0.18%,20.05,EVERYDAY DISCOUNT - CHICO'S BEST - 30% OFF,True,chicos-best-chicos-best-april-rain-cartridge-1g-chill-banana-og,https://d14jfwlo68bhyr.cloudfront.net/banners/1771220767775-c52f0d07-2a0c-4e27-8aee-4a6afa3e5082.webp,,"This potent indica vape cartridge delivers 86.9% THC in a convenient 510-thread format, perfect for deep relaxation and unwinding after a long day. The Chill Banana OG strain offers a smooth, mellow experience that's ideal for nighttime use when you want to settle in and let stress melt away."
019b90aa-4feb-73ca-9cce-8168caa016bb,CHICO'S BEST,APRIL RAIN CARTRIDGE [1G] CHILL MANGO KUSH - 1 G,CARTRIDGE,1G,INDICA,86.16%,0.18%,20.05,EVERYDAY DISCOUNT - CHICO'S BEST - 30% OFF,True,chicos-best-chicos-best-april-rain-cartridge-1g-chill-mango-kush,https://d14jfwlo68bhyr.cloudfront.net/banners/1771220804710-6d77a1e1-8880-4377-8b43-4a7c28536f2e.webp,,"This potent indica vape cartridge delivers 86.7% THC in the beloved Chill Mango Kush strain, offering tropical mango flavors with deeply relaxing effects perfect for evening unwind sessions. The 510-thread design fits most standard vape batteries, making it an easy choice for convenient cannabis consumption on the go."
019b947b-b275-78d1-8926-8f53593eec57,CHICO'S BEST,APRIL RAIN CARTRIDGE [1G] COMBO CEREAL MILK - 1 G,CARTRIDGE,1G,HYBRID,86.13%,0.19%,20.05,EVERYDAY DISCOUNT - CHICO'S BEST - 30% OFF,True,chicos-best-chicos-best-april-rain-cartridge-1g-combo-cereal-milk,https://d14jfwlo68bhyr.cloudfront.net/banners/1771220848965-55af8577-96de-45a5-a216-c1d21e539e31.webp,,"This potent hybrid vape cartridge delivers 87% THC in a convenient 510-thread format, perfect for experienced cannabis users seeking powerful effects. The Combo Cereal Milk strain offers a balanced hybrid experience that works well throughout the day, while the full gram size provides excellent value for regular vape enthusiasts."
019b90a9-654c-7298-b473-a41e5012c1b5,CHICO'S BEST,APRIL RAIN CARTRIDGE [1G] INSPIRE AK-47 - 1 G,CARTRIDGE,1G,SATIVA,85.99%,0.17%,20.05,EVERYDAY DISCOUNT - CHICO'S BEST - 30% OFF,True,chicos-best-chicos-best-april-rain-cartridge-1g-inspire-ak47,https://d14jfwlo68bhyr.cloudfront.net/banners/1771220891827-6e2ce961-7717-41b2-9a67-1e0797ee3c91.webp,,"This potent sativa vape cartridge delivers an impressive 85% THC for an energizing, uplifting experience perfect for daytime use. The AK-47 strain provides clear-headed focus and creativity, making this 510-thread cartridge ideal when you need motivation and mental clarity. Compatible with standard vape batteries, this full-gram concentrate offers smooth, flavorful vapor with each draw."
01a04995-ac08-7f21-979d-4b8d7511982b,CHICO'S BEST,APRIL RAIN CARTRIDGE [1G] MAUI WOWIE - 1 G,CARTRIDGE,1G,SATIVA,88.42%,0.21%,20.05,EVERYDAY DISCOUNT - CHICO'S BEST - 30% OFF,True,chicos-best-chicos-best-april-rain-cartridge-1g-maui-wowie,https://d14jfwlo68bhyr.cloudfront.net/products/1787155422350-c1571ee6-0215-4a14-b49a-bc921103bed4.webp,,
019b9097-1c1f-733a-980f-8f192917aeb3,CHICO'S BEST,STICKY SITUATION READY TO USE VAPORIZER [1G] INSPIRE BANANA PUNCH - 1 G,CARTRIDGE,1G,SATIVA,78.66%,0.24%,32.04,EVERYDAY DISCOUNT - CHICO'S BEST - 30% OFF,True,chicos-best-chicos-best-sticky-situation-ready-to-use-vaporizer-1g-inspire-banana-punch,https://d14jfwlo68bhyr.cloudfront.net/banners/1771222422157-b50528e6-6b37-412a-a1bf-d81d9de34f9d.webp,,"Enjoy the sweet, tropical aroma of Banana Punch in this ready-to-use sativa vape cartridge. The smooth, flavorful vapor delivers an uplifting, focused high perfect for daytime use or social occasions. Savor the fruity, banana-forward taste as you experience the energizing, creativity-boosting effects of this premium cannabis extract."
019f13a1-2d0c-73d2-b165-15156a67b825,CLAYBOURNE CO,GASSERS CURED RESIN CARTRIDGE [1G] MULE FUEL - 1 G,CARTRIDGE,1G,,81.28%,0.11%,45.05,,False,claybourne-co-claybourne-co-gassers-cured-resin-cartridge-1g-mule-fuel,https://d14jfwlo68bhyr.cloudfront.net/products/1782841145755-47e45b24-62d4-47d9-aada-e4bf782a53ca.webp,,"Claybourne Gassers 1g Cured Resin 510 Carts are made exclusively from premium indoor flower grown at Claybourne Farms and extracted at sub-zero temperatures for bold, true-to-flower flavor. Available in signature single-strain genetics and custom curated combinations."
019f13a8-f09b-7e43-82ab-66c564dfc076,CLAYBOURNE CO,GASSERS CURED RESIN CARTRIDGE [1G] SPRITZER - 1 G,CARTRIDGE,1G,,74.21%,0.15%,45.05,,False,claybourne-co-claybourne-co-gassers-cured-resin-cartridge-1g-spritzer,https://d14jfwlo68bhyr.cloudfront.net/products/1782841210902-87e46d1b-9f29-4910-9f22-e641058bc690.webp,,"Claybourne Gassers 1g Cured Resin 510 Carts are made exclusively from premium indoor flower grown at Claybourne Farms and extracted at sub-zero temperatures for bold, true-to-flower flavor. Available in signature single-strain genetics and custom curated combinations."
019d2b0d-7268-73b1-9af1-527071af8694,CLAYBOURNE CO,GASSERS GOLD CUTS READY TO USE VAPORIZER [1G] CHERRY HEARTS - 1 G,CARTRIDGE,1G,HYBRID,69.41%,,45.05,,False,claybourne-co-claybourne-co-gassers-gold-cuts-ready-to-use-vaporizer-1g-cherry-hearts,https://d14jfwlo68bhyr.cloudfront.net/products/1775054908327-16cb1d68-832c-4817-90bc-3c25181b02b5.webp,,"This Claybourne Co Gassers live resin vape delivers the Cherry Hearts hybrid strain in a premium 1-gram all-in-one device with USB-C charging and adjustable temperature control. Crafted from single-source cannabis frozen fresh at harvest, this ready-to-use vaporizer preserves true-to-strain flavor and potency with smooth, anti-clog performance from first hit to last. Perfect for on-the-go sessions with dispensary-quality live resin concentrate and smart LCD display for total control."
019d2b0b-ff63-7499-ac8b-0aa4e87edb14,CLAYBOURNE CO,GASSERS GOLD CUTS READY TO USE VAPORIZER [1G] GAS PLANT - 1 G,CARTRIDGE,1G,HYBRID,72.14%,,45.05,,False,claybourne-co-claybourne-co-gassers-gold-cuts-ready-to-use-vaporizer-1g-gas-plant,https://d14jfwlo68bhyr.cloudfront.net/products/1775054946035-b2d67535-11e0-4f48-83ea-275b80a6a166.webp,,"This premium live resin vape delivers the full-spectrum Gas Plant hybrid experience with true-to-strain flavor and potency from Claybourne Farms' ultra-premium indoor cannabis. The all-in-one device features adjustable temperature control and anti-clog technology for smooth, consistent draws from first to last hit. Perfect for on-the-go sessions when you want authentic dispensary-quality live resin concentrate in a convenient, rechargeable vape."
01991073-17c0-7385-a31a-289c15ae1990,CLAYBOURNE CO,GASSERS READY TO USE VAPORIZER [1G] KING LOUIS OG - 1 G,CARTRIDGE,1G,HYBRID,85.65%,,40.04,,False,claybourne-co-claybourne-co-gassers-ready-to-use-vaporizer-1g-king-louis-og,https://d14jfwlo68bhyr.cloudfront.net/banners/1764093896118-36baa568-5860-4447-aff4-e10bf687ea15.webp,,"Meet the cleanest and the meanest, Gassers All-In-One Vape. Powered by 100%, uncut liquid diamonds delivering next-level potency & flavor in a personalized, pocket-ready device. Built tough, tuned for performance, and certified clean so you can stay always on the gas. Available now in (15) 1g strains from classic gas to fruity bangers.  Pure Liquid Diamonds + Natural Terpenes: Nothing Cut, Nothing Diluted with an Average of 90-92% Total THC. Palm-Style, USB-C Rechargeable: Ready-to-Go on the Low. Anywhere at Anytime. Adjustable Temperature Control: Dial-In Max Flavor or Cloud Intensity. Smart LCD Display: Easier to Use Settings for Total Control. Anti-Burn & Anti-Clog Tech: Smooth Drags from First to Last. High-Performance Build: Oil-Resistant & Heat-Proof to Avoid Microplastic Breakdown. ECCO Certified Clean Oil: Tested for over (60) Extra Pesticides Beyond California State Requirements."
01991073-8d44-7006-97f3-3f8473d63f4e,CLAYBOURNE CO,GASSERS READY TO USE VAPORIZER [1G] LEMON CHERRY GELATO - 1 G,CARTRIDGE,1G,HYBRID,87.48%,,40.04,,False,claybourne-co-claybourne-co-gassers-ready-to-use-vaporizer-1g-lemon-cherry-gelato,https://d14jfwlo68bhyr.cloudfront.net/banners/1764093916606-23400a1e-ea0e-43fb-89c8-261c516552cb.webp,,"Meet the cleanest and the meanest, Gassers All-In-One Vape. Powered by 100%, uncut liquid diamonds delivering next-level potency & flavor in a personalized, pocket-ready device. Built tough, tuned for performance, and certified clean so you can stay always on the gas. Available now in (15) 1g strains from classic gas to fruity bangers.  Pure Liquid Diamonds + Natural Terpenes: Nothing Cut, Nothing Diluted with an Average of 90-92% Total THC. Palm-Style, USB-C Rechargeable: Ready-to-Go on the Low. Anywhere at Anytime. Adjustable Temperature Control: Dial-In Max Flavor or Cloud Intensity. Smart LCD Display: Easier to Use Settings for Total Control. Anti-Burn & Anti-Clog Tech: Smooth Drags from First to Last. High-Performance Build: Oil-Resistant & Heat-Proof to Avoid Microplastic Breakdown. ECCO Certified Clean Oil: Tested for over (60) Extra Pesticides Beyond California State Requirements."
01991074-dcd0-7763-944e-6cf99ca728cf,CLAYBOURNE CO,GASSERS READY TO USE VAPORIZER [1G] PEACH PIE - 1 G,CARTRIDGE,1G,HYBRID,85.60%,,40.04,,False,claybourne-co-claybourne-co-gassers-ready-to-use-vaporizer-1g-peach-pie,https://d14jfwlo68bhyr.cloudfront.net/banners/1764093976001-537922b3-556c-4f32-9bac-06e3965a7d3a.webp,,"Meet the cleanest and the meanest, Gassers All-In-One Vape. Powered by 100%, uncut liquid diamonds delivering next-level potency & flavor in a personalized, pocket-ready device. Built tough, tuned for performance, and certified clean so you can stay always on the gas. Available now in (15) 1g strains from classic gas to fruity bangers.  Pure Liquid Diamonds + Natural Terpenes: Nothing Cut, Nothing Diluted with an Average of 90-92% Total THC. Palm-Style, USB-C Rechargeable: Ready-to-Go on the Low. Anywhere at Anytime. Adjustable Temperature Control: Dial-In Max Flavor or Cloud Intensity. Smart LCD Display: Easier to Use Settings for Total Control. Anti-Burn & Anti-Clog Tech: Smooth Drags from First to Last. High-Performance Build: Oil-Resistant & Heat-Proof to Avoid Microplastic Breakdown. ECCO Certified Clean Oil: Tested for over (60) Extra Pesticides Beyond California State Requirements."
01991076-2a56-7667-99c3-485744daa925,CLAYBOURNE CO,GASSERS READY TO USE VAPORIZER [1G] SUPER SOUR APPLE - 1 G,CARTRIDGE,1G,HYBRID,87.17%,,40.04,,False,claybourne-co-claybourne-co-gassers-ready-to-use-vaporizer-1g-super-sour-apple,https://d14jfwlo68bhyr.cloudfront.net/banners/1764178436104-4d9259da-fec8-4ba7-b98d-3deaab1b6694.webp,,"Meet the cleanest and the meanest, Gassers All-In-One Vape. Powered by 100%, uncut liquid diamonds delivering next-level potency & flavor in a personalized, pocket-ready device. Built tough, tuned for performance, and certified clean so you can stay always on the gas. Available now in (15) 1g strains from classic gas to fruity bangers.  Pure Liquid Diamonds + Natural Terpenes: Nothing Cut, Nothing Diluted with an Average of 90-92% Total THC. Palm-Style, USB-C Rechargeable: Ready-to-Go on the Low. Anywhere at Anytime. Adjustable Temperature Control: Dial-In Max Flavor or Cloud Intensity. Smart LCD Display: Easier to Use Settings for Total Control. Anti-Burn & Anti-Clog Tech: Smooth Drags from First to Last. High-Performance Build: Oil-Resistant & Heat-Proof to Avoid Microplastic Breakdown. ECCO Certified Clean Oil: Tested for over (60) Extra Pesticides Beyond California State Requirements."
01951af4-003c-7a52-b609-cf0b8ec59533,CLSICS,LIVE RESIN READY TO USE VAPORIZER [1G] CEREAL MILK,CARTRIDGE,1G,INDICA,79.38%,,50.05,,False,clsics-clsics-live-resin-ready-to-use-vaporizer-1g-cereal-milk,https://d14jfwlo68bhyr.cloudfront.net/products/1774531436321-9e69a7f6-4ab5-4337-989d-b744f7e07c7c.webp,,"The CLSICS - LIVE ROSIN READY TO USE VAPORIZER [1G] CEREAL MILK is a full 1-gram disposable vape containing 100% pure, solventless Live Rosin extract. This potent Hybrid strain (Snowman x Y Life) is celebrated for its decadent flavor profile of sweet, creamy milk, vanilla, and fruity cereal. The high is characterized by a blissful, euphoric mental lift that is perfectly grounded by a deep, full-bodied, and tranquilizing relaxation, making it a premium, flavorful choice for experienced consumers seeking maximum stress relief and a soothing, happy evening high."
019acbb2-af9a-7f78-b40f-5b07b5e5b204,CLSICS,LIVE ROSIN READY TO USE VAPORIZER [1G] MANGO CULT - 1 G,CARTRIDGE,1G,SATIVA,76.01%,,50.05,,False,clsics-clsics-live-rosin-ready-to-use-vaporizer-1g-mango-cult,https://d14jfwlo68bhyr.cloudfront.net/banners/1766033122482-e32c4391-89b3-4af3-b717-ab17af0ccb04.webp,,"CLSICS - Mango Cult Live Rosin [1G] is a premium solventless all-in-one vaporizer that captures the raw, tropical essence of the living plant. By combining Mango Trees with a rugged, hashy lineage, this Hybrid delivers a complex profile of ripe mango, earthy pine, and peppery spice. Housed in low-temp ceramic hardware designed to protect its full-spectrum cannabinoid profile, it provides a soaring cerebral euphoria and a gentle, grounding body stone—the ultimate choice for the ""Hash Head"" seeking a tropical, daytime-friendly escape."
019dc014-39ee-7f9d-b8c9-0669f9e65149,CLSICS,LIVE ROSIN READY TO USE VAPORIZER [1G] STARDUST SORBET - 1 G,CARTRIDGE,1G,HYBRID,74.78%,,50.05,,False,clsics-clsics-live-rosin-ready-to-use-vaporizer-1g-stardust-sorbet,https://d14jfwlo68bhyr.cloudfront.net/products/1777300480286-c44d3ce9-904a-4f8c-897e-db4461006282.webp,,"This CLSICS live rosin vape cartridge delivers the premium Stardust Sorbet hybrid strain in a convenient ready-to-use format. The solventless live rosin extract preserves the full spectrum of cannabinoids and terpenes for an authentic cannabis experience with smooth, flavorful vapor. Perfect for on-the-go sessions when you want quality concentrate without the hassle of loading or maintenance."
019d68c4-c4a0-778e-a1df-92598ab56ef4,COLD FIRE,CURED JUICE CARTRIDGE [1G] ORANGE WIFI - 1 G,CARTRIDGE,1G,HYBRID,82.25%,0.15%,50.05,,False,cold-fire-cold-fire-cured-juice-cartridge-1g-orange-wifi,https://d14jfwlo68bhyr.cloudfront.net/products/1775744267652-012bc9e6-7cee-4d53-810f-7f24a9f5a9ae.webp,,"This Cold Fire cured juice cartridge delivers the balanced effects of Orange WiFi hybrid strain in a convenient 510-thread format. You'll experience a smooth, flavorful vape that combines uplifting cerebral effects with gentle body relaxation, making it perfect for daytime use or social activities. The 1-gram cartridge offers potent THC concentrate with the quality and consistency Cold Fire is known for at dispensaries."
01a04834-af83-724b-ad96-ef11f9c06fff,COLD FIRE,JUICE CARTRIDGE [1G] BLUE-CHERRY ZLURPEE - 1 G,CARTRIDGE,1G,,79.73%,0.14%,50.05,,False,cold-fire-cold-fire-juice-cartridge-1g-bluecherry-zlurpee,,,
01a04830-3c4c-76eb-b8eb-2b5b5b8e8a23,COLD FIRE,JUICE CARTRIDGE [1G] GALACTIC WARHEADS BY DUBZ GARDEN - 1 G,CARTRIDGE,1G,,80.91%,0.14%,50.05,,False,cold-fire-cold-fire-juice-cartridge-1g-galactic-warheads-by-dubz-garden,,,
01a0387b-f6f2-719f-bd5b-fca09d6429b2,COLD FIRE,JUICE CARTRIDGE [1G] GORILLA BREATH BY CAM - 1 G,CARTRIDGE,1G,,72.73%,0.16%,50.05,,False,cold-fire-cold-fire-juice-cartridge-1g-gorilla-breath-by-cam,,,
01a0386b-4541-7d6d-adaf-5bc2d8b665fa,COLD FIRE,JUICE CARTRIDGE [1G] HIGH-FIZ CITRUS BY BOONEY ACRES - 1 G,CARTRIDGE,1G,,72.23%,0.13%,50.05,,False,cold-fire-cold-fire-juice-cartridge-1g-highfiz-citrus-by-booney-acres,,,
01a03876-38db-7ac3-9ffd-37fe34566513,COLD FIRE,JUICE CARTRIDGE [1G] KILLER BEEZ BY BOONEY ACRES - 1 G,CARTRIDGE,1G,,70.31%,0.13%,50.05,,False,cold-fire-cold-fire-juice-cartridge-1g-killer-beez-by-booney-acres,,,
01a06347-a179-7a40-a665-6c0b068754f7,COLD FIRE,JUICE CARTRIDGE [1G] PINK SHERBURST - 1 G,CARTRIDGE,1G,,75.32%,0.15%,50.05,,False,cold-fire-cold-fire-juice-cartridge-1g-pink-sherburst,,,
01a06347-a180-7abb-a916-9b513c2a2e50,COLD FIRE,JUICE CARTRIDGE [1G] ROSE PETALS BY CASA FLOR X HUCKLEBERRY HILL FARMS - 1 G,CARTRIDGE,1G,,72.66%,0.16%,50.05,,False,cold-fire-cold-fire-juice-cartridge-1g-rose-petals-by-casa-flor-x-huckleberry-hill-farms,,,
01a03879-2536-78c3-b5b5-cf8434405774,COLD FIRE,JUICE CARTRIDGE [1G] SMASH BURGER BY BUCK MOUNTAIN - 1 G,CARTRIDGE,1G,,70.62%,0.17%,50.05,,False,cold-fire-cold-fire-juice-cartridge-1g-smash-burger-by-buck-mountain,,,
019ff78f-e3dc-71e5-b2ed-bb794fa9ff85,CONNECTED CANNABIS CO,COLD CHAIN CARTRIDGE [1G] BLUE DREAM - 1 G,CARTRIDGE,1G,,81.51%,,50.05,,False,connected-cannabis-co-connected-cannabis-co-cold-chain-cartridge-1g-blue-dream,https://d14jfwlo68bhyr.cloudfront.net/products/1787072328019-e9ae2a2a-dc0b-4651-a77a-206df9479ab6.webp,,"Connected Cannabis Co's Cold Chain Cartridge in Blue Dream is a 1g 510-thread vape cart hitting at ~81.5% THC, built for smooth, consistent pulls from a strain known for its sweet berry and light herbal flavor. Blue Dream's famously balanced character makes this cannabis cartridge a go-to for daytime use — creative, uplifting, and social without being overwhelming. If you're looking for a high-potency dispensary vape that delivers clean flavor and reliable effects, this one's a staple."
019ff78f-e3eb-71e6-a515-d05800572b8b,CONNECTED CANNABIS CO,COLD CHAIN CARTRIDGE [1G] ELECTRIC BERRY - 1 G,CARTRIDGE,1G,,72.25%,0.10%,50.05,,False,connected-cannabis-co-connected-cannabis-co-cold-chain-cartridge-1g-electric-berry,https://d14jfwlo68bhyr.cloudfront.net/products/1787072344801-bff63c4a-87d3-49fa-b7a0-3df4d99dd2e8.webp,,"Connected Cannabis Co's Cold Chain cartridge in Electric Berry delivers a fruit-forward, berry-rich vapor with 72.25% THC — making this 510-thread vape cart a potent pick for cannabis consumers who want big effects in a convenient format. The Cold Chain process preserves the live extract's natural terpene profile, so each hit tastes fresh and true to the strain rather than harsh or burnt. A solid choice for unwinding in the evening or whenever you want smooth, flavorful pulls with serious potency behind them."
01a0343d-441e-74bc-9349-6d9229499a3f,CONNECTED CANNABIS CO,COLD CHAIN CARTRIDGE [1G] PINEAPPLE JACK - 1 G,CARTRIDGE,1G,,75.65%,0.12%,50.05,,False,connected-cannabis-co-connected-cannabis-co-cold-chain-cartridge-1g-pineapple-jack,https://d14jfwlo68bhyr.cloudfront.net/products/1788953709753-1b0028bc-19c9-4bd7-996e-bf4492aba8f1.webp,,"Connected Cannabis Co's Pineapple Jack Cold Chain Cartridge delivers a bright, tropical cannabis experience in a potent 1g 510-thread vape, testing at 75.65% THC for a hard-hitting yet clear-headed effect that suits daytime use, creative sessions, or social hangs. The Pineapple Jack strain is known for its sweet, tangy pineapple and citrus flavor profile with an energizing, uplifting feel that keeps you functional and focused. Cold Chain handling by Connected Cannabis Co preserves terpene integrity from dispensary to door, so every hit stays fresh and flavorful."
019db8cd-2a46-79eb-a4ae-db22b7247e3c,CONNECTED CANNABIS CO,COLD CHAIN CARTRIDGE [1G] SKYWALKER OG - 1 G,CARTRIDGE,1G,HYBRID,73.63%,0.24%,50.05,,False,connected-cannabis-co-connected-cannabis-co-cold-chain-cartridge-1g-skywalker-og,https://d14jfwlo68bhyr.cloudfront.net/products/1774530126123-5e679b97-1364-4524-b689-1d3a99f1fc43.webp,,
019e8467-1fec-7ab3-8a88-e55beb0c157d,CONNECTED CANNABIS CO,CURED RESIN CARTRIDGE [1G] CHROME - 1 G,CARTRIDGE,1G,HYBRID,75.24%,,21.05,,False,connected-cannabis-co-connected-cannabis-co-cured-resin-cartridge-1g-chrome,https://d14jfwlo68bhyr.cloudfront.net/products/1780422349698-d263db27-e08c-486d-9730-63ed3551612a.webp,,"This Connected Cannabis Co cured resin cartridge delivers the Chrome hybrid strain in a convenient 510-thread format, offering balanced effects perfect for any time of day. The cured resin extraction process preserves the strain's natural terpene profile for enhanced flavor and potency. Compatible with standard vape batteries, this 1-gram cartridge provides smooth, consistent draws with the quality craftsmanship Connected Cannabis Co is known for."
01983381-f7af-73cd-b974-35b374773b76,DABWOODS,CARTRIDGE [1G] BANANA OG - 1 G,CARTRIDGE,1G,HYBRID,87.64%,0.23%,20.05,EVERYDAY DISCOUNT - DABWOODS - 30%,True,dabwoods-dabwoods-cartridge-1g-banana-og,https://d1hhy58mqsa6c3.cloudfront.net/916928a7-444e-4ad3-bfd0-b799e8385e4d/fbc9c2cf-7faf-42c4-9b92-9a4929a75d9d,,"The Dabwoods Banana OG Cartridge is a 1-gram, 510-thread vape cart featuring high-potency THC distillate oil (often testing at 85% - 95%+ THC) infused with strain-specific terpenes. This strain is an Indica-Dominant Hybrid (a cross of OG Kush x Banana) celebrated for its potent, creeping high that begins with a clear-headed euphoria and melts into heavy body relaxation. The flavor profile is defined by sweet, overripe banana, creamy earth, and pungent pine. Due to its high potency and sedative nature, it is best reserved for late afternoon or evening use when deep stress relief, pain management, and sleep support are the goal."
01983382-f3b6-75f4-b773-5f546f1379dc,DABWOODS,CARTRIDGE [1G] BLUE DREAM - 1 G,CARTRIDGE,1G,SATIVA,87.82%,0.33%,20.05,EVERYDAY DISCOUNT - DABWOODS - 30%,True,dabwoods-dabwoods-cartridge-1g-blue-dream,https://d1hhy58mqsa6c3.cloudfront.net/916928a7-444e-4ad3-bfd0-b799e8385e4d/7e5efa7c-0bf7-4ec9-a232-11fb3fc31be2,,"The Dabwoods Blue Dream Cartridge is a 1-gram, 510-thread vape cart featuring high-potency THC distillate oil (often testing at 85% - 95%+ THC) infused with strain-specific terpenes. This classic strain is a potent Sativa-Dominant Hybrid (a cross of Blueberry x Haze) renowned for its smooth, clear-headed effects. The flavor profile is dominated by sweet blueberry, creamy vanilla, and earthy herbal notes. It delivers a powerful yet highly functional high, providing uplifting cerebral energy, creativity, and mood elevation along with a comforting, light body calm, making it an excellent, versatile choice for daytime use, creative work, and social settings."
01983385-0db1-7e09-8cf8-98ad841ef1ca,DABWOODS,CARTRIDGE [1G] GEORGIA PEACH - 1 G,CARTRIDGE,1G,INDICA,86.16%,0.34%,20.05,EVERYDAY DISCOUNT - DABWOODS - 30%,True,dabwoods-dabwoods-cartridge-1g-georgia-peach,https://d1hhy58mqsa6c3.cloudfront.net/916928a7-444e-4ad3-bfd0-b799e8385e4d/0b5977ad-063c-42b6-a407-fa5d7287f806,,"The Dabwoods Georgia Peach Cartridge is a 1-gram, 510-thread vape cart featuring high-potency THC distillate oil (typically testing in the high 85% - 90%+ THC range). This is a Flavor-Focused Hybrid product, infused with botanical terpenes to replicate the sweet and juicy taste of a ripe Georgia peach.  The effects are generally consistent with a Balanced Hybrid, offering a pleasing blend of mental euphoria and a comfortable, light physical relaxation. It is a delightful and highly approachable vape for anytime use, particularly favored by those who enjoy dessert-like, fruity flavors."
01969c6f-55b5-7aa8-9521-ccf34478064f,DABWOODS,CARTRIDGE [1G] KING LOUIE OG - 1 G,CARTRIDGE,1G,INDICA,86.89%,0.33%,20.05,EVERYDAY DISCOUNT - DABWOODS - 30%,True,dabwoods-dabwoods-cartridge-1g-king-louie-og,https://d1hhy58mqsa6c3.cloudfront.net/916928a7-444e-4ad3-bfd0-b799e8385e4d/96a347d0-5ca3-425f-8845-359a4e849b4f,,"The Dabwoods King Louie OG Cartridge is a 1-gram, 510-thread vape cart containing high-purity THC Distillate Oil, which typically tests very high, often in the 88% - 93%+ THC range. Dabwoods is known for infusing its oil with refined terpenes to match the classic strain profile.  King Louie OG (a cross of OG Kush x LA Confidential) is a powerful Indica-Dominant Hybrid renowned for its deep, sedating relaxation and classic OG Kush flavor.  The flavor profile is classically Dank, Piney, and Earthy, with a sharp, noticeable citrus/diesel undertone. The effects are overwhelmingly sedative and euphoric, providing profound physical relief and mental calmness. This is a top choice for experienced users seeking reliable nighttime relief."
01983385-9bed-7d66-b0b8-496baa672aac,DABWOODS,CARTRIDGE [1G] PINEAPPLE KUSH - 1 G,CARTRIDGE,1G,HYBRID,86.90%,0.35%,20.05,EVERYDAY DISCOUNT - DABWOODS - 30%,True,dabwoods-dabwoods-cartridge-1g-pineapple-kush,https://d1hhy58mqsa6c3.cloudfront.net/916928a7-444e-4ad3-bfd0-b799e8385e4d/d2552661-b9f5-4203-b44d-77aa281f01e9,,"The DABWOODS - CARTRIDGE [1G] PINEAPPLE KUSH is a high-potency Hybrid Distillate vape, with THC levels typically around 90%. It delivers a vacation-like flavor profile of sweet pineapple, creamy caramel, and earthy Kush. This cartridge is highly valued for its harmonious blend of uplifting and mellowing effects, offering a happy euphoria paired with gentle body relaxation, making it a great choice for destressing and finding a creative, tranquil calm."
01951af3-df54-7b20-8b6a-4935ee0380e1,DABWOODS,DAB BAR READY TO USE VAPORIZER [1G] BANANA OG - 1 G,CARTRIDGE,1G,HYBRID,88.88%,0.22%,38.04,EVERYDAY DISCOUNT - DABWOODS - 30%,True,dabwoods-dabwoods-dab-bar-ready-to-use-vaporizer-1g-banana-og,https://d14jfwlo68bhyr.cloudfront.net/j48KiVDfAe.webp,,"The DABWOODS DAB BAR Ready To Use Vaporizer [1G] in Banana OG is a convenient, all-in-one disposable vape pen containing a full gram of highly potent, dominant Indica oil. This vaporizer is celebrated for its powerful, sedative effects and its distinctive flavor profile of sweet, ripe banana and creamy notes, grounded by classic earthy, pungent fuel, and Kush undertones. It provides an immediate sense of euphoria that swiftly transitions into a profound and heavy full-body relaxation, making it an easy-to-use and reliable choice for nighttime use, combating insomnia, and achieving deep, tranquil rest."
01951af3-df55-7537-9df0-b6900ef02591,DABWOODS,DAB BAR READY TO USE VAPORIZER [1G] BLUE DREAM - 1 G,CARTRIDGE,1G,HYBRID,88.61%,0.22%,38.04,EVERYDAY DISCOUNT - DABWOODS - 30%,True,dabwoods-dabwoods-dab-bar-ready-to-use-vaporizer-1g-blue-dream,https://d14jfwlo68bhyr.cloudfront.net/po4hrwbjNQ.webp,,"The DABWOODS DAB BAR Ready To Use Vaporizer [1G] in Blue Dream is a convenient, all-in-one disposable vape pen containing a full gram of highly potent, classic Sativa-Dominant Hybrid oil. This vaporizer is celebrated for its versatile, functional effects and iconic flavor profile of sweet, ripe blueberries and mixed berries complemented by spicy, earthy, and haze undertones. It provides an immediate and invigorating cerebral rush that encourages focus, creativity, and energy, balanced by a gentle body calm, making it an easy-to-use and reliable choice for all-day use, productivity, and mood elevation."
01951af3-df56-77d3-98d0-d932bfb20a71,DABWOODS,DAB BAR READY TO USE VAPORIZER [1G] BLUE RASPBERRY SLUSHEE - 1 G,CARTRIDGE,1G,SATIVA,87.47%,0.26%,38.04,EVERYDAY DISCOUNT - DABWOODS - 30%,True,dabwoods-dabwoods-dab-bar-ready-to-use-vaporizer-1g-blue-raspberry-slushee,https://d14jfwlo68bhyr.cloudfront.net/V4ZRNvYMsy.webp,,"The DABWOODS DAB BAR Ready To Use Vaporizer [1G] in Blue Raspberry Slushee is a convenient, all-in-one disposable vape pen containing a full gram of highly potent, often Sativa-Leaning Hybrid oil, celebrated for its intensely nostalgic flavor. This vaporizer delivers a taste profile dominated by sweet, sugary, and slightly tart blue raspberry candy, with a refreshing and smooth finish. It provides an immediate and powerful euphoric cerebral rush that encourages uplifting energy and sociability, making it an easy-to-use and reliable choice for daytime enjoyment, mood elevation, and functional focus."
01951af3-df57-7827-901e-19e2dafbe76f,DABWOODS,DAB BAR READY TO USE VAPORIZER [1G] GEORGIA PEACH - 1 G,CARTRIDGE,1G,INDICA,87.19%,0.22%,38.04,EVERYDAY DISCOUNT - DABWOODS - 30%,True,dabwoods-dabwoods-dab-bar-ready-to-use-vaporizer-1g-georgia-peach,https://d1hhy58mqsa6c3.cloudfront.net/916928a7-444e-4ad3-bfd0-b799e8385e4d/f9fcd7a3-3491-4cbc-a0bd-27eb9fbdeea5,,"The DABWOODS DAB BAR Ready To Use Vaporizer [1G] in Georgia Peach is a convenient, all-in-one disposable vape pen containing a full gram of highly potent, generally Balanced Hybrid oil. This vaporizer is celebrated for its sweet, aromatic flavor profile, dominated by the juicy, ripe taste of Georgia peaches with a smooth, earthy finish. It provides a balanced high, starting with a euphoric mental uplift that effectively boosts mood and is followed by a mellow, comfortable body relaxation, making it an easy-to-use and reliable choice for all-day enjoyment, stress relief, and maintaining a cheerful, functional state."
01951af3-df59-7235-8c64-9736bc3b03fd,DABWOODS,DAB BAR READY TO USE VAPORIZER [1G] KING LOUIE OG - 1 G,CARTRIDGE,1G,INDICA,88.79%,0.22%,38.04,EVERYDAY DISCOUNT - DABWOODS - 30%,True,dabwoods-dabwoods-dab-bar-ready-to-use-vaporizer-1g-king-louie-og,https://d14jfwlo68bhyr.cloudfront.net/1BB8K9LQx6.webp,,"The DABWOODS DAB BAR Ready To Use Vaporizer [1G] in King Louie OG is a convenient, all-in-one disposable vape pen containing a full gram of highly potent, dominant Indica oil. This vaporizer is celebrated for its powerful, sedative effects and classic OG flavor profile, dominated by pungent diesel fuel, spicy pine, and earthy musk. It provides an immediate and heavy full-body high that is intensely effective at relieving pain, muscle tension, and stress, making it an easy-to-use and reliable choice for nighttime use, combating insomnia, and achieving tranquil, deep rest."
01951af3-df5a-7b42-98b2-8b726d4bf584,DABWOODS,DAB BAR READY TO USE VAPORIZER [1G] MOONWALKER PURPS - 1 G,CARTRIDGE,1G,INDICA,89.06%,0.24%,38.04,EVERYDAY DISCOUNT - DABWOODS - 30%,True,dabwoods-dabwoods-dab-bar-ready-to-use-vaporizer-1g-moonwalker-purps,https://d14jfwlo68bhyr.cloudfront.net/422EGW7oUE.webp,,"The DABWOODS DAB BAR Ready To Use Vaporizer [1G] in Moonwalker Purps is a convenient, all-in-one disposable vape pen containing a full gram of highly potent, generally Indica-Leaning Hybrid oil. This vaporizer is celebrated for its relaxing effects and rich flavor profile, dominated by sweet, dark grape and berry notes complemented by earthy, musky, and subtle pungent undertones. It provides an immediate sense of euphoria that quickly transitions into a profound and comforting full-body relaxation, making it an easy-to-use and reliable choice for evening unwinding, stress relief, and achieving restful sleep."
019d4b58-81fe-7cd9-b55b-161ba5bfe845,DABWOODS,DAB BAR READY TO USE VAPORIZER [1G] MOTHERS MILK - 1 G,CARTRIDGE,1G,HYBRID,88.33%,0.21%,38.04,EVERYDAY DISCOUNT - DABWOODS - 30%,True,dabwoods-dabwoods-dab-bar-ready-to-use-vaporizer-1g-mothers-milk,https://d14jfwlo68bhyr.cloudfront.net/banners/1773259039922-578a1473-9622-4e12-be9b-e902d8690b58.webp,,
01951af3-df5c-7231-adb4-e11833429f04,DABWOODS,DAB BAR READY TO USE VAPORIZER [1G] PINEAPPLE KUSH - 1 G,CARTRIDGE,1G,HYBRID,87.20%,0.20%,38.04,EVERYDAY DISCOUNT - DABWOODS - 30%,True,dabwoods-dabwoods-dab-bar-ready-to-use-vaporizer-1g-pineapple-kush,https://d14jfwlo68bhyr.cloudfront.net/cQGY2pWlwp.webp,,"The DABWOODS DAB BAR Ready To Use Vaporizer [1G] in Pineapple Kush is a convenient, all-in-one disposable vape pen containing a full gram of highly potent, Indica-Leaning Hybrid oil. This vaporizer is celebrated for its relaxing effects and distinct flavor profile, dominated by sweet, tropical pineapple notes perfectly complemented by classic earthy Kush, pine, and gas undertones. It provides an immediate sense of euphoria and mood elevation that quickly transitions into a profound and comforting full-body relaxation, making it an easy-to-use and reliable choice for evening stress relief and promoting tranquil rest."
01951af3-df5d-7c85-9b79-3f9cfbe8195e,DABWOODS,DAB BAR READY TO USE VAPORIZER [1G] SOUR DIESEL - 1 G,CARTRIDGE,1G,HYBRID,87.93%,0.29%,38.04,EVERYDAY DISCOUNT - DABWOODS - 30%,True,dabwoods-dabwoods-dab-bar-ready-to-use-vaporizer-1g-sour-diesel,https://d14jfwlo68bhyr.cloudfront.net/pN8tQD8ZMF.webp,,"The DABWOODS DAB BAR Ready To Use Vaporizer [1G] in Sour Diesel is a convenient, all-in-one disposable vape pen containing a full gram of highly potent, dominant Sativa oil. This vaporizer is celebrated for its powerful, energetic effects and iconic, intense flavor profile, dominated by pungent diesel fuel, gassy musk, and sharp citrus notes. It provides an immediate and powerful euphoric cerebral rush that encourages motivation, focus, and creativity, making it an easy-to-use and reliable choice for all-day use, productivity, and clear-minded mood elevation."
01951af3-df5e-78a3-a2bc-512286230f8d,DABWOODS,DAB BAR READY TO USE VAPORIZER [1G] WATERMELON Z - 1 G,CARTRIDGE,1G,INDICA,87.52%,0.30%,38.04,EVERYDAY DISCOUNT - DABWOODS - 30%,True,dabwoods-dabwoods-dab-bar-ready-to-use-vaporizer-1g-watermelon-z,https://d14jfwlo68bhyr.cloudfront.net/nKYXZuBxgp.webp,,"The DABWOODS DAB BAR Ready To Use Vaporizer [1G] in Watermelon Z is a convenient, all-in-one disposable vape pen containing a full gram of highly potent, generally Indica-Leaning Hybrid oil. This vaporizer is celebrated for its soothing effects and delicious flavor profile, dominated by the sweet, juicy taste of ripe watermelon blended with sugary, mixed-fruit candy notes. It provides an initial euphoric mental lift that transitions into a profound and comforting full-body relaxation, making it an easy-to-use and reliable choice for evening stress relief and promoting a tranquil, happy state."
0198337e-8911-7c73-8c1b-eeb10e5e3096,DABWOODS,DAB BAR X EXOTICS LIQUID DIAMOND READY TO USE VAPORIZER [1G] CREME DE LA CAKE - 1 G,CARTRIDGE,1G,INDICA,87.94%,0.14%,50.05,EVERYDAY DISCOUNT - DABWOODS - 30%,True,dabwoods-dabwoods-dab-bar-x-exotics-liquid-diamond-ready-to-use-vaporizer-1g-creme-de-la-cake,https://d1hhy58mqsa6c3.cloudfront.net/916928a7-444e-4ad3-bfd0-b799e8385e4d/48a68a69-1f98-4e91-a93a-963f1bfa86ff,,"The DABWOODS DAB BAR X EXOTICS Liquid Diamond Ready To Use Vaporizer [1G] in Crème de la Cake is an ultra-potent, collaborative, all-in-one disposable vape pen containing a full gram of highly purified Liquid Diamond concentrate from an Indica-Dominant Hybrid strain. This premium vaporizer is celebrated for its powerful, sedative effects and decadent flavor profile, dominated by rich, creamy vanilla frosting and sweet cake batter notes. It delivers an intense euphoric high that smoothly melts into a comforting and profound body relaxation, making it a reliable and luxurious choice for evening unwinding and achieving deep, tranquil rest."
0198337f-41f7-7f20-a731-360daf8668b7,DABWOODS,DAB BAR X EXOTICS LIQUID DIAMOND READY TO USE VAPORIZER [1G] GRAPE GOD - 1 G,CARTRIDGE,1G,INDICA,87.92%,0.31%,50.05,EVERYDAY DISCOUNT - DABWOODS - 30%,True,dabwoods-dabwoods-dab-bar-x-exotics-liquid-diamond-ready-to-use-vaporizer-1g-grape-god,https://d1hhy58mqsa6c3.cloudfront.net/916928a7-444e-4ad3-bfd0-b799e8385e4d/7d86635f-d7a3-4dd9-9580-7f70b30938fd,,"The DABWOODS DAB BAR X EXOTICS Liquid Diamond Ready To Use Vaporizer [1G] in Grape God is an ultra-potent, collaborative, all-in-one disposable vape pen containing a full gram of highly purified Liquid Diamond concentrate from a dominant Indica strain. This premium vaporizer is celebrated for its powerful, sedative effects and authentic flavor profile, dominated by sweet, candied grape and dark berry notes. It delivers an intense euphoric high that smoothly transitions into a profound and heavy full-body relaxation, making it a reliable and potent choice for nighttime use, combating insomnia, and achieving deep, tranquil rest."
0198337f-fa1b-7efe-af0c-2d3fd43916e3,DABWOODS,DAB BAR X EXOTICS LIQUID DIAMOND READY TO USE VAPORIZER [1G] HI-Z - 1 G,CARTRIDGE,1G,HYBRID,90.11%,0.20%,50.05,EVERYDAY DISCOUNT - DABWOODS - 30%,True,dabwoods-dabwoods-dab-bar-x-exotics-liquid-diamond-ready-to-use-vaporizer-1g-hiz,https://d1hhy58mqsa6c3.cloudfront.net/916928a7-444e-4ad3-bfd0-b799e8385e4d/e8ee102c-5c60-42c6-9520-8e58384c5dec,,"The DABWOODS DAB BAR X EXOTICS Liquid Diamond Ready To Use Vaporizer [1G] in Hi-Z is an ultra-potent, collaborative, all-in-one disposable vape pen containing a full gram of highly purified Liquid Diamond concentrate from a Balanced Hybrid strain. This premium vaporizer is celebrated for its highly energetic and functional effects and complex flavor profile, dominated by a rush of tropical fruit punch, citrus, berries, mango, and melon. It delivers an intense euphoric cerebral rush that promotes happiness and clear-headedness, making it a reliable and flavorful choice for all-day use, creativity, and mood elevation."
01983380-981f-7225-bc4f-ec9774b2c087,DABWOODS,DAB BAR X EXOTICS LIQUID DIAMOND READY TO USE VAPORIZER [1G] KIWI LATTO - 1 G,CARTRIDGE,1G,HYBRID,88.10%,0.27%,50.05,EVERYDAY DISCOUNT - DABWOODS - 30%,True,dabwoods-dabwoods-dab-bar-x-exotics-liquid-diamond-ready-to-use-vaporizer-1g-kiwi-latto,https://d1hhy58mqsa6c3.cloudfront.net/916928a7-444e-4ad3-bfd0-b799e8385e4d/7efe2d52-7747-49d8-b454-6683290443c8,,"The DABWOODS DAB BAR X EXOTICS Liquid Diamond Ready To Use Vaporizer [1G] in Kiwi Latto is an ultra-potent, collaborative, all-in-one disposable vape pen containing a full gram of highly purified Liquid Diamond concentrate from a Balanced Hybrid strain. This premium vaporizer is celebrated for its versatile effects and unique flavor profile, dominated by the sweet and slightly tart taste of kiwi layered with creamy, doughy, and sweet dessert notes. It delivers an immediate and intense euphoric cerebral lift that transitions into a comfortable body relaxation, making it a reliable and flavorful choice for all-day functional enjoyment and mood elevation."
01983381-46a7-761d-892e-9f57b62fc3c0,DABWOODS,DAB BAR X EXOTICS LIQUID DIAMOND READY TO USE VAPORIZER [1G] SOUR DREAM - 1 G,CARTRIDGE,1G,SATIVA,88.10%,0.20%,50.05,EVERYDAY DISCOUNT - DABWOODS - 30%,True,dabwoods-dabwoods-dab-bar-x-exotics-liquid-diamond-ready-to-use-vaporizer-1g-sour-dream,https://d1hhy58mqsa6c3.cloudfront.net/916928a7-444e-4ad3-bfd0-b799e8385e4d/bd140c1f-9ea9-4b28-bb86-422e3c6aaa9d,,"The DABWOODS DAB BAR X EXOTICS Liquid Diamond Ready To Use Vaporizer [1G] in Sour Dream is an ultra-potent, collaborative, all-in-one disposable vape pen containing a full gram of highly purified Liquid Diamond concentrate from a dominant Sativa strain. This premium vaporizer is celebrated for its powerful, energetic, and functional effects and complex flavor profile, dominated by pungent diesel and gassy musk blended with sweet blueberry and fruity haze notes. It delivers an immediate and intense euphoric cerebral rush that encourages focus and creativity, making it a reliable and potent choice for all-day use, productivity, and clear-minded mood elevation."
01951af3-fb35-7c75-a406-fe3e571d290b,DABWOODS,LIQUID DIAMOND DAB BAR READY TO USE VAPORIZER [1G] BLUE MELONADE - 1 G,CARTRIDGE,1G,SATIVA,88.55%,0.21%,40.04,EVERYDAY DISCOUNT - DABWOODS - 30%,True,dabwoods-dabwoods-liquid-diamond-dab-bar-ready-to-use-vaporizer-1g-blue-melonade,https://d14jfwlo68bhyr.cloudfront.net/banners/1769474981784-f3984ac4-9c85-4d48-a13b-e42ae43ef246.webp,,"The DABWOODS Blue Melonade 1G Liquid Diamond DAB BAR is an ultra-potent disposable vape (approx. 86%-88%+ THC). This Sativa strain delivers a powerful, energetic, creative, and highly focused high. The flavor is a smooth, zesty blend of Sweet Blueberry and Ripe Melon with a Lemonade Finish. It is a premium choice for users seeking maximum potency and an enjoyable, functional daytime experience."
0195e925-dab5-7e82-b427-fd70a287e0b2,DABWOODS,LIQUID DIAMOND DAB BAR READY TO USE VAPORIZER [1G] CITRUS BURST - 1 G,CARTRIDGE,1G,HYBRID,88.71%,0.20%,40.04,EVERYDAY DISCOUNT - DABWOODS - 30%,True,dabwoods-dabwoods-liquid-diamond-dab-bar-ready-to-use-vaporizer-1g-citrus-burst,https://d14jfwlo68bhyr.cloudfront.net/banners/1769475036303-16ece296-9a67-4f0e-9e1f-8ec09f976fde.webp,,"The DABWOODS Citrus Burst 1G Liquid Diamond DAB BAR is an ultra-potent disposable vape (approx. 86%-90% THC). This Sativa strain delivers a powerful, energetic, highly focused, and creatively stimulating high. The flavor is a bright, zesty blend of Sweet Orange and Tangy Lemon. It is an excellent choice for users seeking maximum potency and a functional, flavorful daytime experience."
01951af3-fb37-7f76-a0bf-78d4d25f6e03,DABWOODS,LIQUID DIAMOND DAB BAR READY TO USE VAPORIZER [1G] GUMMI,CARTRIDGE,1G,HYBRID,90.59%,0.24%,40.04,EVERYDAY DISCOUNT - DABWOODS - 30%,True,dabwoods-dabwoods-liquid-diamond-dab-bar-ready-to-use-vaporizer-1g-gummi,https://d14jfwlo68bhyr.cloudfront.net/banners/1769475131041-a97e15f2-9f01-44bd-b8a7-dd2ab758d072.webp,,"The DABWOODS Gummi 1G Liquid Diamond DAB BAR is an ultra-potent disposable vape (approx. 87%-89% THC). This Hybrid strain delivers a powerful, mellow, balanced, and cheerfully relaxing high. The flavor is an authentic, sweet blend of Fruity Candy, Tropical Citrus, and Earthy Pine. It is an excellent choice for users seeking maximum potency and a fun, versatile, and flavorful all-day vape."
01951af3-fb38-7bb5-a991-6ec6b686f429,DABWOODS,LIQUID DIAMOND DAB BAR READY TO USE VAPORIZER [1G] LEGEND OG - 1 G,CARTRIDGE,1G,INDICA,86.50%,0.28%,40.04,EVERYDAY DISCOUNT - DABWOODS - 30%,True,dabwoods-dabwoods-liquid-diamond-dab-bar-ready-to-use-vaporizer-1g-legend-og,https://d14jfwlo68bhyr.cloudfront.net/banners/1769475229397-0ac0e58a-ad44-45cd-8b09-f39e913ac2ed.webp,,"The DABWOODS Legend OG 1G Liquid Diamond DAB BAR is an ultra-potent disposable vape (approx. 86%-91% THC). This Indica strain delivers a powerful, sedative, euphoric, and deeply tranquil high. The flavor is a classic blend of Earthy Pine, Sweet Citrus, and Diesel. It is a premium choice for users seeking maximum potency and effective, nighttime relaxation."
01951af3-fb39-7d29-8853-238f789e8cc9,DABWOODS,LIQUID DIAMOND DAB BAR READY TO USE VAPORIZER [1G] LEMON CHERRY GELATO,CARTRIDGE,1G,HYBRID,86.24%,0.32%,40.04,EVERYDAY DISCOUNT - DABWOODS - 30%,True,dabwoods-dabwoods-liquid-diamond-dab-bar-ready-to-use-vaporizer-1g-lemon-cherry-gelato,https://d14jfwlo68bhyr.cloudfront.net/banners/1769475285921-45dca744-b45b-4578-a5c2-9f113af9f958.webp,,"The DABWOODS Lemon Cherry Gelato 1G Liquid Diamond DAB BAR is an ultra-potent disposable vape (approx. 85%-90% THC). This Indica-Hybrid delivers a powerful, euphoric, happy, and balanced relaxing high. The flavor is a smooth, sophisticated blend of Tart Lemon, Sweet Cherry, and Creamy Dessert notes. It is a premium choice for users seeking maximum potency and a flavorful, well-balanced experience."
01951af3-fb3a-7eff-a717-822fdd2bf46b,DABWOODS,LIQUID DIAMOND DAB BAR READY TO USE VAPORIZER [1G] MARSHMALLOW DREAM - 1 G,CARTRIDGE,1G,INDICA,87.20%,0.28%,40.04,EVERYDAY DISCOUNT - DABWOODS - 30%,True,dabwoods-dabwoods-liquid-diamond-dab-bar-ready-to-use-vaporizer-1g-marshmallow-dream,https://d14jfwlo68bhyr.cloudfront.net/banners/1769475353544-76107536-918a-41c3-96c4-264b41336ce0.webp,,"The DABWOODS Marshmallow Dream 1G Liquid Diamond DAB BAR is an ultra-potent disposable vape (approx. 87%-92% THC). This Indica strain delivers a powerful, deeply relaxing, calming, and soothing high. The flavor is a smooth, authentic blend of Sweet Marshmallow and Creamy Vanilla. It is a premium choice for users seeking maximum potency and a cozy, delicious experience for nighttime tranquility."
01951af3-fb3b-7bf7-8600-eae5f9537d61,DABWOODS,LIQUID DIAMOND DAB BAR READY TO USE VAPORIZER [1G] RAINBOW BLAST - 1 G,CARTRIDGE,1G,HYBRID,85.76%,0.23%,40.04,EVERYDAY DISCOUNT - DABWOODS - 30%,True,dabwoods-dabwoods-liquid-diamond-dab-bar-ready-to-use-vaporizer-1g-rainbow-blast,https://d14jfwlo68bhyr.cloudfront.net/banners/1769475397078-c21eed43-dac1-4da6-8bdc-1f542845242f.webp,,"The DABWOODS Rainbow Blast 1G Liquid Diamond DAB BAR is an ultra-potent disposable vape (approx. 87%-89% THC). This Hybrid strain delivers a powerful, euphoric, creative, and mellow relaxing high. The flavor is a bright, explosive blend of Sweet and Tart Rainbow Candy/Fruit. It is a premium choice for users seeking maximum potency and an enjoyable, versatile, and flavorful experience."
01951af3-fb3d-72a9-84fb-a6a51d240a4d,DABWOODS,LIQUID DIAMOND DAB BAR READY TO USE VAPORIZER [1G] SOUR APPLE TWIST - 1 G,CARTRIDGE,1G,HYBRID,87.05%,0.21%,40.04,EVERYDAY DISCOUNT - DABWOODS - 30%,True,dabwoods-dabwoods-liquid-diamond-dab-bar-ready-to-use-vaporizer-1g-sour-apple-twist,https://d14jfwlo68bhyr.cloudfront.net/banners/1769475483912-5ba8e626-1c7c-42a7-8d4f-ebc4e9d1e0b4.webp,,"The DABWOODS Sour Apple Twist 1G Liquid Diamond DAB BAR is an ultra-potent disposable vape (approx. 85%-90% THC). This Sativa-Hybrid strain delivers a powerful, euphoric, focused, and energetic high. The flavor is an intense, zesty blend of Tart Green Apple Candy, Sweet Fruit, and Tangy Citrus. It is a premium choice for users seeking maximum potency and a highly functional, uniquely flavored daytime experience."
01951af3-fb3e-7add-8b6a-9c15bb9366a0,DABWOODS,LIQUID DIAMOND DAB BAR READY TO USE VAPORIZER [1G] TANGIE,CARTRIDGE,1G,SATIVA,84.82%,0.22%,40.04,EVERYDAY DISCOUNT - DABWOODS - 30%,True,dabwoods-dabwoods-liquid-diamond-dab-bar-ready-to-use-vaporizer-1g-tangie,https://d14jfwlo68bhyr.cloudfront.net/banners/1769475528720-d9742f19-405f-4dac-aeb8-9360f531c23b.webp,,"The DABWOODS Tangie 1G Liquid Diamond DAB BAR is an ultra-potent disposable vape (approx. 88%-93% THC). This Sativa strain delivers a powerful, energetic, creative, and intensely euphoric high. The flavor is a vibrant, unmistakable burst of Fresh Tangerine and Sweet Citrus. It is a premium choice for users seeking maximum potency and a highly functional, delicious daytime experience."
0195e926-c42b-7b87-b1d6-f56a0e49f99d,DABWOODS,LIQUID DIAMOND DAB BAR READY TO USE VAPORIZER [1G] TRUFFLE BERRY - 1 G,CARTRIDGE,1G,INDICA,86.92%,0.36%,40.04,EVERYDAY DISCOUNT - DABWOODS - 30%,True,dabwoods-dabwoods-liquid-diamond-dab-bar-ready-to-use-vaporizer-1g-truffle-berry,https://d14jfwlo68bhyr.cloudfront.net/banners/1769475586249-ba72e0d5-48f8-41e0-9d7d-b2fe2131d0e6.webp,,"The DABWOODS Truffle Berry 1G Liquid Diamond DAB BAR is an ultra-potent disposable vape (approx. 85%-92% THC). This Indica strain delivers a powerful, euphoric, deeply relaxing, and tranquil high. The flavor is a smooth, decadent fusion of Sweet Blueberries and Rich, Earthy Truffle Essence. It is a premium choice for users seeking maximum potency and a deliciously sophisticated experience for nighttime serenity."
01a08cb1-86c7-7dc9-925a-f9b7f75345d9,DABWOODS,POD STARTER KIT [1G] BLUE DREAM - 1 G,CARTRIDGE,1G,,89.13%,0.30%,45.05,EVERYDAY DISCOUNT - DABWOODS - 30%,True,dabwoods-dabwoods-pod-starter-kit-1g-blue-dream,,,
019be6fa-03d5-79ce-9db7-ea748bfd63ba,DABWOODS,POD STARTER KIT [1G] CHERRY KISS - 1 G,CARTRIDGE,1G,HYBRID,87.60%,0.09%,45.05,EVERYDAY DISCOUNT - DABWOODS - 30%,True,dabwoods-dabwoods-pod-starter-kit-1g-cherry-kiss,https://d14jfwlo68bhyr.cloudfront.net/banners/1769475657367-581ffba4-6a16-47df-b1c0-fbccbb6d10ef.webp,,"This DABWOODS Cherry Kiss hybrid pod starter kit delivers potent 87.6% THC in a convenient 1-gram cartridge that's ready to use right out of the box. The balanced hybrid effects make it perfect for any time of day, while the sweet cherry flavor profile provides a smooth, flavorful cannabis vaping experience. Complete with everything you need to start vaping, this high-potency concentrate offers both convenience and quality from the trusted DABWOODS brand."
019db8ec-74fd-720a-b57a-baeac87b3e17,DABWOODS,POD STARTER KIT [1G] GEORGIA PEACH - 1 G,CARTRIDGE,1G,HYBRID,85.96%,0.34%,42.05,EVERYDAY DISCOUNT - DABWOODS - 30%,True,dabwoods-dabwoods-pod-starter-kit-1g-georgia-peach,https://d14jfwlo68bhyr.cloudfront.net/products/1784218839744-9ee46e98-6c14-459a-9bcb-aa0b23825386.webp,,"The Dabwoods Georgia Peach pod starter kit is a 1g hybrid cannabis vape that delivers sweet, ripe peach flavor with every draw — smooth, fruity, and easy to enjoy any time of day. This pod system is a great pick for vape newcomers or anyone looking for a convenient, ready-to-use setup straight from the dispensary. The balanced hybrid effects make it a versatile option for relaxed socializing or unwinding without being locked to the couch."
019be6f9-0d69-7518-96c5-d5800cf39199,DABWOODS,POD STARTER KIT [1G] STRAWBERRY XO FUEL - 1 G,CARTRIDGE,1G,HYBRID,88.10%,0.09%,45.05,EVERYDAY DISCOUNT - DABWOODS - 30%,True,dabwoods-dabwoods-pod-starter-kit-1g-strawberry-xo-fuel,https://d14jfwlo68bhyr.cloudfront.net/banners/1769475728492-ab81e7b7-eea8-413f-9d72-70359273949e.webp,,"This DABWOODS pod starter kit delivers potent 88.1% THC cannabis concentrate in the balanced Strawberry XO Fuel hybrid strain. Perfect for experienced users seeking powerful effects with sweet strawberry flavor, this 1-gram cartridge system offers convenient, discreet vaping for any time of day."
01951af4-0a01-70d0-a3e1-2267855d3e87,DABWOODS,POD [1G] BANANA OG,CARTRIDGE,1G,HYBRID,88.46%,0.21%,30.05,EVERYDAY DISCOUNT - DABWOODS - 30%,True,dabwoods-dabwoods-pod-1g-banana-og,https://d14jfwlo68bhyr.cloudfront.net/O4IUP75qat.webp,,"The Dabwoods Pod Banana OG [1G] is a pinnacle hybrid solution designed for the user who demands a sophisticated ""tropical-kush"" profile and a heavy, high-luxury high. Utilizing Dabwoods' signature high-potency distillate, this pod delivers a sensory journey characterized by creamy overripe banana and sweet tropical fruit, finished with a robust earthy OG exhale. The effects are masterfully sedative, offering a slow-building euphoria that dissolves mental stress before settling into a profound, ""tingly"" physical relaxation that eases tension and encourages rest. Housed in the industry-leading Dabwoods proprietary hardware, the Banana OG pod provides a discrete, high-capacity session that satisfies the palate with its ""banana-confection"" complexity and the body with its trademark ""stony"" and restorative power."
01951af4-0a06-7ec3-b94a-b856bde4c18f,DABWOODS,POD [1G] BLUE RASPBERRY SLUSHEE,CARTRIDGE,1G,SATIVA,84.98%,0.33%,30.05,EVERYDAY DISCOUNT - DABWOODS - 30%,True,dabwoods-dabwoods-pod-1g-blue-raspberry-slushee,https://d14jfwlo68bhyr.cloudfront.net/5zPlXB3Sef.webp,,"The Dabwoods Pod Blue Raspberry Slushee [1G] is a pinnacle hybrid solution designed for the user who demands an explosive ""candy-berry"" profile and a buoyant, high-luxury high. Utilizing Dabwoods' signature high-potency distillate in a substantial full-gram format, this pod delivers a sensory journey characterized by tart blue raspberry syrup and a refreshing ""frozen"" sweetness, finished with a smooth, sugary-cream exhale. The effects are masterfully balanced, offering an immediate happy euphoria that dissolves social stress before settling into a mellow, weightless physical ease that relieves tension while maintaining a blissful headspace. Housed in the Dabwoods proprietary pod system, it provides a discrete, high-capacity session that satisfies the palate with its ""confectionary-blue"" complexity and the mind with its trademark inspired and happy energy."
01951af4-0a1b-7556-bcc5-de060f0d7ce1,DABWOODS,POD [1G] PINEAPPLE KUSH,CARTRIDGE,1G,HYBRID,88.85%,0.22%,30.05,EVERYDAY DISCOUNT - DABWOODS - 30%,True,dabwoods-dabwoods-pod-1g-pineapple-kush,https://d14jfwlo68bhyr.cloudfront.net/umoXRPTOkz.webp,,"The Dabwoods Pod Pineapple Kush [1G] is a pinnacle Indica-hybrid solution designed for the user who demands a vibrant ""tropical-dessert"" profile and a heavy, high-luxury high. Utilizing Dabwoods' signature high-potency distillate in a substantial full-gram format, this pod delivers a sensory journey characterized by creamy fresh pineapple and overripe tropical fruit, finished with a smooth earthy-spice exhale. The effects are masterfully sedative, offering an immediate dreamy euphoria that dissolves mental stress before settling into a profound, ""warm-blanket"" physical ease that anchors the body in complete comfort. Housed in the high-performance Dabwoods proprietary hardware, the Pineapple Kush pod provides a discrete, flavorful session that satisfies the palate with its ""orchard-fresh"" complexity and the body with its trademark ""stony"" and restorative power."
01951af4-0a27-7caa-973f-34ee81b3c3ec,DABWOODS,POD [1G] WATERMELON Z,CARTRIDGE,1G,INDICA,86.05%,0.40%,30.05,EVERYDAY DISCOUNT - DABWOODS - 30%,True,dabwoods-dabwoods-pod-1g-watermelon-z,https://d14jfwlo68bhyr.cloudfront.net/JyORRaRdAN.webp,,"The Dabwoods Pod Watermelon Z [1G] is a pinnacle Indica-hybrid solution designed for the user who demands a vibrant ""candy-fruit"" profile and a buoyant, high-luxury high. Utilizing Dabwoods' signature high-potency distillate in a substantial full-gram format, this pod delivers a sensory journey characterized by sugary watermelon candy and tart tropical berries, finished with a smooth syrupy-earth exhale. The effects are masterfully balanced, offering an immediate giddy euphoria that dissolves mental stress before settling into a profound, ""weighted"" physical ease that encourages total relaxation. Housed in the high-performance Dabwoods proprietary hardware, the Watermelon Z pod provides a discrete, flavorful session that satisfies the palate with its ""confectionary-fruit"" complexity and the body with its trademark ""stony"" and restorative power."
019f5bbf-1128-7001-be3d-1b1284a51838,GELATO,CLASSIC CARTRIDGE [1G] BUBBA KUSH - 1 G,CARTRIDGE,1G,INDICA,84.13%,0.13%,25.05,,False,gelato-gelato-classic-cartridge-1g-bubba-kush,https://d14jfwlo68bhyr.cloudfront.net/products/1784128962189-34411da2-8933-47e1-b81c-5fcfab89251d.webp,,"Gelato's Classic Bubba Kush cartridge delivers the signature earthy, woody depth of this beloved indica strain layered with hints of coffee, chocolate, spice, and a touch of citrus sweetness — all in a convenient 510-thread vape format. This 1g cannabis cartridge is built for winding down, offering a relaxing, mood-lifting experience that melts away stress without putting you on the couch. A solid pick from Gelato's artisanal lineup for anyone seeking a quality indica vape at your local dispensary."
019f5bc1-9baa-779a-8f60-1d7225b896fd,GELATO,CLASSIC CARTRIDGE [1G] STRAWBERRY COUGH - 1 G,CARTRIDGE,1G,SATIVA,88.54%,0.14%,25.05,,False,gelato-gelato-classic-cartridge-1g-strawberry-cough,https://d14jfwlo68bhyr.cloudfront.net/products/1784129393210-de019bfc-e7b6-44e0-8dfe-0dac6dd2806b.webp,,"Gelato's Classic Cartridge brings the beloved Strawberry Cough sativa to a 510-thread vape cart loaded with 88.5% THC cannabis oil — built for social settings, creative headspace, and daytime energy. Sweet strawberry leads the way with floral, berry, and earthy pine notes rounding out every draw. If you're looking for an upbeat, talkative high from a trusted dispensary brand, this 1g Gelato cartridge delivers."
019f5bba-638b-7223-bdbb-1fe8d3e4faca,GELATO,CLASSIC CARTRIDGE [1G] WHITE WIDOW - 1 G,CARTRIDGE,1G,HYBRID,83.30%,0.19%,25.05,,False,gelato-gelato-classic-cartridge-1g-white-widow,https://d14jfwlo68bhyr.cloudfront.net/products/1784129495521-a1519184-8b7d-45ba-83aa-2b6846931266.webp,,"Gelato's Classic Cartridge in White Widow is a sativa-leaning hybrid cannabis vape built for social energy and daytime motivation, delivering an upbeat, clear-headed high that keeps you engaged without slowing you down. This 1g 510-thread cartridge pulls with earthy, spicy-herbal notes layered over blueberry, citrus, and pine for a complex, satisfying flavor on every draw. Gelato brings its artisanal approach to this dispensary-ready vape — quality cannabis, no shortcuts."
019f5ba9-7851-7780-9969-594ee8ee7f75,GELATO,CLASSIC READY TO USE VAPORIZER [1G] BLUE DREAM - 1 G,CARTRIDGE,1G,HYBRID,86.31%,0.18%,30.05,,False,gelato-gelato-classic-ready-to-use-vaporizer-1g-blue-dream,https://d14jfwlo68bhyr.cloudfront.net/products/1784129861786-88c2878f-6f43-44ee-b1a2-d311fd8dcbd3.webp,,"Gelato's Classic Blue Dream ready-to-use vaporizer is a 1g hybrid cannabis cartridge built for daytime creativity — expect a quick rush of mental clarity and focus that settles into a calm, motivated headspace without weighing you down. The flavor profile layers sweet blueberry and berry up front with earthy pine and a bright citrus finish, making each draw as enjoyable as the effect. A solid pick from Gelato when you want a functional, feel-good hybrid vape that keeps you moving."
019f5bb2-8c96-7511-b063-1055f7cc48f6,GELATO,CLASSIC READY TO USE VAPORIZER [1G] GREEN CRACK - 1 G,CARTRIDGE,1G,SATIVA,86.52%,0.15%,30.05,,False,gelato-gelato-classic-ready-to-use-vaporizer-1g-green-crack,https://d14jfwlo68bhyr.cloudfront.net/products/1784129920723-497da770-78f9-4a51-a12c-c14c82b71895.webp,,"Gelato's Classic Ready to Use Vaporizer in Green Crack is a 1g sativa cannabis cartridge built for daytime energy — delivering an uplifting body and mind high with flavors of skunk, citrus, mango, and earthy sweetness in every draw. The ready-to-use format makes it an easy grab-and-go option whether you're staying focused, getting creative, or just keeping the good vibes going. Gelato brings their artisanal cannabis standards to this vape, and the Green Crack strain delivers exactly the kind of bright, buzzy lift that sativa fans come to the dispensary for."
019f5bb0-0b29-7cbe-87fd-9454a10ac813,GELATO,CLASSIC READY TO USE VAPORIZER [1G] NORTHERN LIGHTS - 1 G,CARTRIDGE,1G,INDICA,92.71%,,30.05,,False,gelato-gelato-classic-ready-to-use-vaporizer-1g-northern-lights,https://d14jfwlo68bhyr.cloudfront.net/products/1784130058689-21d22d81-a9df-42ca-8b16-be014b429b78.webp,,"Gelato's Classic Northern Lights ready-to-use vaporizer delivers the deeply relaxing, body-heavy high this legendary indica cannabis strain is known for — a slow, numbing wave that melts tension and settles you into full couch-mode comfort. The 1g cartridge pulls with earthy, herbal, and floral notes layered over hints of citrus, pine, and subtle sweetness. A go-to nighttime vape for unwinding at the dispensary or at home when you just need to shut it all down."
019f5bcf-d7d0-7319-9841-ae31bf611353,GELATO,FLAVOR CARTRIDGE [1G] GELATO - 1 G,CARTRIDGE,1G,HYBRID,89.45%,,25.05,,False,gelato-gelato-flavor-cartridge-1g-gelato,https://d14jfwlo68bhyr.cloudfront.net/products/1784130206326-2f7b1346-6430-40ce-8ab3-66bb6528747c.webp,,"This Gelato 510-thread vape cartridge packs 89% THC into a 1g hybrid cannabis oil that hits fast, leaving you feeling relaxed and happy without weighing you down. The Gelato strain comes through in every draw with a layered flavor profile of sweet berry, citrus, earthy diesel, and woody undertones — smooth enough for any time of day. From the Gelato brand, known for bringing bold, artisanal cannabis products to the dispensary shelf, this cartridge is a solid pick whether you're unwinding solo or keeping the vibe going socially."
019f5bd6-e5bb-786a-8b73-2cf3b7d9e3fc,GELATO,FLAVOR CARTRIDGE [1G] GRAPE SODA - 1 G,CARTRIDGE,1G,INDICA,88.64%,,25.05,,False,gelato-gelato-flavor-cartridge-1g-grape-soda,https://d14jfwlo68bhyr.cloudfront.net/products/1784130432007-312d6b0d-1bca-4d4b-85b8-223d8689b8b2.webp,,"Gelato's Grape Soda indica cannabis vape cartridge delivers a rich, sweet grape flavor layered with earthy notes of citrus, pine, and berry in a convenient 510-thread, 1g format. At 88.6% THC, this potent cart hits smooth and flavorful, making it a go-to for anyone who wants a full-flavored cannabis experience without the fuss. The high settles into a happy, relaxed state — ideal for unwinding at the end of the day."
019f5bd9-a3b9-7ded-8be6-4ae31b22ad22,GELATO,FLAVOR CARTRIDGE [1G] PINK LEMONADE - 1 G,CARTRIDGE,1G,SATIVA,86.65%,,25.05,,False,gelato-gelato-flavor-cartridge-1g-pink-lemonade,https://d14jfwlo68bhyr.cloudfront.net/products/1784130487567-50d58041-f5cb-4161-b7e6-e4ec22533a08.webp,,"Gelato's Pink Lemonade 510-thread vape cartridge packs 86.6% THC into a bright, citrus-forward sativa that tastes exactly like its name — sweet lemon, tangy grapefruit, and a hint of berry on the exhale. This 1g cannabis cartridge delivers a clear-headed, focused high that's built for daytime use, creative sessions, or anytime you need to stay sharp without feeling weighed down. A standout pick from the Gelato brand's artisanal vape lineup, available now at the dispensary."
019f5bc5-ead3-7ddf-bf0b-e1a3e795709a,GELATO,FLAVOR READY TO USE VAPORIZER [1G] BLUE MANGO - 1 G,CARTRIDGE,1G,,92.13%,0.18%,30.05,,False,gelato-gelato-flavor-ready-to-use-vaporizer-1g-blue-mango,https://d14jfwlo68bhyr.cloudfront.net/products/1784130561451-0297dda8-4504-4039-842d-ee5b7ebc2b48.webp,,"Gelato's Blue Mango all-in-one cannabis vape cartridge delivers a euphoric hybrid high wrapped in sweet blueberry and tropical fruit flavor from the first draw. The 1g ready-to-use vaporizer is a solid pick for social or creative sessions when you want something uplifting without the prep. Artisanal quality from the Gelato brand, built for cannabis consumers who want a flavorful, feel-good experience you can take anywhere."
019f5bc9-4b4e-7dfd-969d-065c62e13a1e,GELATO,FLAVOR READY TO USE VAPORIZER [1G] BLUEBERRY COBBLER - 1 G,CARTRIDGE,1G,INDICA,88.01%,,30.05,,False,gelato-gelato-flavor-ready-to-use-vaporizer-1g-blueberry-cobbler,https://d14jfwlo68bhyr.cloudfront.net/products/1784130706099-042b2152-705d-4c3e-80da-30f096e73559.webp,,"Gelato's Blueberry Cobbler all-in-one vape cartridge delivers a smooth, sweet berry inhale and exhale with none of the harsh funk you might expect from an indica cannabis strain. This 1g disposable vaporizer is a go-to for winding down, offering the relaxing, body-settling effects that indica fans seek in a convenient, ready-to-use format. Pick this one up at the dispensary when you want dessert-sweet flavor and easy evening vibes without any fuss."
019f5bcc-3bda-7046-92c3-c892ea70e8f1,GELATO,FLAVOR READY TO USE VAPORIZER [1G] WATERMELON PUNCH - 1 G,CARTRIDGE,1G,SATIVA,85.36%,0.18%,30.05,,False,gelato-gelato-flavor-ready-to-use-vaporizer-1g-watermelon-punch,https://d14jfwlo68bhyr.cloudfront.net/products/1784130806989-3ec221df-28bd-4a39-afb9-35b0f9d08aa1.webp,,"The Gelato Watermelon Punch all-in-one vape cartridge packs 85% THC into a sativa cannabis experience built for focus and motivation. Sweet tropical strawberry and watermelon flavors lead the way, balanced by fruity citrus notes and a clean piney, earthy finish. A solid daytime pick for creative sessions or staying sharp on the go, this 1g disposable vaporizer from Gelato delivers euphoric, uplifting effects without the drag."
01a049b0-3ac8-7963-b58d-c00c50afaaa5,GREENLINE,CARTRIDGE [1G] BLACKBERRY KUSH - 1 G,CARTRIDGE,1G,,90.02%,,20.05,,False,greenline-greenline-cartridge-1g-blackberry-kush,https://d14jfwlo68bhyr.cloudfront.net/products/1788880818108-f3eebb93-9993-457f-8245-0e18bc7c9927.webp,,"The Greenline Blackberry Kush 1g cannabis cartridge is a 510-thread vape loaded with a high-potency oil clocking in at 90% THC — built for experienced consumers who want serious strength in a convenient, ready-to-use format. True to its name, Blackberry Kush delivers the sweet, dark-berry flavor the strain is known for, with earthy undertones that round out each draw. A great pick for evening use when you want to unwind and settle in without any extra steps."
01a049af-e06b-7b56-ad03-913a43a8284b,GREENLINE,CARTRIDGE [1G] BLUEBERRY HAZE - 1 G,CARTRIDGE,1G,,89.62%,,20.05,,False,greenline-greenline-cartridge-1g-blueberry-haze,https://d14jfwlo68bhyr.cloudfront.net/products/1788880848472-8ea0f0f3-0b92-4f6e-8944-f8de035658b3.webp,,"The Greenline Blueberry Haze 1g cannabis cartridge is a 510-thread vape loaded with nearly 90% THC, delivering a potent, smooth hit with sweet berry and hazy floral notes on every draw. True to the Blueberry Haze strain, expect an uplifting, cerebral experience that's well-suited for creative sessions or social hangs without the heavy sedation of a full indica. A solid dispensary pick for cannabis vape fans who want high-potency output and classic flavor in a reliable, ready-to-use format."
01a049a5-91fb-7c7a-95f0-d7e08ff72191,GREENLINE,CARTRIDGE [1G] RAINBOW BELTZ - 1 G,CARTRIDGE,1G,INDICA,88.73%,,20.05,,False,greenline-greenline-cartridge-1g-rainbow-beltz,https://d14jfwlo68bhyr.cloudfront.net/products/1788880924239-bdd040d0-8ce9-4fda-9048-2e66d68bf313.webp,,"The Greenline Rainbow Beltz 1g indica cartridge is a 510-thread vape built for unwinding — expect the sweet, candy-forward profile that Rainbow Beltz is known for, with a smooth draw that settles into full-body relaxation. This cannabis cartridge is a solid pick for evening sessions when you want to decompress without much effort. Grab it at the dispensary or order online for pickup."
019fad51-ad6f-7642-8dea-3e323be9e84d,HALARA EXTRACTS,HIGH CBD READY TO USE VAPORIZER [1G] COUCH CRUISER 1:1- 1 G,CARTRIDGE,1G,,39.83%,39.35%,35.04,,False,halara-extracts-halara-extracts-high-cbd-ready-to-use-vaporizer-1g-couch-cruiser-11,,,
019f71d9-c822-773a-9cbf-8b18b3ec8d62,HALARA EXTRACTS,HIGH CBD READY TO USE VAPORIZER [1G] DAY TRIPPER - 1 G,CARTRIDGE,1G,,41.86%,41.86%,35.04,,False,halara-extracts-halara-extracts-high-cbd-ready-to-use-vaporizer-1g-day-tripper,,,
0195d4b0-b85c-73ed-9087-92183acee848,HALARA EXTRACTS,HIGH THC CARTRIDGE [1G] BLUE DREAM - 1 G,CARTRIDGE,1G,SATIVA,89.10%,0.33%,28.05,,False,halara-extracts-halara-extracts-high-thc-cartridge-1g-blue-dream,https://d14jfwlo68bhyr.cloudfront.net/products/1777980632579-b9354dea-e9c6-4fbc-9b06-082d580cf33e.webp,,"Blue Dream | Sativa | 90%+ THC  Flavor: Berry, Creamy Feeling: Euphoric, Relaxed, Creative Terpenes: Myrcene, Pinene, Caryophyllene  Sweet blueberry and vanilla cream on the inhale, with a soft herbal pine finish courtesy of that Pinene backbone. Blue Dream earned its California classic status because it does everything well. At 90% THC, this sativa distillate vape delivers gentle euphoria, a spark of creativity, and enough body relaxation to smooth out any rough edges without slowing you down. Full glass cartridge with ultra-premium ceramic heating. No plastic, no adhesives. All natural."
01978891-dba2-7acb-9493-9c7fbc445546,HALARA EXTRACTS,HIGH THC CARTRIDGE [1G] MAUI WOWIE - 1 G,CARTRIDGE,1G,HYBRID,86.09%,0.27%,28.05,,False,halara-extracts-halara-extracts-high-thc-cartridge-1g-maui-wowie,https://d14jfwlo68bhyr.cloudfront.net/products/1777980758121-768937e5-2e5a-40e4-b487-793c6c46361f.webp,,"Maui Wowie | Sativa | 90%+ THC  Flavor: Tropical, Punchy Feeling: Energetic, Happy, Creative Terpenes: Myrcene, Limonene, Pinene  Sweet pineapple and tropical citrus hit like a Hawaiian vacation on the inhale, with a light, breezy finish that keeps things moving. Maui Wowie is old-school sativa energy done right in a 90% THC distillate vape. The Limonene and Pinene terpenes deliver a happy, creative buzz that makes everything from beach walks to errands feel like an adventure. Full glass cartridge with ultra-premium ceramic heating. No plastic, no adhesives. All natural."
019c0620-51c7-7539-b112-7b839a34b2ef,HALARA EXTRACTS,HIGH THC CARTRIDGE [1G] NORTHERN LIGHTS - 1 G,CARTRIDGE,1G,HYBRID,84.55%,0.33%,28.05,,False,halara-extracts-halara-extracts-high-thc-cartridge-1g-northern-lights,https://d14jfwlo68bhyr.cloudfront.net/products/1777980795250-afdc307f-7c20-4244-aa8c-bb2ae46241a8.webp,,"Northern Lights | Indica | 90%+ THC  Flavor: Earthy, Sweet Feeling: Relaxed, Calm, Sleepy Terpenes: Myrcene, Caryophyllene, Linalool  Sweet, piney earthiness on the inhale with a smooth, resinous finish that old-school smokers will recognize immediately. Northern Lights is one of the most celebrated indica strains ever bred, and this 90% THC distillate vape does it justice. The Myrcene and Linalool deliver dreamy, full-body relaxation that quiets a racing mind and gently pushes you toward sleep. Full glass cartridge with ultra-premium ceramic heating. No plastic, no adhesives. All natural."
019f6af7-bd36-7c39-a072-c2cbfa65a7e2,HALARA EXTRACTS,HIGH THC CARTRIDGE [1G] STRAWBERRY STRAY - 1 G,CARTRIDGE,1G,,88.13%,0.38%,28.05,,False,halara-extracts-halara-extracts-high-thc-cartridge-1g-strawberry-stray,,,
01951af3-f651-7b38-b8e9-179036f42deb,HALARA EXTRACTS,HIGH THC READY TO USE VAPORIZER [1G] APRICOT OCTANE,CARTRIDGE,1G,HYBRID,88.30%,0.27%,35.04,,False,halara-extracts-halara-extracts-high-thc-ready-to-use-vaporizer-1g-apricot-octane,https://d14jfwlo68bhyr.cloudfront.net/products/1777980932873-265ab8cb-c91b-4e06-af80-808d4004ef96.webp,,"Apricot Octane | Hybrid | 90%+ THC Lineage: Apricot Helix x Jet Fuel  Flavor: Stone Fruit, Gassy, Tart Aroma: Sweet Caramel, Fuel Feeling: Happy, Conversational Terpenes: Limonene, Myrcene, Caryophyllene  Ripe apricot and stone fruit on the inhale, then a gassy, fuel-soaked punch from the Jet Fuel side of its lineage. Apricot Octane is an Apricot Helix cross that keeps you talkative and upbeat at 90%+ THC. The kind of hybrid vape you bring to a barbecue when you actually want to enjoy the conversation. Limonene-forward terpenes give it a citrusy brightness that cuts through the fuel, making every hit smooth and flavorful. Ready out of the box with USB-C charging, dual airflow for bigger clouds, and anti-clog design. Soft-touch finish."
019b8fb7-e6d9-7973-89ac-8669d4b2f82e,HALARA EXTRACTS,HIGH THC READY TO USE VAPORIZER [1G] CANNALOPE CHRONIC - 1 G,CARTRIDGE,1G,HYBRID,91.09%,0.28%,35.04,,False,halara-extracts-halara-extracts-high-thc-ready-to-use-vaporizer-1g-cannalope-chronic,https://d14jfwlo68bhyr.cloudfront.net/products/1777980988859-519baab6-e710-47f1-b5a7-9b13b58571a7.webp,,"Cannalope Chronic | Hybrid | 90%+ THC  Flavor: Melon, Delicious Feeling: Euphoric, Uplifted, Energetic Terpenes: Myrcene, Pinene, Ocimene  Pure cantaloupe sweetness on the inhale, like biting into a perfectly ripe melon on a hot day. The Ocimene and Pinene terpenes give this hybrid distillate vape a crisp, almost minty edge that keeps the energy clean and focused. At 90% THC, Cannalope Chronic is ideal for wake-and-bake or anytime you need a mood lift without the jitters. Ready out of the box with USB-C charging, dual airflow for bigger clouds, and anti-clog design. Soft-touch finish."
019db8dc-306c-7da0-9d7f-a7bce6419483,HALARA EXTRACTS,HIGH THC READY TO USE VAPORIZER [1G] GRANDDADDY PURPLE - 1 G,CARTRIDGE,1G,INDICA,90.83%,0.27%,35.04,,False,halara-extracts-halara-extracts-high-thc-ready-to-use-vaporizer-1g-granddaddy-purple,https://d14jfwlo68bhyr.cloudfront.net/products/1777981018926-47d2d4bc-51f1-465b-a9e2-daa21c9f591c.webp,,"Granddaddy Purple | Indica | 90%+ THC  Flavor: Grapes, Lavender Feeling: Relaxed, Sleepy, Euphoric Terpenes: Myrcene, Pinene, Caryophyllene  Rich Concord grape on the inhale with a soft lavender-floral exhale that is instantly recognizable. GDP is the gold standard nighttime indica vape for a reason. At 90% THC, the Myrcene-heavy profile delivers wave after wave of body relaxation until you are fully melted into whatever you are sitting on. Keep this distillate cartridge for after dinner. Ready out of the box with USB-C charging, dual airflow for bigger clouds, and anti-clog design. Soft-touch finish."
019db8dc-4da6-7a60-aa19-c37fc66cd568,HALARA EXTRACTS,HIGH THC READY TO USE VAPORIZER [1G] GUAVA GELATO - 1 G,CARTRIDGE,1G,HYBRID,88.76%,0.37%,35.04,,False,halara-extracts-halara-extracts-high-thc-ready-to-use-vaporizer-1g-guava-gelato,https://d14jfwlo68bhyr.cloudfront.net/products/1777981046578-08ae78bc-9f94-4af5-9a14-3dbd5ee73e65.webp,,"Guava Gelato | Sativa | 90%+ THC  Flavor: Tropical, Creamy Feeling: Euphoric, Uplifted, Creative Terpenes: Myrcene, Limonene, Caryophyllene  Tropical guava bursts on the first pull, followed by a smooth, creamy gelato finish that coats the palate. This sativa distillate vape is pure daytime fuel at 90% THC. The Limonene drives a euphoric, uplifted headspace while the Myrcene keeps it from getting racy. Great for creative projects, long walks, or any time you want to feel genuinely good. Ready out of the box with USB-C charging, dual airflow for bigger clouds, and anti-clog design. Soft-touch finish."
01978892-6f77-7556-a230-b9bd553dcfcf,HALARA EXTRACTS,HIGH THC READY TO USE VAPORIZER [1G] PINEAPPLE EXPRESS - 1 G,CARTRIDGE,1G,HYBRID,92.19%,0.26%,35.04,,False,halara-extracts-halara-extracts-high-thc-ready-to-use-vaporizer-1g-pineapple-express,https://d14jfwlo68bhyr.cloudfront.net/products/1777981147064-307fbe12-69d0-4a9c-becb-5bc0aa5c50d2.webp,,"Pineapple Express | Hybrid | 90%+ THC  Flavor: Pineapple, Coconut Feeling: Euphoric, Energetic, Creative Terpenes: Myrcene, Limonene, Caryophyllene  Sweet, tangy pineapple on the inhale with a creamy coconut exhale that genuinely tastes tropical. Pineapple Express lives up to its reputation in this 90% THC distillate vape. The Limonene and Myrcene deliver a long-lasting, energetic euphoria that keeps creativity flowing and conversations interesting. A hybrid that leans sativa in spirit, perfect for daytime adventures. Ready out of the box with USB-C charging, dual airflow for bigger clouds, and anti-clog design. Soft-touch finish."
01951af3-f655-7c2e-8476-50e07150e4ad,HALARA EXTRACTS,HIGH THC READY TO USE VAPORIZER [1G] ZKOOBY ZNAKZ,CARTRIDGE,1G,INDICA,92.33%,0.29%,35.04,,False,halara-extracts-halara-extracts-high-thc-ready-to-use-vaporizer-1g-zkooby-znakz,https://d14jfwlo68bhyr.cloudfront.net/products/1777981233078-57d3b53b-e780-42fd-b2bc-0afc78cd5e1d.webp,,"Zkooby Znakz | Indica | 90%+ THC  Flavor: Berry, Tangy Feeling: Euphoric, Happy, Relaxed Terpenes: Caryophyllene, Limonene, Myrcene  Tangy berry that pops on the inhale, with a sweet, almost grape-juice finish on the exhale. Zkooby Znakz is the fun indica distillate vape at 90% THC. Caryophyllene and Limonene team up for a euphoric, giggly high that keeps the mood light and the conversation flowing. Hard to have a bad time with this cartridge. Ready out of the box with USB-C charging, dual airflow for bigger clouds, and anti-clog design. Soft-touch finish."
019faf37-717e-75b9-af57-0a83e431577a,HALARA EXTRACTS,LIVE RESIN SAUCE CARTRIDGE [1G] BLUEBERRY MUFFIN - 1 G,CARTRIDGE,1G,INDICA,79.24%,2.14%,35.04,,False,halara-extracts-halara-extracts-live-resin-sauce-cartridge-1g-blueberry-muffin,,,
019f6af4-ee46-783f-8c2e-b99d5653551c,HALARA EXTRACTS,LIVE RESIN SAUCE CARTRIDGE [1G] GRANDDADDY PURPLE - 1 G,CARTRIDGE,1G,,83.18%,0.27%,35.04,,False,halara-extracts-halara-extracts-live-resin-sauce-cartridge-1g-granddaddy-purple,,,
019bd79d-e018-7f4f-b233-0c6655889f6c,HALARA EXTRACTS,LIVE RESIN SAUCE CARTRIDGE [1G] STRAWBERRY JACK - 1 G,CARTRIDGE,1G,HYBRID,86.81%,0.23%,35.04,,False,halara-extracts-halara-extracts-live-resin-sauce-cartridge-1g-strawberry-jack,https://d14jfwlo68bhyr.cloudfront.net/products/1777980387081-22bde461-9ad6-4008-b826-b1e490eb9298.webp,,"This live resin sauce cartridge blends sweet strawberry flavors with herbal pine notes, delivering focused creative energy at 85.7% THC. Halara Extracts' Strawberry Jack hybrid provides uplifting, energetic effects perfect for daytime productivity without anxiety or mental fog. The 510-thread cartridge features premium ceramic heating for smooth, flavorful vapor with enhanced airflow."
019d4601-8787-7b1c-8c07-2df99766295e,HALARA EXTRACTS,LIVE RESIN SAUCE CARTRIDGE [1G] TROPICANNA BANANA - 1 G,CARTRIDGE,1G,HYBRID,79.40%,0.22%,35.04,,False,halara-extracts-halara-extracts-live-resin-sauce-cartridge-1g-tropicanna-banana,https://d14jfwlo68bhyr.cloudfront.net/products/1777980210444-2e4b698b-8d7f-4371-a816-9931750ef12b.webp,,"This live resin sauce vape cartridge delivers a tropical flavor journey that starts with bright citrus and tangerine zest, then mellows into sweet cherry and creamy banana notes at 81% THC. The Tropicanna Banana hybrid offers soothing, relaxed effects perfect for unwinding, while the ceramic heating technology ensures smooth, flavorful vapor production."
019f1a78-3593-741b-ae0e-b988e34d51a3,HALARA EXTRACTS,ROSIN SAUCE READY TO USE VAPORIZER [1G] GAS NANA - 1 G,CARTRIDGE,1G,HYBRID,76.95%,0.29%,55.05,,False,halara-extracts-halara-extracts-rosin-sauce-ready-to-use-vaporizer-1g-gas-nana,https://d14jfwlo68bhyr.cloudfront.net/products/1783538215145-0c8180a2-e21a-48f1-993c-fab41e3df0a8.webp,,"Gas Nana | Indica | 78%+ THC Lineage: Banana x Gas  Flavor: Banana, Gas, Fuel Aroma: Overripe Banana, Diesel Feeling: Relaxed, Euphoric, Calm Terpenes: Myrcene, Caryophyllene, Limonene  Overripe banana floods the inhale, sweet and almost fermented, then diesel fuel creeps in on the exhale and reminds you this is not dessert. The Gas Nana strain is 100% solventless rosin pressed into an all-in-one to keep every layer of that wild flavor intact at 78% THC. The indica effects settle in slow and heavy, euphoric at first, then deeply calm, then thoroughly couch-locked. The kind of vape that earns its name twice over. 100% solventless rosin. Quartz heating core with anti-clog design and carb hole."
019fb8a8-7777-7208-9045-32d8e4663b9e,HALARA EXTRACTS,ROSIN SAUCE READY TO USE VAPORIZER [1G] SOUR GUMMIEZ - 1 G,CARTRIDGE,1G,SATIVA,76.39%,0.21%,55.05,,False,halara-extracts-halara-extracts-rosin-sauce-ready-to-use-vaporizer-1g-sour-gummiez,https://d14jfwlo68bhyr.cloudfront.net/products/1782310845754-76b1def1-f690-496b-8e7a-ab1dea672cac.webp,,
019f1e67-416a-7fab-bd08-251a2e6dcda4,HALARA EXTRACTS,ROSIN SAUCE READY TO USE VAPORIZER [1G] SUPERBOOF BOMB - 1 G,CARTRIDGE,1G,HYBRID,77.01%,0.22%,55.05,,False,halara-extracts-halara-extracts-rosin-sauce-ready-to-use-vaporizer-1g-superboof-bomb,https://d14jfwlo68bhyr.cloudfront.net/products/1783538284894-aa41b5d1-3c9c-46aa-97d1-7b86eb69f382.webp,,"Superboof Bomb | Hybrid | 81%+ THC Lineage: Superboof x Frost Bomb  Flavor: Orange, Tropical, Creamy Feeling: Euphoric, Balanced Terpenes: Limonene, Myrcene, Caryophyllene  The Superboof Bomb strain delivers a vibrant burst of sweet citrus layered with tropical fruit and subtle candy-like notes. Bright orange zest leads the inhale, followed by a smooth wave of guava and berry, finishing with a light creamy funk that lingers on the palate. Pressed into a 100% solventless rosin all-in-one so the flavor stays clean and true to the plant. 100% solventless rosin. Quartz heating core with anti-clog design and carb hole."
01951af3-db77-7a48-81e0-091842678b57,HEAVY HITTERS,CARTRIDGE [1G] ALASKAN THUNDER F - 1 G,CARTRIDGE,1G,SATIVA,90.78%,0.12%,60.05,,False,heavy-hitters-heavy-hitters-cartridge-1g-alaskan-thunder-f,https://d14jfwlo68bhyr.cloudfront.net/XvjUn7twLe.webp,,"The Heavy Hitters Alaskan Thunder F Cartridge is a 1-gram, 510-thread vape cart featuring their signature Ultra-Potent Distillate Oil (often reaching 90% - 95% THC), infused with 100% cannabis-native terpenes. The ATF strain is a famous Sativa-Dominant Hybrid (Northern California Sativa x Russian Ruderalis x Afghan) renowned for its powerful and multifaceted high. The flavor profile is complex, mixing pungent diesel and skunk with surprising notes of sweet orange and banana. It delivers a signature ""one-two punch,"" starting with an intense rush of cerebral euphoria, creativity, and energy before settling into a gentle, clear-headed body relaxation, making it an excellent choice for functional daytime use, creative work, and social activities."
01951af3-dbb4-7ba6-b405-0819d4c63965,HEAVY HITTERS,CARTRIDGE [1G] DIABLO OG,CARTRIDGE,1G,INDICA,88.95%,0.17%,60.05,,False,heavy-hitters-heavy-hitters-cartridge-1g-diablo-og,https://d14jfwlo68bhyr.cloudfront.net/tU0w6xTSud.webp,,"The Heavy Hitters Diablo OG Cartridge is a 1-gram, 510-thread vape cart featuring the brand's signature Ultra-Extract High Purity Oil (typically testing at 90% - 95% THC), crafted with 100% cannabis-native terpenes. This strain is an Indica-Dominant Hybrid (a cross of Diablo x OG Kush) renowned for its intense effects.  The flavor profile is defined by spicy earth, pungent pine, and subtle citrus. It delivers an immediate rush of euphoria and mood elevation that melts quickly into a powerful, sedating body high. This makes it an ideal choice for experienced users seeking serious stress relief, appetite stimulation, and deep relaxation in the evening."
01951af3-dbe2-7987-85c9-04e1372c23a5,HEAVY HITTERS,CARTRIDGE [1G] GRANDDADDY PURPLE,CARTRIDGE,1G,INDICA,90.15%,0.10%,60.05,,False,heavy-hitters-heavy-hitters-cartridge-1g-granddaddy-purple,https://d14jfwlo68bhyr.cloudfront.net/7bl00fIeky.webp,,"The Heavy Hitters Granddaddy Purple (GDP) Cartridge is a 1-gram, 510-thread vape cart featuring the brand's signature Ultra-Extract High Purity Oil, crafted with 100% cannabis-native terpenes. THC levels typically test extremely high, often in the 90% - 95% range.  GDP is a legendary, pure Indica (a cross of Mendo Purps x Afghani) renowned for its powerful sedative effects.  The flavor profile is dominated by sweet grape, dark berry, and earthy hash. It delivers an immediate rush of euphoric, dreamy mental relaxation that rapidly transitions into a heavy, tranquilizing body stone. This cartridge is strongly recommended for experienced users seeking serious nighttime relief from pain, stress, and insomnia."
01951af3-dc01-7d1a-95f0-620ef078eaa8,HEAVY HITTERS,CARTRIDGE [1G] JACK HERER,CARTRIDGE,1G,SATIVA,90.14%,0.11%,60.05,,False,heavy-hitters-heavy-hitters-cartridge-1g-jack-herer,https://d14jfwlo68bhyr.cloudfront.net/vBOljUV19Z.webp,,"The Heavy Hitters Jack Herer Cartridge is a 1-gram, 510-thread vape cart featuring the brand's signature Ultra-Extract High Purity Oil, with THC levels often testing in the 90% - 95% range. The oil is crafted with 100% cannabis-native terpenes.  Jack Herer is a classic Sativa-Dominant Hybrid (a cross of a Haze hybrid, Northern Lights #5, and Shiva Skunk) that won the Cannabis Cup numerous times. It is famous for promoting euphoria, energy, and creativity while maintaining clarity.  The flavor profile is classically spicy, piney, and earthy, with a noticeable hint of sweet lemon/citrus. It delivers an immediate, potent cerebral rush that is motivating and uplifting, making it the perfect daytime or functional strain."
01951af3-dc1c-7a92-a0d7-90284c91771e,HEAVY HITTERS,CARTRIDGE [1G] MAUI WOWIE,CARTRIDGE,1G,SATIVA,90.56%,0.10%,60.05,,False,heavy-hitters-heavy-hitters-cartridge-1g-maui-wowie,https://d14jfwlo68bhyr.cloudfront.net/ii1t7bff4Y.webp,,"The Heavy Hitters Maui Wowie Cartridge is a 1-gram, 510-thread vape cart featuring the brand's signature Ultra-Extract High Purity Oil, with THC levels often testing in the 90% - 95% range. The oil is crafted with 100% cannabis-native terpenes to replicate the authentic strain experience.  Maui Wowie is a legendary, nearly pure Sativa from Hawaii, celebrated for its incredibly uplifting, clear-headed, and euphoric effects that enhance mood and creativity.  The flavor profile is classically sweet, tropical, and fruity, dominated by notes of pineapple, mango, and light pine. It delivers an immediate, potent cerebral rush that is motivating and joyful, making it the perfect functional daytime strain."
01951af3-dc38-7663-9988-8d6653c72776,HEAVY HITTERS,CARTRIDGE [1G] PINEAPPLE EXPRESS,CARTRIDGE,1G,HYBRID,91.66%,0.11%,60.05,,False,heavy-hitters-heavy-hitters-cartridge-1g-pineapple-express,https://d14jfwlo68bhyr.cloudfront.net/60tkFn5WPe.webp,,"The HEAVY HITTERS - CARTRIDGE [1G] PINEAPPLE EXPRESS is an Ultra Potent (90%+ THC) Sativa-Dominant Hybrid vape cartridge. It uses 100% cannabis-native terpenes for a true-to-strain flavor of sweet pineapple, coconut, and tropical fruit. This cartridge delivers a uniquely balanced high that is primarily euphoric, creative, and focused, while a heavy body-high slowly creeps up to ensure relaxation without heavy sedation, making it an excellent all-day choice for upliftment and mental clarity."
01951af3-dc55-78a5-a93e-8db15cbcf9bc,HEAVY HITTERS,CARTRIDGE [1G] STRAWBERRY COUGH,CARTRIDGE,1G,SATIVA,91.95%,0.09%,60.05,,False,heavy-hitters-heavy-hitters-cartridge-1g-strawberry-cough,https://d14jfwlo68bhyr.cloudfront.net/CyCgwZAy2e.webp,,"The HEAVY HITTERS - CARTRIDGE [1G] STRAWBERRY COUGH is an Ultra Potent (90%+ THC) Sativa vape, crafted with 100% cannabis-native terpenes. It delivers a bold, sugary flavor of sweet strawberry and candied berry with earthy undertones. This cartridge provides a powerfully happy, energetic, and cerebral high that awakens creativity and focus, making it a perfect choice for daytime use, socializing, and boosting mood."
01951af3-dc7d-7a00-8186-0f990b5ba3e8,HEAVY HITTERS,CARTRIDGE [2G] ROMULAN,CARTRIDGE,2G,INDICA,45.20%,19.00%,90.05,,False,heavy-hitters-heavy-hitters-cartridge-2g-romulan,https://d14jfwlo68bhyr.cloudfront.net/P6CJZJw4vb.webp,,"The HEAVY HITTERS - CARTRIDGE [2G] ROMULAN is an Ultra Potent (88%+ THC) Pure Indica vape, available in a large 2-gram format. Crafted with 100% cannabis-native terpenes, it delivers the strain's classic, pungent flavor profile of earthy pine, spice, and dank musk. This cartridge provides a powerful, heavily sedating, pain-relieving, and euphoric body high, making it an excellent choice for sustained nighttime use, severe stress relief, and combating insomnia."
019e21aa-5667-796a-b87f-0190362b17a7,HEAVY HITTERS,FLASH - CARTRIDGE [2G] ROMULAN - 2 G,CARTRIDGE,2G,INDICA,45.20%,19.00%,90.05,AG FLASH ,True,heavy-hitters-flash-heavy-hitters-cartridge-2g-romulan,https://d1hhy58mqsa6c3.cloudfront.net/916928a7-444e-4ad3-bfd0-b799e8385e4d/f7558f03-1d36-401a-98b8-067f7aebbf72,,"This Heavy Hitters Romulan indica vape cartridge delivers deep relaxation with 932mg THC and calming CBN in a convenient 510 thread format. The legendary Romulan strain provides sedating effects perfect for evening wind-down sessions and restful sleep. At 2 grams, this premium cannabis cartridge offers extended sessions of potent indica relief."
019d732f-d28c-79e9-a31e-37d58892be45,HEAVY HITTERS,LIVE ROSIN READY TO USE VAPORIZER [1G] GMO X OZK - 1 G,CARTRIDGE,1G,INDICA,74.10%,0.12%,75.05,,False,heavy-hitters-heavy-hitters-live-rosin-ready-to-use-vaporizer-1g-gmo-x-ozk,https://d14jfwlo68bhyr.cloudfront.net/products/1775202493643-9259f5e5-6bf3-450d-9b09-3a0eb267cdef.webp,,
019db811-5db9-7279-98c6-f92e31710bdb,HEAVY HITTERS,LIVE ROSIN READY TO USE VAPORIZER [1G] NAM WAH - 1 G,CARTRIDGE,1G,SATIVA,74.30%,0.13%,75.05,,False,heavy-hitters-heavy-hitters-live-rosin-ready-to-use-vaporizer-1g-nam-wah,https://d14jfwlo68bhyr.cloudfront.net/products/1776053868321-63e3982e-c98b-472e-970b-ee9c3fbff34c.webp,,
019a244b-4d6d-70d7-9f0a-f3f1fdbbc5e5,HEAVY HITTERS,LIVE ROSIN READY TO USE VAPORIZER [1G] WHITETHORN ROSE BY HUCKLEBERRY HILL FARMS - 1 G,CARTRIDGE,1G,SATIVA,72.90%,0.19%,75.05,,False,heavy-hitters-heavy-hitters-live-rosin-ready-to-use-vaporizer-1g-whitethorn-rose-by-huckleberry-hill-farms,https://d1hhy58mqsa6c3.cloudfront.net/916928a7-444e-4ad3-bfd0-b799e8385e4d/8d3e539a-97c2-4f58-913b-8fb8343b33fc,,"HEAVY HITTERS - Whitethorn Rose [1G] is an elite solventless all-in-one vaporizer born from a legendary collaboration with Huckleberry Hill Farms. This Sativa-leaning Hybrid offers an unparalleled profile of fresh roses, dark berries, and lemon zest. Crafted from award-winning Humboldt sun-grown genetics, it provides a soaring, heart-opening euphoria and radiant mental clarity—the ultimate choice for connoisseurs seeking the most ""floral and sophisticated"" flavor in the cannabis world."
01951af3-dc21-750a-b558-abbc93a8c693,HEAVY HITTERS,RCS CARTRIDGE [1G] CBN MIDNIGHT CHERRY,CARTRIDGE,1G,INDICA,66.00%,0.18%,60.05,,False,heavy-hitters-heavy-hitters-rcs-cartridge-1g-cbn-midnight-cherry,https://d14jfwlo68bhyr.cloudfront.net/Icme6MMamI.webp,,"The Heavy Hitters 1G CBN Midnight Cherry ""Lights Out"" Cartridge is the undisputed heavyweight champion of sleep solutions, designed specifically for the user who demands total nocturnal sedation. Utilizing a potent 3:1 ratio of high-purity THC and sleep-inducing CBN in a substantial full-gram format, this cartridge delivers a sensory journey characterized by velvety black cherries and dark fruit, finished with a smooth earthy-musk exhale. The effects are masterfully knockout-oriented, offering an immediate hazy euphoria that dissolves mental stress before delivering a profound, ""total-body"" pummel of relaxation that anchors the physical self for a night of undisturbed rest. Housed in custom-tuned 510-thread hardware, the Midnight Cherry cartridge provides a premium, ""Lights Out"" session that satisfies the palate with its gourmet complexity and the body with its trademark restorative power."
019df36e-a530-7ea8-99aa-acd77866c0d0,HEAVY HITTERS,SLOW CURED RESIN ALL IN ONE [1G] BUBBA'S GIRL BY CAM - 1 G,CARTRIDGE,1G,INDICA,82.71%,,70.05,,False,heavy-hitters-heavy-hitters-slow-cured-resin-all-in-one-1g-bubbas-girl-by-cam,https://d14jfwlo68bhyr.cloudfront.net/products/1778131333374-bf5330fb-bed1-4ffb-9207-3d06eeb29383.webp,,"""BUBBA'S GIRL IS A RARE EVENLY BALANCED HYBRID STRAIN CREATED THROUGH A POTENT CROSS OF THE CLASSIC GIRL SCOUT COOKIES X BUBBA KUSH STRAINS. IT PACKS A WELL-BALANCED HIGH THAT IS PERFECT FOR ANY HYBRID LOVER WHO WANTS TO KICK BACK ON A LAZY WEEKEND DAY. THE HIGH STARTS IN THE BACK OF THE HEAD WITH A SUBTLE LIFT THAT FILLS THE MIND WITH HAZY HAPPINESS AND EASE. THIS BUD HAS A RICH NUTTY SPICY FLAVOR WITH A LIGHTLY DANK FLOWERY EXHALE. THE AROMA IS VERY SPICY AND EARTHY WITH A FLOWERY OVERTONE THAT TURNS DANK AS THE NUGS ARE BURNED.  PHENOTYPE: INDICA LINEAGE: SCOUT COOKIES X BUBBA KUSH FLAVOR PROFILE: HERBAL, SPICY, SWEET EFFECT PROFILE: RELAXED, EUPHORIC, HAPPY  THIS STATEMENT HAS NOT BEEN EVALUATED BY THE FOOD AND DRUG ADMINISTRATION. THIS PRODUCT IS NOT INTENDED TO DIAGNOSE, TREAT, CURE, OR PREVENT ANY DISEASE."""
01997254-00e7-7b83-bc1a-0d66b6efd8d2,HEAVY HITTERS,SLOW CURED RESIN ALL IN ONE [1G] J1 - 1 G,CARTRIDGE,1G,SATIVA,87.30%,,70.05,,False,heavy-hitters-heavy-hitters-slow-cured-resin-all-in-one-1g-j1,https://d14jfwlo68bhyr.cloudfront.net/banners/1763702465722-7502497c-8b88-440a-8db4-3de6fa15eedb.webp,,"The Heavy Hitters J1 1G Slow Cured Resin AIO is a ""Sativa masterpiece"" designed for the active user. Delivering an elite profile of sweet citrus, earthy pine, and tropical skunk, this Slow Cured Resin provides a vibrant, high-energy high that fuels focus and joy without the crash. Housed in Heavy Hitters' premium, rechargeable hardware, it offers 20% larger clouds and the most authentic, flower-like experience possible in a portable format. It’s the perfect choice for anyone looking to elevate their morning and move through the day with absolute clarity and inspiration."
019e9470-1b68-70ec-b2e0-eee2d527be43,HEAVY HITTERS,SLOW CURED RESIN ALL IN ONE [1G] LEMONBERRY LANTZ BY RIDGELINE FARMS - 1 G,CARTRIDGE,1G,HYBRID,87.90%,0.09%,70.05,,False,heavy-hitters-heavy-hitters-slow-cured-resin-all-in-one-1g-lemonberry-lantz-by-ridgeline-farms,https://d14jfwlo68bhyr.cloudfront.net/products/1780027738723-ebea0546-0ecd-4414-a054-64c3c33a9b1a.webp,,
019dc00e-b08a-74fb-bce9-bbb1523ee1d9,HEAVY HITTERS,SLOW CURED RESIN CARTRIDGE [1G] LEMONBERRY LANTZ - 1 G,CARTRIDGE,1G,HYBRID,87.45%,0.10%,65.05,,False,heavy-hitters-heavy-hitters-slow-cured-resin-cartridge-1g-lemonberry-lantz,https://d14jfwlo68bhyr.cloudfront.net/products/1777443709384-ca4b6823-202c-42d2-bf41-1db13c6b0b50.webp,,"""LEMONBERRY LANTZ LEADS WITH BRIGHT LEMON ZEST AND SWEET MIXED BERRY, LAYERED OVER A SMOOTH CANDY-LIKE CREAMINESS FROM ITS LANTZ SIDE. THE INHALE IS ZESTY AND SLIGHTLY TART — CITRUS OIL AND BERRY SWEETNESS — WHILE THE EXHALE SOFTENS INTO A CREAMY, SUGARY FINISH THAT LINGERS ON THE PALATE. THE EFFECT COMES ON WITH A CLEAR, UPLIFTING LIFT THAT BRINGS FOCUS AND CREATIVE ENERGY BEFORE SETTLING INTO A SMOOTH, LIGHTLY RELAXING BODY CALM THAT STAYS EASY AND BALANCED.  PHENOTYPE: HYBRID LINEAGE: LEMON SKUNK × BERRY LANTZ FLAVOR PROFILE: CITRUS, BERRY, SWEET EFFECT PROFILE: UPLIFTING, FOCUSED, BALANCED  THIS STATEMENT HAS NOT BEEN EVALUATED BY THE FOOD AND DRUG ADMINISTRATION. THIS PRODUCT IS NOT INTENDED TO DIAGNOSE, TREAT, CURE, OR PREVENT ANY DISEASE."""
019a7a6b-586a-7775-8009-9086c9ef0009,HEAVY HITTERS,ULTRA EXTRACT ALL IN ONE [1G] BLUE DREAM - 1 G,CARTRIDGE,1G,SATIVA,91.84%,0.12%,65.05,,False,heavy-hitters-heavy-hitters-ultra-extract-all-in-one-1g-blue-dream,https://d14jfwlo68bhyr.cloudfront.net/banners/1768461450054-0617c0a6-429a-42d6-90c1-dd3a4b4e593a.webp,,"This Heavy Hitters Ultra Extract all-in-one vape cartridge delivers the classic Blue Dream sativa experience with sweet blueberry, pine, and tropical flavors in a potent, ready-to-use format. Expect euphoric and creative effects that make this 1-gram cartridge perfect for daytime use when you want uplifting cannabis effects without the hassle of charging or refilling. The high-THC concentrate provides experienced users with powerful, long-lasting sessions ideal for creative projects or social activities."
019bbde6-67d9-7c20-b846-ac41e993f7b8,HEAVY HITTERS,ULTRA EXTRACT ALL IN ONE [1G] GRAPEFRUIT - 1 G,CARTRIDGE,1G,SATIVA,90.64%,0.14%,65.05,,False,heavy-hitters-heavy-hitters-ultra-extract-all-in-one-1g-grapefruit,https://d14jfwlo68bhyr.cloudfront.net/banners/1768461433641-cb829dfd-6c30-4d6d-a1ee-e9f0f4cd99fd.webp,,"""GRAPEFRUIT IS A LONGTIME MARIJUANA CLASSIC, A HEADY BLEND OF THE HYBRID CINDERELLA 99 AND A SATIVA BRED SPECIFICALLY FOR ITS GRAPEFRUIT FLAVOR. THIS STRAIN PACKS A DECIDEDLY CEREBRAL PUNCH, WITH A MAJOR MOOD BOOST AND INTENSE EUPHORIA.  PHENOTYPE: SATIVA LINEAGE: CINDERELLA 99 X SATIVA FLAVOR PROFILE: CITRUS, HERBAL, SOUR EFFECT PROFILE: UPLIFTING, ENERGIZING, EUPHORIC  THIS STATEMENT HAS NOT BEEN EVALUATED BY THE FOOD AND DRUG ADMINISTRATION. THIS PRODUCT IS NOT INTENDED TO DIAGNOSE, TREAT, CURE, OR PREVENT ANY DISEASE."""
019a7a6b-e189-7242-b7d0-c675ee6ed9f1,HEAVY HITTERS,ULTRA EXTRACT ALL IN ONE [1G] NORTHERN LIGHTS - 1 G,CARTRIDGE,1G,INDICA,89.85%,0.17%,65.05,,False,heavy-hitters-heavy-hitters-ultra-extract-all-in-one-1g-northern-lights,https://d14jfwlo68bhyr.cloudfront.net/banners/1768461460397-8eaeff83-7360-42fa-a65d-c325255e55ef.webp,,"This Heavy Hitters Ultra Extract all-in-one vape cartridge delivers the legendary Northern Lights indica strain at an impressive 92.8% THC. Perfect for evening relaxation, this potent cannabis concentrate provides deep body relief and tranquil sedation that made Northern Lights a classic nighttime choice. The ready-to-use 1g cartridge offers convenient, discreet vaping with Heavy Hitters' premium ultra-concentrated extract."
019a7a6c-5a4f-7e8f-af24-662038b91055,HEAVY HITTERS,ULTRA EXTRACT ALL IN ONE [1G] PINEAPPLE EXPRESS - 1 G,CARTRIDGE,1G,HYBRID,90.70%,0.10%,65.05,,False,heavy-hitters-heavy-hitters-ultra-extract-all-in-one-1g-pineapple-express,https://d14jfwlo68bhyr.cloudfront.net/banners/1768461471679-123937ac-c1ce-4e9b-a729-fc4f77958caa.webp,,"Enjoy the best of both worlds with this hybrid ULTRA EXTRACT ALL IN ONE [1G] PINEAPPLE EXPRESS from Heavy Hitters. This ready-to-use cannabis cartridge delivers a balanced, full-spectrum experience with uplifting sativa-like effects and a tropical pineapple flavor profile. Perfect for daytime use or social occasions."
019bbde5-a5c2-7114-a21f-079f01ec0485,HEAVY HITTERS,ULTRA EXTRACT ALL IN ONE [1G] WATERMELON Z - 1 G,CARTRIDGE,1G,INDICA,90.31%,0.13%,65.05,,False,heavy-hitters-heavy-hitters-ultra-extract-all-in-one-1g-watermelon-z,https://d14jfwlo68bhyr.cloudfront.net/banners/1768461393603-b96d5988-cc91-4d02-a5f0-fa58815d3507.webp,,"""WATERMELON Z IS A POWERFUL INDICA GIVING A QUICK ONSET AND HEAD RUSHING EUPHORIA. WITH A TASTE AND AROMA OF MOUTH WATERING TROPICAL FRUIT, ITS PARENTS WATERMELON AND ZKITTLEZ SHINES THROUGH, OFFERING A RELAXING HIGH THAT'S PERFECT FOR ANY EVENING RELAXING OR LAUGHING WITH FRIENDS.  PHENOTYPE: INDICA LINEAGE: WATERMELON OG X ZKITTLEZ FLAVOR PROFILE: TROPICAL, TREE FRUIT, SWEET EFFECT PROFILE: RELAXED, EUPHORIC, HAPPY  THIS STATEMENT HAS NOT BEEN EVALUATED BY THE FOOD AND DRUG ADMINISTRATION. THIS PRODUCT IS NOT INTENDED TO DIAGNOSE, TREAT, CURE, OR PREVENT ANY DISEASE."""
019bbde4-cfee-75e1-a654-bc33938fdd22,HEAVY HITTERS,ULTRA EXTRACT ALL IN ONE [1G] WAVE RUNNERS - 1 G,CARTRIDGE,1G,HYBRID,90.34%,0.30%,65.05,,False,heavy-hitters-heavy-hitters-ultra-extract-all-in-one-1g-wave-runners,https://d14jfwlo68bhyr.cloudfront.net/banners/1768461311811-008b8e13-42cd-4063-a4df-47f40e1769c1.webp,,"""A SMOOTH, MODERN HYBRID THAT LEANS INTO A CALM, UPLIFTING HEADSPACE WITH A GENTLY ROLLING BODY RELAXATION, OFFERING A BALANCED AND FUNCTIONAL EXPERIENCE THAT FEELS BREEZY AND CLEAR WITHOUT BECOMING SEDATING.  PHENOTYPE: HYBRID LINEAGE: GELATO × BLUEBERRY FLAVOR PROFILE: BERRY, SWEET, CREAMY EFFECT PROFILE: RELAXED, EUPHORIC, BALANCED  THIS STATEMENT HAS NOT BEEN EVALUATED BY THE FOOD AND DRUG ADMINISTRATION. THIS PRODUCT IS NOT INTENDED TO DIAGNOSE, TREAT, CURE, OR PREVENT ANY DISEASE."""
019edc06-22f4-7967-8a16-2b7e6ef5314e,HEAVY HITTERS,ULTRA READY TO USE VAPORIZER [2G] 2:1:1 THC:CBG:CBD ABRACADABRA - 2 G,CARTRIDGE,2G,HYBRID,50.00%,19.60%,90.05,,False,heavy-hitters-heavy-hitters-ultra-ready-to-use-vaporizer-2g-211-thccbgcbd-abracadabra,https://d14jfwlo68bhyr.cloudfront.net/products/1781678854174-8846f093-baaa-4a9d-86b3-2d1d5f5066d1.webp,,
019edc06-9f3a-77bf-9d2d-ed1bf0b4a4eb,HEAVY HITTERS,ULTRA READY TO USE VAPORIZER [2G] 2:1:1 THC:CBN:CBD ROMULAN - 2 G,CARTRIDGE,2G,INDICA,47.60%,20.50%,90.05,,False,heavy-hitters-heavy-hitters-ultra-ready-to-use-vaporizer-2g-211-thccbncbd-romulan,https://d14jfwlo68bhyr.cloudfront.net/products/1781679042037-c4007ed7-758d-41a6-85ea-5cd4b846dee0.webp,,
019edc06-5960-7de4-83e6-e79d984a8741,HEAVY HITTERS,ULTRA READY TO USE VAPORIZER [2G] 2:1:1 THC:THCV:CBC PIFF - 2 G,CARTRIDGE,2G,SATIVA,49.90%,0.18%,90.05,,False,heavy-hitters-heavy-hitters-ultra-ready-to-use-vaporizer-2g-211-thcthcvcbc-piff,https://d14jfwlo68bhyr.cloudfront.net/products/1781678941667-d84e7918-5426-480d-a45a-fb6e0183be5a.webp,,
019b4c7b-0ada-7a7b-8857-a1a6e178e731,ICED,CARTRIDGE [1G] BLUE ZUSHI - 1 G,CARTRIDGE,1G,INDICA,85.24%,0.27%,15.05,,False,iced-iced-cartridge-1g-blue-zushi,https://d14jfwlo68bhyr.cloudfront.net/banners/1771967980465-e39fe751-c924-498a-a9d4-27bef8e88bf9.webp,,"This ICED Blue Zushi 510 thread cartridge delivers the classic indica relaxation you're looking for in a convenient 1-gram vape format. The Blue Zushi strain provides calming, body-focused effects perfect for evening unwind sessions or lazy weekend vibes. Compatible with any standard 510 battery, this THC cartridge offers smooth, flavorful vapor with the sedating qualities that make indica strains ideal for stress relief and sleep preparation."
019bbde2-4ebf-7a86-b5f4-00f0c564e1eb,ICED,CARTRIDGE [1G] MARSHMELLOWZ - 1 G,CARTRIDGE,1G,SATIVA,83.37%,0.28%,15.05,,False,iced-iced-cartridge-1g-marshmellowz,https://d14jfwlo68bhyr.cloudfront.net/banners/1771968009984-ef816a56-616b-44f6-a609-f40336c32b06.webp,,"This 1-gram 510 thread vape cartridge from ICED delivers the uplifting sativa effects of Marshmellowz strain in a convenient, portable format. Perfect for daytime use when you need an energizing boost without the heaviness, this cannabis cartridge offers smooth vapor and easy dosing. Compatible with standard 510 thread batteries, it's ideal for on-the-go consumption and precise THC delivery."
019d733c-2c26-75bc-9987-d17759bd30a5,ICED,CARTRIDGE [1G] RAINBOW SHERBET - 1 G,CARTRIDGE,1G,SATIVA,84.88%,0.27%,15.05,,False,iced-iced-cartridge-1g-rainbow-sherbet,https://d14jfwlo68bhyr.cloudfront.net/products/1776260324572-6c3400b1-2070-4efb-bcda-96d5f7581f52.webp,,"This potent sativa cartridge delivers sweet berry blueberry flavors that taste just like your favorite childhood candy belts, bringing nostalgic sweetness to every hit. At 81.7% THC, Rainbow Sherbet provides an uplifting, energetic experience perfect for daytime use when you want to stay creative and focused."
019929ef-e84f-72b9-ab9b-d57eeb8bbab2,ICED,CARTRIDGE [1G] RUNTZ - 1 G,CARTRIDGE,1G,HYBRID,85.04%,0.22%,15.05,,False,iced-iced-cartridge-1g-runtz,https://d1hhy58mqsa6c3.cloudfront.net/916928a7-444e-4ad3-bfd0-b799e8385e4d/69fcb698-6f32-49de-b044-f569b0ee5f63,,"The ICED - CARTRIDGE [1G] RUNTZ is an Ultra Potent (83%+ THC) Balanced Hybrid vape, featuring Liquid Diamond or high-purity distillate. It delivers the signature Runtz flavor of sweet fruit candy, tropical citrus, and creamy berries. This cartridge provides a versatile and powerful high that begins with a euphoric, happy lift and transitions into a deeply relaxing full-body calm, making it an excellent choice for stress relief, mood enhancement, and social relaxation."
01998308-6de2-75f4-9da8-5da8cc4ac9fe,ICED,CARTRIDGE [1G] SUGARLAND - 1 G,CARTRIDGE,1G,SATIVA,85.64%,0.24%,15.05,,False,iced-iced-cartridge-1g-sugarland,https://d1hhy58mqsa6c3.cloudfront.net/916928a7-444e-4ad3-bfd0-b799e8385e4d/74288379-dae2-4f96-beaf-33dca6eba307,,"The ICED - CARTRIDGE [1G] SUGARLAND is an Ultra Potent (85%+ THC) Indica-Dominant Hybrid vape, utilizing high-purity concentrate (often Liquid Diamond derived). It delivers an intensely sweet, dessert-like flavor profile of sugary candy, cotton candy, and cream. This cartridge provides a powerful high that is primarily euphoric, deeply relaxing, and body-calming, making it an excellent choice for evening stress relief, physical comfort, and promoting restful sleep."
0198bbb0-9fd6-700e-bb34-d07e9c7fdcfd,ICED,LIQUID DIAMOND CARTRIDGE [1G] WATERMELON Z - 1 G,CARTRIDGE,1G,HYBRID,84.30%,0.32%,15.05,,False,iced-iced-liquid-diamond-cartridge-1g-watermelon-z,https://d1hhy58mqsa6c3.cloudfront.net/916928a7-444e-4ad3-bfd0-b799e8385e4d/fa3a3c5c-09ef-4658-871b-43d50b6ad62d,,"The ICED Watermelon Z 1G Liquid Diamond Cartridge is an ultra-potent vape (approx. 82%-92%+ THC) derived from melted THCA. This Indica-Dominant Hybrid (Watermelon x Zkittlez) delivers a powerful, euphoric, deeply relaxing, and sedating high. The flavor is an intense, smooth blend of Sweet Watermelon Candy and Tropical Fruit. It is a premium choice for users seeking maximum potency and an enjoyable, effective nighttime relief experience."
01951af3-fb72-7a6c-aed6-2e5e50d2e796,JEETER,LIQUID DIAMONDS CARTRIDGE [1G] APPLE FRITTER,CARTRIDGE,1G,HYBRID,90.27%,,23.05,THURSDAY – Q4 DAILY DEALS – JEETER – CARTRIDGES,True,jeeter-jeeter-liquid-diamonds-cartridge-1g-apple-fritter,https://d14jfwlo68bhyr.cloudfront.net/products/1786550129088-daff90a5-bc33-435b-ac22-2820b27548b9.webp,,"The JEETER Apple Fritter 1G Liquid Diamonds Cartridge is an ultra-potent vape (approx. 85%-97% THC) featuring Melted THCA Diamonds for maximum purity and strength. This Balanced Hybrid delivers a powerful, euphoric, happy, and deeply relaxing high. The flavor is a smooth, decadent blend of Sweet Apple, Vanilla Cake, and Spice. It is a premium choice for users seeking both high potency and a delicious, versatile experience."
01a063d3-bbd8-7282-bad5-69e94f8f3789,JEETER,LIQUID DIAMONDS READY TO USE VAPORIZER [1G] BEAST QUAKE - 1 G,CARTRIDGE,1G,,93.00%,,30.05,THURSDAY – Q4 DAILY DEALS – JEETER – CARTRIDGES,True,jeeter-jeeter-liquid-diamonds-ready-to-use-vaporizer-1g-beast-quake,https://d14jfwlo68bhyr.cloudfront.net/products/1788874069762-3a77cd93-8242-4625-96f5-d9e2623a649e.webp,,"The Jeeter Beast Quake Liquid Diamonds ready-to-use vaporizer is a 1g cannabis cartridge built for those who want maximum potency in a grab-and-go format, hitting at an impressive 93% THC derived from a liquid diamonds concentrate process that preserves the full intensity of the strain. No charging, no setup — just pull and enjoy the hard-hitting effects Beast Quake is known for. A strong choice for evening use or any time you want a powerful, fast-acting cannabis experience from a trusted dispensary brand."
0197eba6-336e-7fbc-ac8f-990c29b9ff91,JEETER,LIQUID DIAMONDS READY TO USE VAPORIZER [1G] PINK LEMON - 1 G,CARTRIDGE,1G,HYBRID,95.42%,,30.05,THURSDAY – Q4 DAILY DEALS – JEETER – CARTRIDGES,True,jeeter-jeeter-liquid-diamonds-ready-to-use-vaporizer-1g-pink-lemon,https://d14jfwlo68bhyr.cloudfront.net/products/1787152451415-b51e169a-67aa-4d5e-b5de-0988c6deeacf.webp,,"The JEETER Pink Lemon Liquid Diamonds Vaporizer is a high-potency, 1-gram Balanced Hybrid disposable pen. It delivers a delicious, zesty flavor of sweet raspberry, candy citrus, and grapefruit. It provides a euphoric, clear-headed, and gently relaxing high that is perfect for boosting your mood and maintaining energy throughout the day."
01987bd1-94a8-724d-9c4b-29c7670cc093,JEETER,LIQUID DIAMONDS READY TO USE VAPORIZER [1G] SFV OG - 1 G,CARTRIDGE,1G,HYBRID,91.05%,,30.05,THURSDAY – Q4 DAILY DEALS – JEETER – CARTRIDGES,True,jeeter-jeeter-liquid-diamonds-ready-to-use-vaporizer-1g-sfv-og,https://d14jfwlo68bhyr.cloudfront.net/products/1782744398043-f20441c9-2e69-48bb-a0f7-ae12875fd9c1.webp,,"The JEETER SFV OG Liquid Diamonds Vaporizer is a high-potency, 1-gram Hybrid disposable pen. It delivers a bold, classic flavor of earthy pine, wood, and bright lemon citrus. It is the ultimate choice for a powerful, balanced high that provides an initial sense of clear-headed focus and euphoria, transitioning into deep body relaxation to effectively relieve stress and pain."
0198335c-72b7-7dc8-8ff9-5433c892bbfe,JEETER,LIQUID DIAMONDS READY TO USE VAPORIZER [1G] WATERMELON ZKZ - 1 G,CARTRIDGE,1G,HYBRID,93.74%,,30.05,THURSDAY – Q4 DAILY DEALS – JEETER – CARTRIDGES,True,jeeter-jeeter-liquid-diamonds-ready-to-use-vaporizer-1g-watermelon-zkz,https://d14jfwlo68bhyr.cloudfront.net/products/1782744453010-bb31e854-2c7c-46ea-9f66-bf2b7e24e617.webp,,"The JEETER Watermelon ZKZ Liquid Diamonds Vaporizer is a high-potency, 1-gram Indica disposable pen. It delivers an incredibly sweet and mouthwatering flavor of watermelon candy and mixed fruit. It provides a powerful, head-rushing euphoria that smoothly transitions into deep, happy, and tranquil relaxation, making it a perfect choice for winding down and ending the day."
019ff148-7bbf-70ff-8ec7-918b09e7a5c0,JEETER,LIVE RESIN READY TO USE VAPORIZER [1G] ACE KILLER OG - 1 G,CARTRIDGE,1G,,76.35%,,35.04,THURSDAY – Q4 DAILY DEALS – JEETER – CARTRIDGES,True,jeeter-jeeter-live-resin-ready-to-use-vaporizer-1g-ace-killer-og,,,
01a038c0-fe14-7155-8997-d74bf2e8cb8e,JEETER,LIVE RESIN READY TO USE VAPORIZER [1G] WATER BOI - 1 G,CARTRIDGE,1G,,87.87%,,35.04,THURSDAY – Q4 DAILY DEALS – JEETER – CARTRIDGES,True,jeeter-jeeter-live-resin-ready-to-use-vaporizer-1g-water-boi,,,
019cbf60-3612-7824-929d-9b4c72eb1283,JETTY EXTRACTS,HIGH THC CARTRIDGE [1G] BLUE DREAM - 1 G,CARTRIDGE,1G,SATIVA,82.74%,0.28%,35.04,,False,jetty-extracts-jetty-extracts-high-thc-cartridge-1g-blue-dream,https://d14jfwlo68bhyr.cloudfront.net/products/1774522358115-201ac764-59ba-4943-8ae0-3b8c3c4261f2.webp,,"This Jetty Extracts Blue Dream sativa cartridge delivers the legendary strain's signature sweet berry flavors with a clear-headed, euphoric high that's perfect for daytime creativity and social activities. Made with real cannabis terpenes and triple-tested for purity, this high-THC vape cartridge features premium ceramic hardware compatible with any 510-thread battery. Experience the uplifting effects that made Blue Dream one of cannabis's most beloved strains."
01a033ae-1b6e-7039-abc2-7e0b990d6f4a,JETTY EXTRACTS,HIGH THC READY TO USE VAPORIZER [1G] GELATO - 1 G,CARTRIDGE,1G,HYBRID,80.56%,0.27%,38.04,,False,jetty-extracts-jetty-extracts-high-thc-ready-to-use-vaporizer-1g-gelato,https://d14jfwlo68bhyr.cloudfront.net/products/1788284467695-a7a2cf8e-df73-4fb4-ab81-f42a9bccccd6.webp,,"Gelato is a pretty intense high and a solid choice for relaxing while still keeping focus. Great up-front fruit flavor with hints of earthy Kush on the exhale.  Jetty High THC is super-potent and features a variety of legendary cannabis strains. Jetty High THC is triple-tested and ECCO Certified for purity. Made in our Oakland lab using real cannabis terpenes, Jetty High THC is sure to elevate the everyday.   Pure, potent, and portable, Jetty’s All-in-One Vape delivers everything you want in a vape. CCell's industry-leading Mini Tank hardware features EVOMax ceramic heating. Charged and ready to enjoy, it is designed to go wherever you do."
019cbf5d-e4c8-76fc-8f5e-731acfcb634e,JETTY EXTRACTS,HIGH THC READY TO USE VAPORIZER [1G] NORTHERN LIGHTS #5 - 1 G,CARTRIDGE,1G,INDICA,85.27%,0.22%,38.04,,False,jetty-extracts-jetty-extracts-high-thc-ready-to-use-vaporizer-1g-northern-lights-5,https://d14jfwlo68bhyr.cloudfront.net/products/1774522116829-7709c3b4-01ba-4c69-8c42-1a6d7c8f39db.webp,,"This high-potency indica vape cartridge delivers the legendary Northern Lights #5 strain with earthy, piney flavors that have made it a cannabis classic since 1989. Jetty Extracts' triple-tested formula uses real cannabis terpenes for an authentic, relaxing experience perfect for unwinding after a long day. The portable all-in-one design features premium CCell hardware and is ready to use right out of the package."
01a03a02-ec48-706f-8323-64a5e5b01bb7,JETTY EXTRACTS,LIVE RESIN MINI TANK READY TO USE VAPORIZER [1G] ELVIS OG - 1 G,CARTRIDGE,1G,HYBRID,81.78%,0.34%,45.05,,False,jetty-extracts-jetty-extracts-live-resin-mini-tank-ready-to-use-vaporizer-1g-elvis-og,https://d14jfwlo68bhyr.cloudfront.net/products/1788285156976-2bf93b5d-1ed5-402a-bd26-230f7f48548f.webp,,"Smooth banana and tropical fruit flavors pair with an easy creative buzz that gradually turns hazy, calm, and deeply laid-back.  Jetty 100% Live Resin has a whole new look. We’ve improved oil clarity, boosted the potency, and sharpened the flavor for a whole new experience. We removed the fats and waxes that clog your vape, ensuring a smooth smoke from start to finish. With our specialized purification processes, every puff delivers the true essence of the plant, offering a pure and bold flavor that stays great all the way to the end of your cart. Jetty Extracts invites you to explore, rise, and TAKE FLIGHT with our expertly crafted 100% Live Resin.  Now ECCO Certified.  Pure, potent, and portable, Jetty’s All-in-One Vape delivers everything you want in a vape. CCell's industry-leading Mini Tank hardware features EVOMax ceramic heating. Charged and ready to enjoy, it is designed to go wherever you do."
01a03a04-035c-7d14-8248-faafc2694753,JETTY EXTRACTS,LIVE RESIN MINI TANK READY TO USE VAPORIZER [1G] MINT CONDITION - 1 G,CARTRIDGE,1G,INDICA,82.28%,0.11%,45.05,,False,jetty-extracts-jetty-extracts-live-resin-mini-tank-ready-to-use-vaporizer-1g-mint-condition,https://d14jfwlo68bhyr.cloudfront.net/products/1788285243219-18e2b38b-c612-412b-9059-6815536d8564.webp,,"The crisp mint and herbal depth of Modified Mintz meet the bright orange zest and lively character of Tropicana Cookies in this flavorful blend.  Jetty 100% Live Resin has a whole new look. We’ve improved oil clarity, boosted the potency, and sharpened the flavor for a whole new experience. We removed the fats and waxes that clog your vape, ensuring a smooth smoke from start to finish. With our specialized purification processes, every puff delivers the true essence of the plant, offering a pure and bold flavor that stays great all the way to the end of your cart. Jetty Extracts invites you to explore, rise, and TAKE FLIGHT with our expertly crafted 100% Live Resin.  Now ECCO Certified.  Pure, potent, and portable, Jetty’s All-in-One Vape delivers everything you want in a vape. CCell's industry-leading Mini Tank hardware features EVOMax ceramic heating. Charged and ready to enjoy, it is designed to go wherever you do."
01a03a05-e478-7030-829d-020cf5a87641,JETTY EXTRACTS,LIVE RESIN MINI TANK READY TO USE VAPORIZER [1G] ROSÉ RIOT - 1 G,CARTRIDGE,1G,SATIVA,82.99%,0.21%,45.05,,False,jetty-extracts-jetty-extracts-live-resin-mini-tank-ready-to-use-vaporizer-1g-ros-riot,https://d14jfwlo68bhyr.cloudfront.net/products/1788288501273-86a2fd7b-6153-4f57-8ae3-2884fbfe390e.webp,,"Sour Strawberry brings bold notes of ripe berries with a classic OG diesel finish. This high-THC strain delivers a flavorful experience with a smooth, relaxing body buzz and an easygoing, euphoric feel.  Jetty 100% Live Resin has a whole new look. We’ve improved oil clarity, boosted the potency, and sharpened the flavor for a whole new experience. We removed the fats and waxes that clog your vape, ensuring a smooth smoke from start to finish. With our specialized purification processes, every puff delivers the true essence of the plant, offering a pure and bold flavor that stays great all the way to the end of your cart. Jetty Extracts invites you to explore, rise, and TAKE FLIGHT with our expertly crafted 100% Live Resin.  Now ECCO Certified.  Pure, potent, and portable, Jetty’s All-in-One Vape delivers everything you want in a vape. CCell's industry-leading Mini Tank hardware features EVOMax ceramic heating. Charged and ready to enjoy, it is designed to go wherever you do."
01a03378-b174-741b-b0f2-28d544d238c3,JETTY EXTRACTS,OCAL SOLVENTLESS CARTRIDGE [1G] PASSIONFRUIT SODA - 1 G,CARTRIDGE,1G,,76.61%,0.17%,55.05,,False,jetty-extracts-jetty-extracts-ocal-solventless-cartridge-1g-passionfruit-soda,https://d14jfwlo68bhyr.cloudfront.net/products/1788287979304-74852f42-7c88-43b1-8e39-87bbc731351a.webp,,"Passionfruit Soda blends Nam Wah's bubbly uplift with Papaya Bomb's mellow island vibes. A wave of tropical fruit flavor carries a happy, carefree buzz from start to finish.  Jetty Solventless is America's #1 live rosin. It is the cleanest oil available, made from OCal certified bud and extracted using only ice and water. Our unique filtration process removes excess fats and waxes increasing purity (and THC %) while keeping all the tasty terpenes. The result: a light, golden oil, and unmatched flavor profile.  OCal is the comparable-to-organic program for cannabis grown and manufactured in California. OCal products are cultivated and extracted without pesticides, synthetic fertilizers, or bioengineering  Look for the Jetty signature upcycled wood tip and our premium EVOmax Ceramic CCell cartridges. Customize your temp with any 510-thread battery."
01a03352-038a-7d93-9ff1-9d804f997363,JETTY EXTRACTS,OCAL SOLVENTLESS CARTRIDGE [1G] PLATINUM PRESSURE - 1 G,CARTRIDGE,1G,HYBRID,74.58%,0.17%,55.05,,False,jetty-extracts-jetty-extracts-ocal-solventless-cartridge-1g-platinum-pressure,https://d14jfwlo68bhyr.cloudfront.net/products/1788288083856-5e67ee9b-12e0-427e-b1af-e893263d4a06.webp,,"Platinum Kush meets Pressure for a blend that balances old-school Kush vibes with a brighter citrus edge. Enjoy layers of earthy pine, fresh fruit, and warm spice followed by a mellow, feel-good high that’s easy to settle into.  Jetty Solventless is America's #1 live rosin. It is the cleanest oil available, made from OCal certified bud and extracted using only ice and water. Our unique filtration process removes excess fats and waxes increasing purity (and THC %) while keeping all the tasty terpenes. The result: a light, golden oil, and unmatched flavor profile.  OCal is the comparable-to-organic program for cannabis grown and manufactured in California. OCal products are cultivated and extracted without pesticides, synthetic fertilizers, or bioengineering.   Look for the Jetty signature upcycled wood tip and our premium EVOmax Ceramic CCell cartridges. Customize your temp with any 510-thread battery."
01a03a0d-46d3-7e5d-87bf-5b6b309b55d8,JETTY EXTRACTS,OCAL SOLVENTLESS READY TO USE VAPORIZER [1G] GARLIC BREATH - 1 G,CARTRIDGE,1G,INDICA,81.23%,0.19%,65.05,,False,jetty-extracts-jetty-extracts-ocal-solventless-ready-to-use-vaporizer-1g-garlic-breath,https://d14jfwlo68bhyr.cloudfront.net/products/1788288203672-7d824ba8-88d6-45be-a690-03807e5f38c5.webp,,"GMO brings the deep body calm, while Garlic Juice adds a hazier, more euphoric edge to the experience. Flavor stays firmly in the savory lane, layering roasted garlic, black pepper, sage, and woody pine.  Jetty Solventless is America's #1 live rosin. It is the cleanest oil available, made from OCal certified bud and extracted using only ice and water. Our unique filtration process removes excess fats and waxes increasing purity (and THC %) while keeping all the tasty terpenes. The result: a light, golden oil, and unmatched flavor profile.  OCal is the comparable-to-organic program for cannabis grown and manufactured in California. OCal products are cultivated and extracted without pesticides, synthetic fertilizers, or bioengineering.   Pure, potent, and portable, Jetty’s All-in-One Vape delivers everything you want in a vape. CCell's industry-leading Mini Tank hardware features EVOMax ceramic heating. Charged and ready to enjoy, it is designed to go wherever you do."
01a03a0b-9c00-7aad-8066-8455a9a42367,JETTY EXTRACTS,OCAL SOLVENTLESS READY TO USE VAPORIZER [1G] IMPERIAL HASH - 1 G,CARTRIDGE,1G,SATIVA,81.10%,0.18%,65.05,,False,jetty-extracts-jetty-extracts-ocal-solventless-ready-to-use-vaporizer-1g-imperial-hash,https://d14jfwlo68bhyr.cloudfront.net/products/1788288254495-3f6b7ea8-c990-483f-836d-8e707e4be534.webp,,"This blend leans into contrast in the best way. Gurple keeps the mind light, creative, and engaged while Hash Burger eases the body into a calm, unhurried state. Fruity grape meets rich hash and woody pine for a layered flavor profile.  Jetty Solventless is America's #1 live rosin. It is the cleanest oil available, made from OCal certified bud and extracted using only ice and water. Our unique filtration process removes excess fats and waxes increasing purity (and THC %) while keeping all the tasty terpenes. The result: a light, golden oil, and unmatched flavor profile.  OCal is the comparable-to-organic program for cannabis grown and manufactured in California. OCal products are cultivated and extracted without pesticides, synthetic fertilizers, or bioengineering.   Pure, potent, and portable, Jetty’s All-in-One Vape delivers everything you want in a vape. CCell's industry-leading Mini Tank hardware features EVOMax ceramic heating. Charged and ready to enjoy, it is designed to go wherever you do."
01a03a0c-4bcd-7242-ac4f-ba63967ac753,JETTY EXTRACTS,OCAL SOLVENTLESS READY TO USE VAPORIZER [1G] PLATINUM PRESSURE - 1 G,CARTRIDGE,1G,HYBRID,74.76%,0.14%,65.05,,False,jetty-extracts-jetty-extracts-ocal-solventless-ready-to-use-vaporizer-1g-platinum-pressure,https://d14jfwlo68bhyr.cloudfront.net/products/1788288303453-32487af3-5662-4a89-a375-df67731dd647.webp,,"Platinum Kush meets Pressure for a blend that balances old-school Kush vibes with a brighter citrus edge. Enjoy layers of earthy pine, fresh fruit, and warm spice followed by a mellow, feel-good high that’s easy to settle into.  Jetty Solventless is America's #1 live rosin. It is the cleanest oil available, made from OCal certified bud and extracted using only ice and water. Our unique filtration process removes excess fats and waxes increasing purity (and THC %) while keeping all the tasty terpenes. The result: a light, golden oil, and unmatched flavor profile.  OCal is the comparable-to-organic program for cannabis grown and manufactured in California. OCal products are cultivated and extracted without pesticides, synthetic fertilizers, or bioengineering.   Pure, potent, and portable, Jetty’s All-in-One Vape delivers everything you want in a vape. CCell's industry-leading Mini Tank hardware features EVOMax ceramic heating. Charged and ready to enjoy, it is designed to go wherever you do."
019f8c3d-6cbc-7324-b46f-e55b314c219e,JOOST,LIVE RESIN READY TO USE VAPORIZER [1G] GARLIC MINTS - 1 G,CARTRIDGE,1G,INDICA,73.86%,0.19%,35.04,,False,joost-joost-live-resin-ready-to-use-vaporizer-1g-garlic-mints,https://d14jfwlo68bhyr.cloudfront.net/products/1785439880682-65e004de-e0a2-461b-a690-3fdebc116d39.webp,,"Garlic Mints TASTE Mint, Spicy & Coffee  MOOD With a name as bold as its flavor, Garlic Mints brings a cool blast of mint layered with spicy kicks and a rich coffee finish. The high settles in smooth and heavy, melting tension from head to toe while keeping your mind calm and steady. Known for its deep body relaxation and stress-soothing effects, Garlic Mintz is perfect for unwinding, easing aches, and fully clocking out for the night.  Pure and Simple: Our Live Resin delivers the closest high to sparking up top-tier flower. One plant, no fillers, capturing the natural terpenes and cannabinoids — that means ZERO synthetic or botanical terps. You're getting high-quality extract from premium flower loaded into reliable, ceramic CCELL hardware. No tricky gimmicks to bump up potency - we're about simplicity, transparency and quality you can rely on. It's an authentic vibe from start to finish.  Potency Our Live Resin is crafted in small batches from premium flower. We hope for higher potencies, but we take what the plant naturally wants to give us. We believe beautiful highs are born from the unique and naturally derived combos of cannabinoids from a single source. Small batch, potency may vary."
019f8c3d-b322-7b0a-981b-dd69fb96d786,JOOST,LIVE RESIN READY TO USE VAPORIZER [1G] GELATO 41 - 1 G,CARTRIDGE,1G,HYBRID,73.45%,0.16%,35.04,,False,joost-joost-live-resin-ready-to-use-vaporizer-1g-gelato-41,https://d14jfwlo68bhyr.cloudfront.net/products/1785441869174-6270d71c-a184-4895-b3dc-4e26eda7046d.webp,,"Gelato 41 TASTE Pepper, Herbal & Sweet      Pure and Simple: Our Live Resin delivers the closest high to sparking up top-tier flower. One plant, no fillers, capturing the natural terpenes and cannabinoids — that means ZERO synthetic or botanical terps. You're getting high-quality extract from premium flower loaded into reliable, ceramic CCELL hardware. No tricky gimmicks to bump up potency - we're about simplicity, transparency and quality you can rely on. It's an authentic vibe from start to finish.  Potency Our Live Resin is crafted in small batches from premium flower. We hope for higher potencies, but we take what the plant naturally wants to give us. We believe beautiful highs are born from the unique and naturally derived combos of cannabinoids from a single source. Small batch, potency may vary."
019f8c3e-3ffa-7470-a05b-2f1a6caf7c05,JOOST,LIVE RESIN READY TO USE VAPORIZER [1G] SUPER SOUR DIESEL - 1 G,CARTRIDGE,1G,,72.46%,0.17%,35.04,,False,joost-joost-live-resin-ready-to-use-vaporizer-1g-super-sour-diesel,https://d14jfwlo68bhyr.cloudfront.net/products/1785442106676-d3c9e634-207b-47eb-98fc-8feba9629d24.webp,,"Super Sour Diesel TASTE Diesel, Chemical & Pungent  Pure and Simple: Our Live Resin delivers the closest high to sparking up top-tier flower. One plant, no fillers, capturing the natural terpenes and cannabinoids — that means ZERO synthetic or botanical terps. You're getting high-quality extract from premium flower loaded into reliable, ceramic CCELL hardware. No tricky gimmicks to bump up potency - we're about simplicity, transparency and quality you can rely on. It's an authentic vibe from start to finish.  Potency Our Live Resin is crafted in small batches from premium flower. We hope for higher potencies, but we take what the plant naturally wants to give us. We believe beautiful highs are born from the unique and naturally derived combos of cannabinoids from a single source. Small batch, potency may vary."
019585d0-b0aa-7529-bd96-e450c9175806,MICRO BAR,READY TO USE VAPORIZER [1G] BLACKBERRY SLUSH - 1 G,CARTRIDGE,1G,HYBRID,85.07%,,30.05,,False,micro-bar-micro-bar-ready-to-use-vaporizer-1g-blackberry-slush,https://d1hhy58mqsa6c3.cloudfront.net/916928a7-444e-4ad3-bfd0-b799e8385e4d/038b72dd-b1db-46a7-b1a7-1508cb57d985,,"The MICRO BAR - Blackberry Slush [1G] is a flavor-forward powerhouse. It perfectly captures the tart, icy sweetness of a berry slushie and pairs it with a balanced Hybrid high. If you are looking for a device that is high-potency, tastes like dessert, and is small enough to fit in a watch pocket, this is a top-tier choice."
019d6a6b-d6bd-7b91-94e1-f3b1bda4caa0,MICRO BAR,READY TO USE VAPORIZER [1G] BLUE HAWAIIAN PUNCH - 1 G,CARTRIDGE,1G,INDICA,83.85%,,30.05,,False,micro-bar-micro-bar-ready-to-use-vaporizer-1g-blue-hawaiian-punch,https://d14jfwlo68bhyr.cloudfront.net/products/1776978961263-d909ce09-5df0-4647-9a9b-6d7de6745c34.webp,,"This 1-gram ready-to-use vape cartridge from Micro Bar delivers the tropical Blue Hawaiian Punch indica strain for deep relaxation and stress relief. You'll taste sweet pineapple and berry notes with each smooth draw, making it perfect for unwinding after a long day or settling into a peaceful evening at home."
01951af4-066e-75dd-a0ed-c6a857b30e7a,MICRO BAR,READY TO USE VAPORIZER [1G] BLUEBERRY KUSH,CARTRIDGE,1G,INDICA,81.53%,,30.05,,False,micro-bar-micro-bar-ready-to-use-vaporizer-1g-blueberry-kush,https://d14jfwlo68bhyr.cloudfront.net/HsGh4j0qgk.webp,,"The MICRO BAR - Blueberry Kush [1G] is a masterclass in flavor and sedation. It perfectly pairs the sugary, jammy taste of blueberries with a powerful, sedative Kush high. It is the premier choice for users seeking an effective ""sleep aid"" or a delicious way to achieve total physical and mental relaxation."
019c00b5-7224-749e-862e-19ffbed617cc,MICRO BAR,READY TO USE VAPORIZER [1G] CHERRY LIMEADE SLUSH - 1 G,CARTRIDGE,1G,HYBRID,87.46%,,30.05,,False,micro-bar-micro-bar-ready-to-use-vaporizer-1g-cherry-limeade-slush,https://d14jfwlo68bhyr.cloudfront.net/banners/1772041174843-636f36c4-018b-446c-bd00-1cecc7cdfb0f.webp,,"This MICRO BAR ready-to-use vape cartridge delivers Cherry Limeade Slush's sweet and tangy flavor profile with a potent 85% THC hybrid formula. Perfect for on-the-go cannabis consumption, this 1-gram disposable vaporizer offers balanced effects that work well throughout the day. The convenient ready-to-use design requires no charging or setup—just inhale and enjoy the smooth, flavorful vapor from this premium THC concentrate."
019f6be0-cb1d-729e-9a8c-8b5ef27cd590,MICRO BAR,READY TO USE VAPORIZER [1G] HORCHATA OG - 1 G,CARTRIDGE,1G,INDICA,82.90%,,30.05,,False,micro-bar-micro-bar-ready-to-use-vaporizer-1g-horchata-og,,,
01951af4-12b8-7101-8141-e9af7745d6e5,MICRO BAR,READY TO USE VAPORIZER [1G] MANGO SUNSET,CARTRIDGE,1G,INDICA,80.50%,,30.05,,False,micro-bar-micro-bar-ready-to-use-vaporizer-1g-mango-sunset,https://d14jfwlo68bhyr.cloudfront.net/NJtJ01J1Rq.webp,,"The Micro Bar Mango Sunset [1G] Ready to Use Vaporizer is the definitive ""tropical-relaxant"" solution for the user who demands peak potency and a sophisticated, ""fruit-gourmand"" flavor profile. Utilizing an ultra-refined 90% THC oil in the industry’s most discrete, rechargeable hardware, this device delivers a sensory journey characterized by ripe mango nectar and sweet cream, finished with a smooth, berry-musk exhale. The effects are masterfully balanced, offering an immediate cerebral ""glow"" that boosts mood and sociability before settling into a weighted physical ease that melts away tension without immediate knockout sedation. Discrete, reliable, and incredibly ""lush,"" the Mango Sunset Micro Bar provides a powerful, ""grab-and-go"" session that satisfies the palate with its dessert-inspired complexity and the mind with its trademark radiant energy."
01951af4-12c1-7b8d-9496-247549759fde,MICRO BAR,READY TO USE VAPORIZER [1G] PEACH DRIVER,CARTRIDGE,1G,HYBRID,82.92%,,30.05,,False,micro-bar-micro-bar-ready-to-use-vaporizer-1g-peach-driver,https://d14jfwlo68bhyr.cloudfront.net/0SjaWclNcM.webp,,"The Micro Bar Peach Driver [1G] Ready to Use Vaporizer is the definitive ""gourmand-Sativa"" solution for the user who demands peak potency and a sophisticated, ""orchard-inspired"" flavor profile. Utilizing an ultra-refined 90% THC oil in the industry’s most discrete, rechargeable hardware, this device delivers a sensory journey characterized by ripe white peach and sweet cream, finished with a smooth, floral-honey exhale. The effects are masterfully uplifting, offering an immediate cerebral ""glow"" that boosts mood and focus before settling into a weightless physical ease that enhances productivity without any heavy sedation. Discrete, reliable, and incredibly ""lush,"" the Peach Driver Micro Bar provides a powerful, ""grab-and-go"" session that satisfies the palate with its dessert-like complexity and the mind with its trademark radiant energy."
01951af4-12c5-72c1-bf7d-1749bf1d24e7,MICRO BAR,READY TO USE VAPORIZER [1G] PINEAPPLE EXPRESS,CARTRIDGE,1G,SATIVA,75.10%,,30.05,,False,micro-bar-micro-bar-ready-to-use-vaporizer-1g-pineapple-express,https://d14jfwlo68bhyr.cloudfront.net/939jRuZgAI.webp,,"The Micro Bar Pineapple Express [1G] Ready to Use Vaporizer is the definitive ""tropical-energy"" solution for the user who demands peak potency and a legendary, ""fruit-forward"" flavor profile. Utilizing an ultra-refined 90% THC distillate in the industry’s most discrete, rechargeable hardware, this device delivers a sensory journey characterized by sweet pineapple nectar and fresh pine, finished with a smooth, woody-skunk exhale. The effects are masterfully uplifting, offering an immediate cerebral ""glow"" that boosts mood and focus before settling into a weightless physical ease that enhances productivity without any heavy sedation. Discrete, reliable, and incredibly ""bright,"" the Pineapple Express Micro Bar provides a powerful, ""grab-and-go"" session that satisfies the palate with its ""island-inspired"" complexity and the mind with its trademark radiant energy."
019d6a6c-08fb-706b-aef3-da2120f22521,MICRO BAR,READY TO USE VAPORIZER [1G] ROCKET POPZ - 1 G,CARTRIDGE,1G,INDICA,88.84%,,30.05,,False,micro-bar-micro-bar-ready-to-use-vaporizer-1g-rocket-popz,https://d14jfwlo68bhyr.cloudfront.net/products/1776978999718-8245f2e3-bf0d-46f9-8318-68f3120f9610.webp,,"This ready-to-use Micro Bar vape cartridge delivers the relaxing indica effects of Rocket Popz strain in a convenient 1-gram format. Perfect for evening wind-down sessions, this indica-dominant cannabis vape provides smooth, potent hits without the need for a separate battery or device."
01951af4-0670-7ec9-9407-3d98c6a8d623,MICRO BAR,READY TO USE VAPORIZER [1G] STRAWBERRY MOCHI - 1 G,CARTRIDGE,1G,HYBRID,85.54%,,30.05,,False,micro-bar-micro-bar-ready-to-use-vaporizer-1g-strawberry-mochi,https://d14jfwlo68bhyr.cloudfront.net/A1TC1cbn3i.webp,,"The MICRO BAR - Strawberry Mochi [1G] is the ""comfort food"" of vapes. It perfectly pairs juicy strawberry sweetness with a smooth, velvety dessert finish. Combined with a relaxing yet happy Hybrid high, it is the premier choice for users who want an indulgent, flavor-first experience that is as satisfying as it is effective."
01a06310-a197-76ba-a031-13362e498b97,MICRO GREENZ,CARTRIDGE [1G] CLEMENTINE - 1 G,CARTRIDGE,1G,SATIVA,89.83%,0.21%,15.05,SUPER VALUE MENU – 50% OFF,True,micro-greenz-micro-greenz-cartridge-1g-clementine,https://d14jfwlo68bhyr.cloudfront.net/products/1788949916813-67548852-8548-4ebb-81a7-c3070f13660d.webp,,"The Micro Greenz Clementine 1g cannabis cartridge is a bright, uplifting sativa vape built for daytime use — expect a clean, citrus-forward draw with the sweet, tangy character the Clementine strain is known for. At nearly 90% THC, this 510-thread cart hits with serious potency, delivering a clear-headed, energizing effect that's well-suited for creative sessions, social outings, or staying productive without the weight of a heavy indica. Pick this one up at the dispensary when you want a high-THC vape that keeps things light, flavorful, and functional."
019fae17-4b82-7476-905f-2508a39d7d7b,MICRO GREENZ,CARTRIDGE [1G] JUICEMAN - 1 G,CARTRIDGE,1G,INDICA,89.28%,0.18%,15.05,SUPER VALUE MENU – 50% OFF,True,micro-greenz-micro-greenz-cartridge-1g-juiceman,https://d14jfwlo68bhyr.cloudfront.net/products/1785990466069-ca331ee9-6f47-4981-a929-a031d7ddf954.webp,,"The Micro Greenz Juiceman is a potent indica cannabis cartridge loaded into a standard 510-thread format, clocking in at an impressive 89.3% THC — built for heavy relaxation and unwinding at the end of the day. With a minor CBG presence at 2.76% adding a subtle layer of complexity to the draw, this 1g cart delivers a smooth, concentrated hit without the fuss of a full session. A solid pick from the dispensary's value menu if you're after a hard-hitting indica vape that doesn't cut corners on potency."
019fae18-40e6-7270-a1cd-f83ce5cd799a,MICRO GREENZ,CARTRIDGE [1G] LIME LIGHTNING - 1 G,CARTRIDGE,1G,SATIVA,89.57%,0.20%,15.05,SUPER VALUE MENU – 50% OFF,True,micro-greenz-micro-greenz-cartridge-1g-lime-lightning,https://d14jfwlo68bhyr.cloudfront.net/products/1785990477966-6096f3be-39bf-4074-a9d5-83e9797dc3e8.webp,,"Micro Greenz Lime Lightning is a sativa cannabis cartridge loaded with 89.57% THC — a heavy-hitting 510-thread vape built for daytime use when you want sharp focus and an uplifting buzz. True to its name, expect bright citrus and zesty lime on the inhale, backed by a clean, smooth vapor that's easy to pull on the go."
01a06310-a206-7e86-acfa-26445db7cb84,MICRO GREENZ,CARTRIDGE [1G] NORTHERN LIGHTS - 1 G,CARTRIDGE,1G,INDICA,92.23%,0.18%,15.05,SUPER VALUE MENU – 50% OFF,True,micro-greenz-micro-greenz-cartridge-1g-northern-lights,https://d14jfwlo68bhyr.cloudfront.net/products/1788949939769-ddfb7bd3-4ea3-44a2-acd7-6e40d9214d79.webp,,"The Micro Greenz Northern Lights 510 thread cartridge delivers a classic indica cannabis experience in a convenient 1g vape format, testing at a potent 92.2% THC with minor CBG and CBN rounding out the profile. Northern Lights is known for its deeply relaxing, full-body effects — ideal for unwinding at the end of the day or settling in for a night of rest. Pick this one up at the dispensary if you're after a heavy-hitting indica cart that keeps things simple and effective."
01a0148d-3782-7100-8d56-d759cd60daca,MICRO GREENZ,CARTRIDGE [1G] PAPAYAHUASCA - 1 G,CARTRIDGE,1G,HYBRID,88.26%,0.43%,15.05,SUPER VALUE MENU – 50% OFF,True,micro-greenz-micro-greenz-cartridge-1g-papayahuasca,https://d14jfwlo68bhyr.cloudfront.net/products/1788949971528-7548712d-1ce2-4d4f-8c70-fc6f567686e1.webp,,"The Micro Greenz Papayahuasca 510 thread cartridge is a 1g hybrid cannabis vape built for smooth, balanced sessions — expect the tropical, fruit-forward character the Papayahuasca strain is known for, with a mellow body feel that doesn't weigh you down."
019fae08-18c9-7302-91f6-f5e7bb534df6,MICRO GREENZ,CARTRIDGE [1G] PRICKLY PEAR - 1 G,CARTRIDGE,1G,,89.03%,0.19%,15.05,SUPER VALUE MENU – 50% OFF,True,micro-greenz-micro-greenz-cartridge-1g-prickly-pear,https://d14jfwlo68bhyr.cloudfront.net/products/1788950199371-c5fa0bc4-e31a-459b-9253-53202553d581.webp,,"Micro Greenz brings the Prickly Pear strain to a 1g 510-thread cannabis cartridge that's as unique as its name — expect the sweet, tropical fruit notes you'd anticipate from this distinctive strain in a convenient, ready-to-use vape format."
019edba6-d932-7399-9ad6-65e88c92e3c7,OAKLAND EXTRACTS,LIVE RESIN CARTRIDGE [1G] LEMON COOKIES - 1 G,CARTRIDGE,1G,HYBRID,83.03%,0.15%,30.05,,False,oakland-extracts-oakland-extracts-live-resin-cartridge-1g-lemon-cookies,https://d14jfwlo68bhyr.cloudfront.net/products/1781879161905-154dbafd-435a-4b38-b71e-2c0dd6ce29b6.webp,,"Oakland Extracts' Lemon Cookies live resin cartridge delivers a bright, citrus-forward flavor with the sweet, doughy undertones you'd expect from this classic hybrid strain — all backed by a potent 83% THC extract that hits fast and smooth. As a 510-thread vape cart loaded with true live resin cannabis oil, it preserves the full terpene profile of the fresh plant for a more flavorful, well-rounded experience compared to standard distillate carts. A versatile hybrid pick that works for creative afternoons or unwinding at the end of the day."
019edba5-86f9-7bb3-9d9b-61378c6aa105,OAKLAND EXTRACTS,LIVE RESIN CARTRIDGE [1G] PAPAYA FROSTING - 1 G,CARTRIDGE,1G,HYBRID,80.86%,,30.05,,False,oakland-extracts-oakland-extracts-live-resin-cartridge-1g-papaya-frosting,https://d14jfwlo68bhyr.cloudfront.net/products/1781879167439-db894dd5-c0c9-4298-a57f-347019989984.webp,,"Oakland Extracts' Papaya Frosting live resin cartridge delivers a tropical, dessert-forward cannabis experience in a convenient 510-thread format, hitting ~80% THC for potent, fast-acting effects. This hybrid vape cartridge captures the full flavor profile of the Papaya Frosting strain through a live resin extraction process that preserves the terpenes responsible for its sweet, fruity, creamy character. A solid pick from the dispensary shelf for unwinding in the evening or melting into a chill weekend session."
019edba5-a674-788d-add1-018dac122715,OAKLAND EXTRACTS,LIVE RESIN CARTRIDGE [1G] PRESSURE OG - 1 G,CARTRIDGE,1G,HYBRID,84.79%,0.18%,30.05,,False,oakland-extracts-oakland-extracts-live-resin-cartridge-1g-pressure-og,https://d14jfwlo68bhyr.cloudfront.net/products/1782308466839-61fdbc35-77b4-460c-95c7-66fcbc8e134f.webp,,"Oakland Extracts' Pressure OG live resin cartridge delivers a potent hybrid cannabis experience in a convenient 510-thread format, testing at an impressive 84.79% THC with minimal CBD. Live resin preserves the full terpene profile of the Pressure OG strain, so you get richer, more complex flavor than standard distillate carts — expect the earthy, gassy notes this OG lineage is known for. A hard-hitting choice for experienced consumers looking for a high-potency vape at the dispensary."
019edba6-02c5-7ca0-b4b9-af3f1508e91d,OAKLAND EXTRACTS,LIVE RESIN CARTRIDGE [1G] STRAW GRAPE GAS - 1 G,CARTRIDGE,1G,HYBRID,78.25%,,30.05,,False,oakland-extracts-oakland-extracts-live-resin-cartridge-1g-straw-grape-gas,https://d14jfwlo68bhyr.cloudfront.net/products/1781879173195-c033ebd1-fccf-43a5-b92e-5e5b9ef4936b.webp,,"Oakland Extracts' Straw Grape Gas live resin cartridge delivers a bold mix of sweet strawberry, ripe grape, and fuel-forward gas in a potent hybrid vape hitting 78.25% THC. Made from live resin, this 510-thread, 1g cartridge preserves the full terpene character of the strain for a flavorful, true-to-plant cannabis experience. A solid pick from the dispensary shelf whether you're looking for a balanced hybrid buzz during the day or unwinding in the evening."
019edba6-7303-75ff-96d3-412dedd9a81c,OAKLAND EXTRACTS,LIVE RESIN CARTRIDGE [1G] TROPICAL SODA - 1 G,CARTRIDGE,1G,HYBRID,82.28%,,30.05,,False,oakland-extracts-oakland-extracts-live-resin-cartridge-1g-tropical-soda,https://d14jfwlo68bhyr.cloudfront.net/products/1782308472526-5f1dc803-99a2-40d2-94c3-f3368220944b.webp,,"The Oakland Extracts Tropical Soda live resin cartridge is a 1g hybrid cannabis vape packed with 82% THC, making it one of the more potent 510-thread options you'll find at the dispensary. Live resin extraction preserves the full terpene profile of the Tropical Soda strain, delivering a bright, fruity flavor that lives up to its name — think sweet, fizzy, and refreshingly smooth on the inhale. A solid pick for daytime or social sessions when you want a flavorful, high-potency hybrid without the heaviness of a traditional concentrate."
01983370-c174-7b2a-947c-22ec2de983a3,PAPA'S HERB,CARTRIDGE [1G] WATERMELON Z - 1 G,CARTRIDGE,1G,INDICA,,,25.05,,False,papas-herb-papas-herb-cartridge-1g-watermelon-z,https://d1hhy58mqsa6c3.cloudfront.net/916928a7-444e-4ad3-bfd0-b799e8385e4d/496d4cdd-91a5-454c-8d1b-c91de36da822,,"The PAPA'S HERB - CARTRIDGE [1G] WATERMELON Z is an Ultra Potent (88%+ THC) Indica-Dominant Hybrid Distillate vape. It delivers an intensely sweet, candy-inspired flavor profile of sugary watermelon and mixed tropical fruit. This cartridge provides a powerful high that is primarily euphoric, deeply relaxing, and body-calming, making it an excellent, affordable choice for evening stress relief, physical comfort, and promoting restful sleep."
019e2194-86a7-799b-ba3f-1e631ee1dce9,PAPA'S HERB,FLASH - CARTRIDGE [1G] WATERMELON Z - 1 G,CARTRIDGE,1G,INDICA,,,25.05,AG FLASH ,True,papas-herb-flash-papas-herb-cartridge-1g-watermelon-z,https://d1hhy58mqsa6c3.cloudfront.net/916928a7-444e-4ad3-bfd0-b799e8385e4d/496d4cdd-91a5-454c-8d1b-c91de36da822,,"Papa’s Herb Watermelon Z is a 1-gram 510-thread cartridge that delivers the deliciously fruity essence of the Watermelon Z (aka Watermelon Zkittlez) strain. Crafted with high-quality cannabis oil, this indica vape is designed for smooth hits and reliable potency at an affordable price. It’s perfect for evening use or whenever you're ready to relax."
019a000a-8063-7dc5-86e8-eb58ce965a59,PAX,DIAMONDS POD [1G] DURBAN POISON - 1 G,CARTRIDGE,1G,SATIVA,84.37%,,40.04,,False,pax-pax-diamonds-pod-1g-durban-poison,https://d1hhy58mqsa6c3.cloudfront.net/916928a7-444e-4ad3-bfd0-b799e8385e4d/ce32abf3-6805-4a48-b89c-8852ee19705e,,"The PAX DIAMONDS POD [1G] in Durban Poison is an ultra-potent, high-purity vape pod featuring Liquid Diamond extract from a pure, dominant Sativa strain, designed exclusively for the PAX Era platform. This pod is celebrated for its powerful, energetic effects and unique flavor profile, dominated by sweet citrus, spicy anise/licorice, and earthy pine notes. It delivers an immediate and intense cerebral rush that promotes sharp focus, creativity, and energy, making it an ideal choice for all-day use, productivity, and clear-minded functional elevation."
01a08d56-43b0-7fe8-a9cd-92f202cb1056,PAX,FLASH - DIAMONDS POD [1G] DURBAN POISON - 1 G,CARTRIDGE,1G,SATIVA,84.37%,,40.04,AG FLASH ,True,pax-flash-pax-diamonds-pod-1g-durban-poison,https://d1hhy58mqsa6c3.cloudfront.net/916928a7-444e-4ad3-bfd0-b799e8385e4d/ce32abf3-6805-4a48-b89c-8852ee19705e,,"The PAX Diamonds Pod – Durban Poison (1 g, Sativa) is a premium, high‑potency extract‑based cartridge (~95% THC) featuring the well‑known Durban Poison strain. With bright citrus/spice/vanilla flavours and a terpene blend of terpinolene, myrcene and d‑limonene, it delivers an uplifting, energizing Sativa high — perfect for creative, focused or outdoor moments. The format offers convenience and consistency in a PAX‑compatible pod."
019a30f9-b5a4-7275-a019-23160dc5cd07,PAX,HIGH PURITY THC POD [1G] BLUEBERRY HAZE - 1 G,CARTRIDGE,1G,SATIVA,78.14%,0.55%,27.05,,False,pax-pax-high-purity-thc-pod-1g-blueberry-haze,https://d1hhy58mqsa6c3.cloudfront.net/916928a7-444e-4ad3-bfd0-b799e8385e4d/01b56215-c922-4399-b25b-78fdff828d86,,"The PAX Blueberry Haze High Purity THC Pod [1G] is a high-potency Sativa-Dominant Hybrid vape pod featuring 1 gram of triple-distilled THC oil (Avg. 85%+). Compatible only with the PAX Era device, it delivers a delicious flavor of sweet blueberry and vanilla with earthy undertones. This pod provides a balanced, euphoric, and creative high that is perfect for daytime use."
01984c61-4f7b-708e-ac9d-89273202db3f,PAX,HIGH PURITY THC POD [1G] MANGO CRACK - 1 G,CARTRIDGE,1G,SATIVA,83.50%,0.19%,27.05,,False,pax-pax-high-purity-thc-pod-1g-mango-crack,https://d1hhy58mqsa6c3.cloudfront.net/916928a7-444e-4ad3-bfd0-b799e8385e4d/ba9ce0d8-1b38-4f57-a8a6-4342083500f0,,"The PAX - HIGH PURITY THC POD [1G] in Mango Crack is a high-potency, proprietary pod (for the PAX Era battery) containing a full gram of clean THC distillate. This product is categorized as a dominant Sativa, celebrated for its energetic, focused, and mentally clear effects. It delivers a vibrant, tropical flavor profile dominated by sweet ripe mango and zesty citrus notes, making it a top choice for high potency, clear-headed functionality, and all-day motivation."
01974c31-613d-7c50-9540-65d23d65aea9,PAX,LIVE ROSIN POD [1G] BLUE DREAM SYCAMORE - 1 G,CARTRIDGE,1G,HYBRID,84.09%,,50.05,,False,pax-pax-live-rosin-pod-1g-blue-dream-sycamore,https://d1hhy58mqsa6c3.cloudfront.net/916928a7-444e-4ad3-bfd0-b799e8385e4d/39a0b4e1-f0fc-4a8d-9d43-9de22fb864c3,,"The PAX - LIVE ROSIN POD [1G] BLUE DREAM SYCAMORE is a full-gram, high-performance pod featuring solventless Live Rosin enriched with Natural Diamonds. This iconic Sativa-Dominant Hybrid (Blueberry x Haze) delivers a mouth-watering flavor profile of sweet blueberries and earthy pine. The effects offer a perfect balance of cerebral energy and creative focus paired with a light, tranquil body high, making it an elite choice for users who want a potent, clean, and flavorful ""all-day"" vape experience."
019b4c60-5a41-7670-9e54-352cdc0b55a8,PAX,LIVE ROSIN POD [1G] NORTHERN LIGHTS - 1 G,CARTRIDGE,1G,INDICA,82.08%,,50.05,,False,pax-pax-live-rosin-pod-1g-northern-lights,https://d14jfwlo68bhyr.cloudfront.net/banners/1772457571546-7addb774-1861-4b03-ae61-64de714e5bb6.webp,,"This PAX live rosin pod delivers the legendary Northern Lights indica strain in a premium 1-gram cartridge, offering deep relaxation and sedating effects perfect for evening use. The solventless live rosin extraction preserves the strain's natural terpene profile, providing rich flavor and potent cannabis concentrate experience. Compatible with PAX vape devices, this dispensary-quality pod offers convenient, discreet consumption of this classic indica strain."
0195e918-3cfe-7ccc-a055-22abb8cfbd17,PAX,LIVE ROSIN POD [1G] PINEAPPLE EXPRESS - 1 G,CARTRIDGE,1G,SATIVA,78.51%,0.04%,50.05,,False,pax-pax-live-rosin-pod-1g-pineapple-express,https://d1hhy58mqsa6c3.cloudfront.net/916928a7-444e-4ad3-bfd0-b799e8385e4d/b1af6b56-1573-44ce-8235-c8217fa4af7a,,"The PAX - LIVE ROSIN POD [1G] PINEAPPLE EXPRESS is a premium, full-gram pod featuring a potent blend of solventless Live Rosin and Natural Diamonds. This iconic Sativa-Dominant Hybrid (Trainwreck x Hawaiian) is world-renowned for its mouth-watering flavor profile of sweet pineapple, tart citrus, and earthy pine. The effects offer a long-lasting wave of energetic euphoria and creative focus, making it an elite choice for users seeking a potent, ""true-to-flower"" vape that provides the perfect balance of functional energy and bliss."
01984c5f-7e55-79de-8677-98e6dbd0f387,PAX,LIVE ROSIN POD [1G] PURPLE AFGHANI - 1 G,CARTRIDGE,1G,INDICA,84.44%,,50.05,,False,pax-pax-live-rosin-pod-1g-purple-afghani,https://d1hhy58mqsa6c3.cloudfront.net/916928a7-444e-4ad3-bfd0-b799e8385e4d/938e8ba8-69ec-4066-9053-baeef6e7bba6,,"The PAX - LIVE ROSIN POD [1G] PURPLE AFGHANI is a premium, full-gram pod featuring a potent blend of solventless Live Rosin and Natural Diamonds. This legendary Indica (Afghani x Purple Kush) is prized for its robust and unique flavor profile of heavy gas, garlic, and sweet melon. The effects provide a luxurious and deeply sedating experience, delivering a powerful body-melt and a blissful mental haze that makes it an elite choice for users looking to unwind, ease chronic pain, or drift into a restful night's sleep."
01984c5d-78a3-70d9-a2b8-a2b962b8dc69,PAX,TRIP DIAMOND READY TO USE VAPORIZER [1G] STRAWBERRY COUGH - 1 G,CARTRIDGE,1G,SATIVA,83.48%,0.13%,45.05,,False,pax-pax-trip-diamond-ready-to-use-vaporizer-1g-strawberry-cough,https://d1hhy58mqsa6c3.cloudfront.net/916928a7-444e-4ad3-bfd0-b799e8385e4d/3e002cf9-02cc-4150-8cdd-097e12b9e425,,"The Strawberry Cough 1G Trip Diamond All-In-One is a high-energy ""social"" Sativa that combines legendary genetics with PAX’s most sustainable technology. Part of the PAX Trip line, this ready-to-use vaporizer features Liquid Diamonds—a refined, ultra-pure concentrate purified from local flower. Designed as the industry's first plastic-negative all-in-one, it offers a guilt-free, premium experience (typically 85–88% THC) that captures the potent ""kick"" and distinct berry flavor of the original strain."
01984c5e-404e-7e1a-bd27-7ba778583c38,PAX,TRIP DIAMOND READY TO USE VAPORIZER [1G] WATERMELON Z - 1 G,CARTRIDGE,1G,INDICA,86.23%,0.09%,45.05,,False,pax-pax-trip-diamond-ready-to-use-vaporizer-1g-watermelon-z,https://d1hhy58mqsa6c3.cloudfront.net/916928a7-444e-4ad3-bfd0-b799e8385e4d/db8888ca-413e-4027-8783-bd056643c6f9,,"The PAX Trip Diamond Watermelon Z is a 1g Indica all-in-one disposable vaporizer, offering sweet, fruity watermelon flavors with earthy hints, delivering calming, euphoric relaxation ideal for unwinding, featuring potent diamond concentrate and a sustainable design made from ocean-bound plastic, ready to use with simple inhalation."
0195e91a-4315-759a-b032-1dbb8753b96a,PAX,TRIP HIGH PURITY THC READY TO USE VAPORIZER [1G] GMO COOKIES - 1 G,CARTRIDGE,1G,INDICA,78.43%,0.55%,30.05,,False,pax-pax-trip-high-purity-thc-ready-to-use-vaporizer-1g-gmo-cookies,https://d1hhy58mqsa6c3.cloudfront.net/916928a7-444e-4ad3-bfd0-b799e8385e4d/7700872e-2aee-4954-be03-d949ba8cb3b5,,"The PAX TRIP High Purity THC Ready-to-Use Vaporizer [1 g] – GMO Cookies is a potent indica-leaning disposable vape featuring high-purity THC oil (around ~80–85% THC) with pungent, savory diesel and spicy flavor notes reminiscent of garlic, mushroom, and onion. It delivers full-body, deeply relaxing and relieving effects typical of GMO Cookies genetics, often associated with calm, comfort, and soothing sensations. Like other PAX TRIP products, it’s designed for clean, consistent vapor and convenience in a single-use format."
0195e91a-f178-758b-9e88-41ce9bf17c72,PAX,TRIP HIGH PURITY THC READY TO USE VAPORIZER [1G] MANGO CRACK - 1 G,CARTRIDGE,1G,SATIVA,76.73%,0.22%,30.05,,False,pax-pax-trip-high-purity-thc-ready-to-use-vaporizer-1g-mango-crack,https://d1hhy58mqsa6c3.cloudfront.net/916928a7-444e-4ad3-bfd0-b799e8385e4d/979d6265-2a1f-4e20-a498-b85f97c06a91,,"PAX – Trip High Purity THC Ready‑to‑Use Vaporizer [1G] Mango Crack: A sleek, ready‑to‑use 1‑gram THC vaporizer engineered for smooth draws and vibrant flavor, blending high‑quality distillate with a curated terpene profile that evokes sweet, juicy mango notes paired with subtle, earthy nuances. Designed for ease of use straight out of the box with its integrated battery and intuitive operation, this device delivers consistent vapor quality and aromatic richness with every puff. Ideal for those who enjoy a flavorful, balanced session with clean vapor production and a satisfying taste experience from start to finish."
01984c5b-1f0b-73aa-b3f7-c2cfb87cd8f2,PAX,TRIP LIVE ROSIN READY TO USE VAPORIZER [1G] BLUE DREAM - 1 G,CARTRIDGE,1G,SATIVA,75.89%,0.16%,55.05,,False,pax-pax-trip-live-rosin-ready-to-use-vaporizer-1g-blue-dream,https://d1hhy58mqsa6c3.cloudfront.net/916928a7-444e-4ad3-bfd0-b799e8385e4d/1a89ab30-bcbb-4a3a-a488-51543c8db0d0,,"PAX – Trip Live Rosin Ready‑to‑Use Vaporizer [1G] Blue Dream: A 1‑gram live rosin vaporizer designed for smooth, flavorful draws, featuring high‑quality live rosin infused with a carefully selected terpene profile that highlights sweet berry and subtle herbal notes. Engineered for consistent vapor production and effortless use with its integrated battery, the Blue Dream vaporizer delivers a rich aromatic experience and a balanced, satisfying session, making it perfect for those seeking a convenient, premium, and flavorful on‑the‑go experience."
019a99bd-4fd9-713f-89e5-90738e9b2c40,PAX,TRIP LIVE ROSIN WITH DIAMONDS READY TO USE VAPORIZER [1G] NORTHERN LIGHTS - 1 G,CARTRIDGE,1G,INDICA,86.26%,,55.05,,False,pax-pax-trip-live-rosin-with-diamonds-ready-to-use-vaporizer-1g-northern-lights,https://d14jfwlo68bhyr.cloudfront.net/banners/1766646456152-d51a68f0-ee7a-409c-82a6-9733647af885.webp,,"PAX – Trip Live Rosin with Diamonds Ready‑to‑Use Vaporizer [1G] Northern Lights: A 1‑gram live rosin with diamonds vaporizer designed for smooth, flavorful draws, combining premium live rosin with terpene-rich diamonds for enhanced potency and aromatic depth. Featuring classic earthy and pine-forward notes with subtle sweet undertones, the Northern Lights cartridge delivers consistent vapor quality and a balanced, satisfying session. Engineered for ease of use with its integrated battery, it offers a convenient, premium, and flavorful on‑the‑go experience for those seeking a potent and aromatic vaping option."
01951af4-14d1-7cb6-8dec-176f352da386,PLATINUM VAPE,SKYBAR READY TO USE VAPORIZER [1G] BLUE RAZZ - 1 G,CARTRIDGE,1G,INDICA,89.04%,0.11%,27.05,VALUE MENU - 30% OFF,True,platinum-vape-platinum-vape-skybar-ready-to-use-vaporizer-1g-blue-razz,https://d1hhy58mqsa6c3.cloudfront.net/916928a7-444e-4ad3-bfd0-b799e8385e4d/d3826d44-5fa9-45f7-a58f-e766b6613474,,"The Platinum Vape x Skybar Blue Razz 1G AIO is the perfect choice for the user who wants high-potency effects with a ""candy-first"" flavor profile. Delivering a nostalgic rush of tangy blue raspberry and sweet berry, this Hybrid disposable provides a blissful, giggly high that eases the mind and relaxes the body. Housed in the sleek, rechargeable Skybar+ hardware, it offers a smooth and consistent ""grab-and-go"" experience that is as potent as it is delicious. It’s the ideal companion for social nights or a carefree afternoon of pure euphoria."
01951af4-14d3-73ae-a0cf-862b4a95a91b,PLATINUM VAPE,SKYBAR READY TO USE VAPORIZER [1G] KILLER KIWI - 1 G,CARTRIDGE,1G,SATIVA,87.84%,,27.05,VALUE MENU - 30% OFF,True,platinum-vape-platinum-vape-skybar-ready-to-use-vaporizer-1g-killer-kiwi,https://d1hhy58mqsa6c3.cloudfront.net/916928a7-444e-4ad3-bfd0-b799e8385e4d/447492a2-3987-4035-9282-a328ee211305,,"The Platinum Vape x Skybar Killer Kiwi 1G AIO is the perfect ""fuel"" for the active, creative user. Delivering a mouth-watering profile of tart tropical kiwi and sweet citrus, this Sativa vaporizer provides a vibrant, high-energy buzz that keeps you focused and productive. Housed in the sleek, rechargeable Skybar+ hardware, it offers a smooth and consistent ""grab-and-go"" experience that is as potent as it is refreshing. It’s the ideal companion for anyone looking to brighten their mood and conquer their to-do list with an exotic fruit twist."
01a08d8d-2a2c-707b-9daa-a6dc3e6ed964,PROPHET BRANDS,FLASH - QUEST LIVE RESIN READY TO USE VAPORIZER [1G] OG POISON - 1 G,CARTRIDGE,1G,HYBRID,71.70%,0.12%,25.05,AG FLASH ,True,,https://d1hhy58mqsa6c3.cloudfront.net/916928a7-444e-4ad3-bfd0-b799e8385e4d/c2b40d70-1f5c-41d0-9a70-5169d1973c3c,,"OG Poison is a potent hybrid—likely crossing OG Kush × Durban Poison—housed in a sleek, all‑in‑one live resin vaporizer format. Prophet’s “Quest” vape line uses 100% fresh‑frozen flower, not distillate or additives, ensuring a full‑spectrum, terpene-rich experience.  This device delivers approximately 85% THC, paired with about 2% CBD—emphasizing its high potency and fast onset. Users can expect effects that begin quickly and last about 1–3 hours, with peak intensity within the first 30 minutes.  The OG Poison Live Resin vape is ideal if you’re after a full-spectrum, terpene-rich high that deeply relaxes while offering an uplifting, grounded mental clarity. Its balanced hybrid nature makes it well‑suited for late afternoons or evenings, especially when you're winding down or engaging in relaxed, creative tasks."
01966453-b744-7be8-b42b-3366cf9b2e82,PROPHET BRANDS,QUEST LIVE RESIN READY TO USE VAPORIZER [1G] BLUE WIDOW - 1 G,CARTRIDGE,1G,HYBRID,79.44%,,25.05,,False,prophet-brands-prophet-brands-quest-live-resin-ready-to-use-vaporizer-1g-blue-widow,https://d1hhy58mqsa6c3.cloudfront.net/916928a7-444e-4ad3-bfd0-b799e8385e4d/b149efcc-d165-4e2b-a0af-f5b6ed6b6d2f,,"The Prophet Brands Quest Blue Widow [1G] Live Resin Ready-to-Use Vaporizer is a pinnacle hybrid solution designed for the user who demands a vibrant ""berry-and-resort"" profile and a buoyant, high-luxury high. Utilizing Prophet’s signature ""Quest"" 100% fresh-frozen live resin process in a convenient all-in-one format, this device delivers a sensory journey characterized by sugary wild berries and skunky floral musk, finished with a smooth earthy-pine exhale. The effects are masterfully balanced, offering an immediate giddy euphoria that dissolves mental stress before settling into a profound, ""weightless"" physical ease that encourages total relaxation. Housed in sleek, rechargeable hardware, the Blue Widow Quest vaporizer provides a discrete, full-spectrum session that satisfies the palate with its ""confectionary-botanical"" complexity and the mind with its trademark happy and radiant energy."
01966454-4238-792b-9f6e-1ae190bc5ff7,PROPHET BRANDS,QUEST LIVE RESIN READY TO USE VAPORIZER [1G] EL CHIVO MAGICO - 1 G,CARTRIDGE,1G,HYBRID,76.03%,0.19%,25.05,,False,prophet-brands-prophet-brands-quest-live-resin-ready-to-use-vaporizer-1g-el-chivo-magico,https://d1hhy58mqsa6c3.cloudfront.net/916928a7-444e-4ad3-bfd0-b799e8385e4d/38e8fce5-d9bf-4de4-800c-07c08a2f5c2d,,"The Prophet Brands Quest El Chivo Magico [1G] Live Resin Ready-to-Use Vaporizer is a pinnacle Indica solution designed for the connoisseur who demands a robust ""skunk-and-gas"" profile and a heavy, high-luxury high. Utilizing Prophet’s signature ""Quest"" 100% fresh-frozen live resin process in a convenient all-in-one format, this device delivers a sensory journey characterized by pungent fuel and musky skunk, finished with a smooth savory-dough exhale. The effects are masterfully sedative, offering an immediate hazy euphoria that dissolves mental stress before settling into a profound, ""total-body"" melt that anchors the physical self in complete comfort. Housed in sleek, rechargeable hardware, the El Chivo Magico Quest vaporizer provides a discrete, full-spectrum session that satisfies the palate with its ""funky-exotic"" complexity and the body with its trademark ""stony"" and restorative power."
01966454-bcbb-7551-86c6-6b24c4a45781,PROPHET BRANDS,QUEST LIVE RESIN READY TO USE VAPORIZER [1G] GRAPE HAZE - 1 G,CARTRIDGE,1G,HYBRID,75.20%,0.16%,25.05,,False,prophet-brands-prophet-brands-quest-live-resin-ready-to-use-vaporizer-1g-grape-haze,https://d1hhy58mqsa6c3.cloudfront.net/916928a7-444e-4ad3-bfd0-b799e8385e4d/e3e9d95b-973f-45dd-a7c6-6b46eeb245e9,,"The Prophet Brands Quest Grape Haze [1G] Live Resin Ready-to-Use Vaporizer is a pinnacle Sativa-hybrid solution designed for the user who demands a vibrant ""vineyard-and-spice"" profile and a buoyant, high-luxury high. Utilizing Prophet’s signature ""Quest"" 100% fresh-frozen live resin process in a convenient all-in-one format, this device delivers a sensory journey characterized by sparkling concord grape and sweet herbal haze, finished with a smooth earthy-pepper exhale. The effects are masterfully energizing, offering an immediate creative euphoria that dissolves mental fatigue before settling into a functional, weightless physical ease that encourages movement and social interaction. Housed in sleek, rechargeable hardware, the Grape Haze Quest vaporizer provides a discrete, full-spectrum session that satisfies the palate with its ""sweet-and-sour"" complexity and the mind with its trademark happy and radiant energy."
019b7089-77c2-708f-95d9-25b8af64b3cf,PROPHET BRANDS,QUEST LIVE RESIN READY TO USE VAPORIZER [1G] KEY LIME - 1 G,CARTRIDGE,1G,HYBRID,68.18%,23.13%,25.05,,False,prophet-brands-prophet-brands-quest-live-resin-ready-to-use-vaporizer-1g-key-lime,https://d14jfwlo68bhyr.cloudfront.net/banners/1774374313493-bbf3145e-bc46-4d17-bbf3-88019273443d.webp,,"Elevate your vaping experience with the PROPHET BRANDS QUEST Live Resin Ready to Use Vaporizer. This premium 1g hybrid cartridge offers a delightful Key Lime flavor profile, perfect for an uplifting yet balanced cannabis session. Enjoy the smooth, full-spectrum effects of expertly extracted live resin for a potent yet versatile vape."
01966455-ec8e-7fd4-83a1-eb56617f2721,PROPHET BRANDS,QUEST LIVE RESIN READY TO USE VAPORIZER [1G] OG POISON - 1 G,CARTRIDGE,1G,HYBRID,71.70%,0.12%,25.05,,False,prophet-brands-prophet-brands-quest-live-resin-ready-to-use-vaporizer-1g-og-poison,https://d1hhy58mqsa6c3.cloudfront.net/916928a7-444e-4ad3-bfd0-b799e8385e4d/c2b40d70-1f5c-41d0-9a70-5169d1973c3c,,"The Prophet Brands Quest OG Poison [1G] Live Resin Ready-to-Use Vaporizer is a pinnacle Sativa-hybrid solution designed for the connoisseur who demands a robust ""fuel-and-spice"" profile and an electrifying, high-luxury high. Utilizing Prophet’s signature ""Quest"" 100% fresh-frozen live resin process in a convenient all-in-one format, this device delivers a sensory journey characterized by pungent industrial fuel and sharp mountain pine, finished with a smooth spicy-licorice exhale. The effects are masterfully stimulating, offering an immediate laser-focused euphoria that dissolves mental fog before settling into a functional, buzzing physical ease that encourages movement and productivity. Housed in sleek, rechargeable hardware, the OG Poison Quest vaporizer provides a discrete, full-spectrum session that satisfies the palate with its ""gassy-medicinal"" complexity and the mind with its trademark high-voltage energy."
01966456-9050-724a-93a8-620cfc7a4944,PROPHET BRANDS,QUEST LIVE RESIN READY TO USE VAPORIZER [1G] PLATINUM PIE - 1 G,CARTRIDGE,1G,HYBRID,83.51%,0.20%,25.05,,False,prophet-brands-prophet-brands-quest-live-resin-ready-to-use-vaporizer-1g-platinum-pie,https://d1hhy58mqsa6c3.cloudfront.net/916928a7-444e-4ad3-bfd0-b799e8385e4d/11039bca-dfb5-426f-a99e-1610e34bea52,,"The Prophet Brands Quest Platinum Pie [1G] Live Resin Ready-to-Use Vaporizer is a pinnacle Indica-hybrid solution designed for the connoisseur who demands a decadent ""dessert-and-gas"" profile and a heavy, high-luxury high. Utilizing Prophet’s signature ""Quest"" 100% fresh-frozen live resin process in a convenient all-in-one format, this device delivers a sensory journey characterized by creamy vanilla dough and tart cherries, finished with a smooth metallic-pine exhale. The effects are masterfully sedative, offering an immediate hazy euphoria that dissolves mental stress before settling into a profound, ""weighted"" physical melt that anchors the body in total comfort. Housed in sleek, rechargeable hardware, the Platinum Pie Quest vaporizer provides a discrete, full-spectrum session that satisfies the palate with its ""pastry-confectionary"" complexity and the body with its trademark ""stony"" and restorative power."
019b7087-3259-7c15-a0da-74e88ad53d4b,PROPHET BRANDS,QUEST LIVE RESIN READY TO USE VAPORIZER [1G] PURPLE CREAMSICLE - 1 G,CARTRIDGE,1G,HYBRID,90.36%,,25.05,,False,prophet-brands-prophet-brands-quest-live-resin-ready-to-use-vaporizer-1g-purple-creamsicle,https://d14jfwlo68bhyr.cloudfront.net/banners/1774374320961-50fa7d77-1f93-4837-bd0b-255e0730710a.webp,,"Enjoy the sweet, creamy notes of Purple Creamsicle in this ready-to-use live resin vaporizer cartridge from Prophet Brands. This hybrid strain delivers a balanced, full-spectrum cannabis experience with smooth, flavorful vapor. Perfect for both daytime and nighttime use."
01966457-9e90-70d5-9e3f-8d46238706fb,PROPHET BRANDS,QUEST LIVE RESIN READY TO USE VAPORIZER [1G] STRAWBERRY OG - 1 G,CARTRIDGE,1G,HYBRID,84.19%,0.17%,25.05,,False,prophet-brands-prophet-brands-quest-live-resin-ready-to-use-vaporizer-1g-strawberry-og,https://d14jfwlo68bhyr.cloudfront.net/products/1778017612993-2159e9a6-5ef2-40b3-86a7-2cacac83e1ad.webp,,"The Prophet Brands Quest Strawberry OG [1G] Live Resin Ready-to-Use Vaporizer is a pinnacle hybrid solution designed for the user who demands a vibrant ""fruit-and-fuel"" profile and a buoyant, high-luxury high. Utilizing Prophet’s signature ""Quest"" 100% fresh-frozen live resin process in a convenient all-in-one format, this device delivers a sensory journey characterized by ripe wild strawberries and pungent diesel, finished with a smooth earthy-pine exhale. The effects are masterfully balanced, offering an immediate creative euphoria that dissolves mental fatigue before settling into a functional, buzzing physical ease that encourages total relaxation. Housed in sleek, rechargeable hardware, the Strawberry OG Quest vaporizer provides a discrete, full-spectrum session that satisfies the palate with its ""sweet-and-skunky"" complexity and the mind with its trademark happy and radiant energy."
019d7326-0fb1-7431-994f-ce5ffa2b9826,PURE BEAUTY,LIVE ROSIN CARTRIDGE [1G] SUPER SILVER HAZE - 1 G,CARTRIDGE,1G,SATIVA,83.40%,0.07%,40.04,,False,pure-beauty-pure-beauty-live-rosin-cartridge-1g-super-silver-haze,https://d14jfwlo68bhyr.cloudfront.net/products/1775748633571-04ea86f9-e2aa-48db-a532-f0741a794358.webp,,
019a5a65-bc86-72c9-9730-a10d85989880,ROVE,CARTRIDGE [1G] BELLINI - 1 G,CARTRIDGE,1G,HYBRID,90.38%,0.20%,30.05,,False,rove-rove-cartridge-1g-bellini,https://d1hhy58mqsa6c3.cloudfront.net/916928a7-444e-4ad3-bfd0-b799e8385e4d/598015f5-7825-406e-a573-431de74a9c59,,"The Rove Bellini Cartridge is a 1-gram, 510-thread vape cart featuring high-THC distillate oil (often reported around 85% - 94% THC) infused with strain-specific terpenes. This strain is typically a Sativa-Dominant Hybrid, designed to be bright, cheerful, and uplifting. The flavor profile is defined by sweet, ripe peach, apricot, and subtle creamy vanilla, strongly reminiscent of the cocktail. It delivers an immediate rush of soaring euphoria, creative energy, and mood elevation while providing a gentle physical ease, making it an excellent choice for daytime use, social gatherings, and a flavorful mood boost."
019b2465-1aa8-7461-8782-c5eadedc55b6,ROVE,CARTRIDGE [1G] SHERBET - 1 G,CARTRIDGE,1G,HYBRID,84.37%,0.20%,30.05,,False,rove-rove-cartridge-1g-sherbet,https://d14jfwlo68bhyr.cloudfront.net/banners/1773263823756-9f422f9d-9cc2-4bea-a730-213df4d24065.webp,,"This ROVE 510 thread vape cartridge delivers the sweet, fruity essence of Sherbet strain in a convenient 1-gram format. The hybrid cannabis concentrate offers a balanced experience that's perfect for any time of day, combining the relaxing qualities of indica with the uplifting effects of sativa. Compatible with standard 510 thread batteries, this THC cartridge provides smooth, flavorful vapor with each draw."
0199dbd3-42c7-7dd6-bd3b-8cd14349cf79,ROVE,CARTRIDGE [1G] TANGIE - 1 G,CARTRIDGE,1G,SATIVA,88.46%,0.23%,30.05,,False,rove-rove-cartridge-1g-tangie,https://d1hhy58mqsa6c3.cloudfront.net/916928a7-444e-4ad3-bfd0-b799e8385e4d/88ae37e0-245a-410b-beeb-0ab6b9540392,,"The Rove Tangie Cartridge is a 1-gram, 510-thread vape cart featuring high-THC distillate oil (often reported around 85% - 94% THC). This strain is a pure Sativa (a cross of California Orange x Skunk) celebrated for its intense, clean, and energizing high. The flavor profile is defined by an overwhelming taste of freshly peeled tangerine and sweet citrus juice with subtle earthy undertones. It delivers a powerful and rapid rush of soaring euphoria, creative focus, and physical energy, making it an excellent choice for a productive, mood-elevating daytime experience."
019db8df-de04-706d-90ef-add127541c7e,ROVE,LIQUID DIAMOND READY TO USE VAPORIZER [1G] MAUI WAUI - 1 G,CARTRIDGE,1G,SATIVA,90.43%,0.19%,45.05,,False,rove-rove-liquid-diamond-ready-to-use-vaporizer-1g-maui-waui,https://d14jfwlo68bhyr.cloudfront.net/products/1775746725783-15a3fbb3-3d12-47ad-ab8d-7820cf628261.webp,,
01984c42-462c-7049-a111-032a1c2b5a08,ROVE,LIVE RESIN DIAMOND POD [1G] CHERRY GELATO - 1 G,CARTRIDGE,1G,HYBRID,90.92%,0.22%,40.04,,False,rove-rove-live-resin-diamond-pod-1g-cherry-gelato,https://d1hhy58mqsa6c3.cloudfront.net/916928a7-444e-4ad3-bfd0-b799e8385e4d/0641c422-b367-4c27-a727-250ce051265c,,"The ROVE Cherry Gelato Live Resin Diamond Pod [1G] is an ultra-high potency, full-spectrum vape featuring Melted Live Resin Diamonds from a desirable Indica-Dominant Hybrid strain (Cherry Pie x Gelato). This proprietary pod delivers a rich, dessert-like flavor profile defined by notes of sweet cherry, creamy vanilla, and doughy musk. The effects are famously euphoric, blissful, and profoundly relaxing, providing a potent 90% + THC experience that quickly melts away stress and tension, making it a top-tier choice for heavy evening relief."
01983955-7248-727f-9957-b93688c7bc75,ROVE,LIVE RESIN DIAMOND POD [1G] GRANDDADDY PURP - 1 G,CARTRIDGE,1G,INDICA,91.22%,0.21%,40.04,,False,rove-rove-live-resin-diamond-pod-1g-granddaddy-purp,https://d1hhy58mqsa6c3.cloudfront.net/916928a7-444e-4ad3-bfd0-b799e8385e4d/4c86bcdd-435b-4275-9a12-fea724027994,,"The ROVE Granddaddy Purp Live Resin Diamond Pod [1G] is an ultra-high potency, full-spectrum vape featuring Melted Live Resin Diamonds from the legendary Indica strain (Purple Urkle x Big Bud). This proprietary pod delivers a classic flavor profile defined by notes of sweet grape candy, berry fruit, and earthy herbal musk. The effects are famously euphoric, profoundly relaxing, and sedative, providing a potent 90% + THC experience that offers a full-body calm and mental bliss, making it a top-tier choice for powerful evening relief and sleep support."
01984c3f-eefd-739c-a177-6aafbe4066c6,ROVE,LIVE RESIN DIAMOND POD [1G] STRAWBERRY COUGH - 1 G,CARTRIDGE,1G,SATIVA,90.62%,0.21%,40.04,,False,rove-rove-live-resin-diamond-pod-1g-strawberry-cough,https://d1hhy58mqsa6c3.cloudfront.net/916928a7-444e-4ad3-bfd0-b799e8385e4d/ed167026-720d-4fcf-9270-03d0e57873df,,"The ROVE Strawberry Cough Live Resin Diamond Pod [1G] is an ultra-high potency, full-spectrum vape featuring Melted Live Resin Diamonds from the classic Sativa-Dominant Hybrid strain (Strawberry Fields x Haze). This proprietary pod delivers an intense, authentic flavor profile dominated by sweet, fresh strawberries and berry fruit, with a hint of skunky spice. The effects are famously euphoric, clear-headed, and highly energetic, providing a potent 90% + THC experience that boosts mood and creativity, making it a top-tier choice for consumers seeking a powerful, flavorful daytime lift and functional stress relief."
019d6f1c-9bdb-7b7c-8b5f-68cedfa69e15,ROVE,LIVE RESIN LIQUID DIAMOND READY TO USE VAPORIZER [1G] MAGIC MELON - 1 G,CARTRIDGE,1G,HYBRID,88.97%,0.17%,45.05,,False,rove-rove-live-resin-liquid-diamond-ready-to-use-vaporizer-1g-magic-melon,https://d14jfwlo68bhyr.cloudfront.net/products/1775746662011-35aa3ca5-12bb-4cf8-b31e-0bf7fc4a40ef.webp,,"This Rove liquid diamond cartridge delivers the signature sweet melon flavor of Magic Melon hybrid strain with tropical fruit notes and a smooth, candy-like aroma. The 1-gram ready-to-use vaporizer offers a balanced hybrid experience that's perfect for any time of day when you want flavorful, potent THC in a convenient format."
019db8f3-78f3-7739-84cf-413f53692d4b,SLUGGERS,READY TO USE VAPORIZER [1.2G] MAUI MANGO - 1.2 G,CARTRIDGE,1.2G,HYBRID,81.14%,0.26%,35.04,,False,sluggers-sluggers-ready-to-use-vaporizer-1-2g-maui-mango,https://d14jfwlo68bhyr.cloudfront.net/banners/1773411963373-3c281f93-bf53-464b-ba9e-54dca5ce5539.webp,,
01961610-9823-7923-a552-6134fdd36bc1,SLUGGERS,READY TO USE VAPORIZER [1.2G] NYC DIESEL - 1.2 G,CARTRIDGE,1.2G,SATIVA,85.52%,0.28%,35.04,,False,sluggers-sluggers-ready-to-use-vaporizer-1-2g-nyc-diesel,https://d14jfwlo68bhyr.cloudfront.net/banners/1765391550148-a34fa274-7caf-466b-85ef-b40817431417.webp,,"Sluggers – NYC Diesel Ready‑to‑Use Vaporizer [1.2 g] A sativa‑leaning disposable cannabis vape capturing the bold essence of classic NYC Diesel genetics. Expect a pungent diesel/gas flavor with citrus and earthy undertones, paired with uplifting, energetic, and euphoric effects ideal for daytime, creative, or social use. The convenient all‑in‑one draw‑activated design makes this a simple yet flavorful option for consumers who enjoy vibrant diesel‑forward terpene profiles and stimulating highs."
0199cfa6-f68d-7872-ab06-7dfe87f00863,SLUGGERS,READY TO USE VAPORIZER [1.2G] PINK ACAI - 1.2 G,CARTRIDGE,1.2G,HYBRID,85.33%,0.26%,35.04,,False,sluggers-sluggers-ready-to-use-vaporizer-1-2g-pink-acai,https://d1hhy58mqsa6c3.cloudfront.net/916928a7-444e-4ad3-bfd0-b799e8385e4d/86e38508-c462-4242-9755-19eb3b505f3e,,"Sluggers – Pink Acai Ready‑to‑Use Vaporizer [1.2 g] A pre‑filled hybrid disposable cannabis vape with a tropical berry‑forward flavor and tangy citrus highlights. Built for smooth, flavorful vapor with a balanced uplift and soothing body effect, it’s ideal for late‑day relaxation, mood enhancement, and mellow enjoyment. The all‑in‑one design makes it easy to use — just inhale to activate and enjoy the flavorful, approachable experience."
019981e7-c453-719a-869a-a018ddab0b9a,SLUGGERS,READY TO USE VAPORIZER [1.2G] PURPLE POP ROCKS - 1.2 G,CARTRIDGE,1.2G,HYBRID,84.97%,0.28%,35.04,,False,sluggers-sluggers-ready-to-use-vaporizer-1-2g-purple-pop-rocks,https://d1hhy58mqsa6c3.cloudfront.net/916928a7-444e-4ad3-bfd0-b799e8385e4d/07dedcf5-3d8e-4beb-b656-4d2df7b49717,,"Sluggers – Purple Pop Rocks Ready‑to‑Use Vaporizer [1.2 g] A pre‑filled hybrid disposable vape with a sweet grape‑candy terpene profile accented by spice and gas notes. Designed for smooth, flavorful pulls and a balanced high — starting with an uplifting cerebral buzz that eases into pleasant body relaxation. Built with a ceramic coil and ample oil capacity, Purple Pop Rocks is ideal for creative sessions, social vibes, or mellow relaxation."
019bc2e4-a30f-7fe8-b735-00ecf79c01be,SLUGGERS,READY TO USE VAPORIZER [1.2G] WATERMELONZ - 1.2 G,CARTRIDGE,1.2G,HYBRID,84.69%,0.30%,35.04,,False,sluggers-sluggers-ready-to-use-vaporizer-1-2g-watermelonz,https://d14jfwlo68bhyr.cloudfront.net/banners/1773412122704-7e6f486a-66a9-4152-aeda-5f425c2bf0f8.webp,,"This Sluggers Watermelonz hybrid vape cartridge delivers a balanced cannabis experience perfect for any time of day. The ready-to-use 1.2g cartridge offers convenient, discreet vaping with the sweet, refreshing taste of watermelon. Expect smooth, flavorful hits that provide the best of both indica and sativa effects in one portable THC vape."
019f6c3b-292b-71e1-b396-ba0729cefc87,SLUGGERS,ROSIN READY TO USE VAPORIZER [1G] PALOMA - 1 G,CARTRIDGE,1G,SATIVA,76.19%,0.17%,50.05,,False,sluggers-sluggers-rosin-ready-to-use-vaporizer-1g-paloma,https://d14jfwlo68bhyr.cloudfront.net/products/1784645373083-42a509c0-229f-48f8-9c34-3dff30222b48.webp,,"The Sluggers Paloma is a 1g sativa rosin cartridge built for clean, uplifting cannabis sessions — no distillate, no additives, just pure rosin in a ready-to-use vaporizer. Paloma is known for bright, floral notes with a smooth draw that keeps the natural terpene character of the strain intact. A solid pick for daytime use when you want clear-headed energy without the heaviness of a traditional concentrate."
01970d23-7889-722a-b96a-031f25a9e398,STIIIZY,LIQUID DIAMONDS POD [1G] CEREAL MILK - 1 G,CARTRIDGE,1G,HYBRID,84.51%,0.19%,28.05,EVERYDAY DISCOUNT - STIIIZY – VAPES - 30% OFF,True,stiiizy-stiiizy-liquid-diamonds-pod-1g-cereal-milk,https://d14jfwlo68bhyr.cloudfront.net/products/1775246439498-3aa3be35-f755-4ff7-8863-eee3979fcefc.webp,,"The STIIIZY Cereal Milk Liquid Diamonds Pod is a potent, 1-gram Hybrid vape concentrate that combines high-purity THCA Diamonds with Live Resin for an unparalleled flavor and effect profile. It delivers a creamy, sweet, vanilla cereal milk flavor and an effect that is euphoric, happy, and balanced, making it perfect for an uplifting daytime experience or a relaxing yet clear-headed social session. It's a clean, high-potency ""dab in your pocket."""
01951af3-fb97-7ea3-985f-50329a753279,STIIIZY,LIQUID DIAMONDS POD [1G] GREEN CRACK,CARTRIDGE,1G,SATIVA,84.42%,0.26%,28.05,EVERYDAY DISCOUNT - STIIIZY – VAPES - 30% OFF,True,stiiizy-stiiizy-liquid-diamonds-pod-1g-green-crack,https://d14jfwlo68bhyr.cloudfront.net/products/1782164374715-dd42a7ef-3449-4ae5-87d6-0d7b480a31a2.webp,,"The STIIIZY Green Crack Liquid Diamonds Pod is a high-potency, 1-gram Sativa concentrate designed for maximum energy and focus. Its formula delivers a burst of tangy citrus, mango, and tropical fruit flavor alongside an intense, clear-headed, and invigorating cerebral high. It is the perfect choice for a potent daytime energy boost that supports creativity and productivity."
01951af3-fb98-715a-a7c5-2f57851804e8,STIIIZY,LIQUID DIAMONDS POD [1G] HAWAIIAN SNOW,CARTRIDGE,1G,SATIVA,84.96%,0.24%,28.05,EVERYDAY DISCOUNT - STIIIZY – VAPES - 30% OFF,True,stiiizy-stiiizy-liquid-diamonds-pod-1g-hawaiian-snow,https://d14jfwlo68bhyr.cloudfront.net/products/1782164320867-36a9c390-82aa-4e14-a874-67dfa5f8de47.webp,,"This potent sativa vape pod delivers 86% THC in STIIIZY's signature liquid diamonds concentrate, capturing Hawaiian Snow's legendary tropical profile with sweet pineapple, mango, and pine flavors. Perfect for daytime use, this energizing cannabis cartridge provides an uplifting cerebral high that boosts creativity and focus while keeping you active and motivated."
01951af3-fb9a-72f2-a7bd-380689ce2a34,STIIIZY,LIQUID DIAMONDS POD [1G] LEMON CHERRY GELATO,CARTRIDGE,1G,HYBRID,85.60%,0.25%,28.05,EVERYDAY DISCOUNT - STIIIZY – VAPES - 30% OFF,True,stiiizy-stiiizy-liquid-diamonds-pod-1g-lemon-cherry-gelato,https://d14jfwlo68bhyr.cloudfront.net/products/1782166181308-193afd17-53e1-44f7-9c12-175998457cbc.webp,,"The STIIIZY Lemon Cherry Gelato Liquid Diamonds Pod is a high-potency, 1-gram Hybrid concentrate renowned for its complex flavor that tastes exactly like tart lemon, sweet cherry, and creamy dessert. It delivers a balanced, euphoric, and deeply relaxing high that is perfect for chilling out, easing physical tension, and boosting mood without causing heavy sedation."
01951af3-fb9b-7d06-97a1-002e26d22cb2,STIIIZY,LIQUID DIAMONDS POD [1G] NORTHERN LIGHTS,CARTRIDGE,1G,INDICA,86.75%,0.22%,28.05,EVERYDAY DISCOUNT - STIIIZY – VAPES - 30% OFF,True,stiiizy-stiiizy-liquid-diamonds-pod-1g-northern-lights,https://d14jfwlo68bhyr.cloudfront.net/products/1782166200563-1724ab4d-b570-43ec-a1fd-b90967053391.webp,,"The STIIIZY Northern Lights Liquid Diamonds Pod is a high-potency, 1-gram Indica concentrate that delivers the legendary effects of the strain. It features a classic flavor profile of sweet, earthy, and spicy pine and provides an intense body high that is deeply relaxing, euphoric, and sleep-inducing. It is the perfect choice for melting away stress, pain, and insomnia at the end of the day."
01951af3-fb9d-7f0d-ae8e-b08099c3e8d6,STIIIZY,LIQUID DIAMONDS POD [1G] PURPLE HAZE,CARTRIDGE,1G,SATIVA,83.59%,0.20%,28.05,EVERYDAY DISCOUNT - STIIIZY – VAPES - 30% OFF,True,stiiizy-stiiizy-liquid-diamonds-pod-1g-purple-haze,https://d14jfwlo68bhyr.cloudfront.net/products/1782166247122-4aa56b68-97c1-4348-a749-8fc3c6208a88.webp,,"The STIIIZY Purple Haze Liquid Diamonds Pod is a high-potency, 1-gram Sativa concentrate renowned for its classic, stimulating effects. It features a delicious profile of sweet berries, earthy musk, and spice that perfectly matches its lineage. It is the go-to pod for a powerful, clear-headed, and euphoric high that inspires creativity and energy for any daytime activity."
01951af3-fb9e-7629-ae0f-50270ebda2ea,STIIIZY,LIQUID DIAMONDS POD [1G] PURPLE ZLUSHIE,CARTRIDGE,1G,HYBRID,84.89%,0.30%,28.05,EVERYDAY DISCOUNT - STIIIZY – VAPES - 30% OFF,True,stiiizy-stiiizy-liquid-diamonds-pod-1g-purple-zlushie,https://d14jfwlo68bhyr.cloudfront.net/products/1782166266420-59a2f7a1-12c6-4db0-aad4-5d8e87ea7216.webp,,"The STIIIZY Purple Zlushie Liquid Diamonds Pod is a high-potency, 1-gram Hybrid concentrate known for its incredibly exotic, sugary grape and sweet berry candy flavor with spicy undertones. It delivers a highly balanced, euphoric, and relaxing high that melts away stress while keeping the mind happy and functional, making it a perfect anytime strain for blissful relaxation."
019a834d-04cf-727e-9d60-1a6b2289798c,STIIIZY,LIQUID DIAMONDS POD [1G] STRAWBERRY MILKSHAKE - 1 G,CARTRIDGE,1G,HYBRID,84.27%,0.16%,28.05,EVERYDAY DISCOUNT - STIIIZY – VAPES - 30% OFF,True,stiiizy-stiiizy-liquid-diamonds-pod-1g-strawberry-milkshake,https://d14jfwlo68bhyr.cloudfront.net/products/1775246328119-f46576f6-1fcc-4e04-b9ab-50ca85ba925d.webp,,"The STIIIZY Strawberry Milkshake Liquid Diamonds Pod is a high-potency, 1-gram Sativa concentrate that lives up to its name, delivering a delicious flavor profile of sweet strawberry, cream, and sugary notes. It is favored for its energizing, happy, and creative high that provides both mental lift and a pleasant body calm, making it an excellent choice for a flavorful and productive daytime session."
01951af3-fba1-7615-8700-44999421242d,STIIIZY,LIQUID DIAMONDS POD [1G] WHITE WIDOW,CARTRIDGE,1G,INDICA,85.17%,0.21%,28.05,EVERYDAY DISCOUNT - STIIIZY – VAPES - 30% OFF,True,stiiizy-stiiizy-liquid-diamonds-pod-1g-white-widow,https://d14jfwlo68bhyr.cloudfront.net/products/1782166326557-62a58413-34c1-4f48-bb12-a3cdb274319b.webp,,"The STIIIZY White Widow Liquid Diamonds Pod is a high-potency, 1-gram concentrate classified as an Indica legend by STIIIZY. It features a classic, potent flavor combination of spicy herbs, earthy wood, and sweet undertones. It delivers an uplifting mental euphoria paired with a significant body-buzzing, relaxing calm, making it an excellent choice for a blissfully mellow and creative evening."
01951af3-fbb4-79d9-942e-542d521b342c,STIIIZY,LIQUID DIAMONDS READY TO USE VAPORIZER [1G] GREEN CRACK,CARTRIDGE,1G,SATIVA,85.89%,0.20%,35.04,EVERYDAY DISCOUNT - STIIIZY – VAPES - 30% OFF,True,stiiizy-stiiizy-liquid-diamonds-ready-to-use-vaporizer-1g-green-crack,https://d14jfwlo68bhyr.cloudfront.net/kD6JPGVVTL.webp,,"The STIIIZY Green Crack Liquid Diamonds Vaporizer is a high-potency, 1-gram Sativa disposable pen featuring a potent Live Resin Liquid Diamonds blend. It delivers a vibrant, tangy flavor profile of mango, citrus, and tropical fruit. It is the ideal vape for a powerful rush of energy, creativity, and focused euphoria, making it the ultimate choice for an invigorating daytime high."
01951af3-fbb7-7623-8b4b-37bade909b82,STIIIZY,LIQUID DIAMONDS READY TO USE VAPORIZER [1G] PINK RUNTZ,CARTRIDGE,1G,HYBRID,87.45%,0.18%,35.04,EVERYDAY DISCOUNT - STIIIZY – VAPES - 30% OFF,True,stiiizy-stiiizy-liquid-diamonds-ready-to-use-vaporizer-1g-pink-runtz,https://d14jfwlo68bhyr.cloudfront.net/ySrOszTUGd.webp,,"The STIIIZY Pink Runtz Liquid Diamonds Vaporizer is a high-potency, 1-gram Balanced Hybrid disposable pen. It features the powerful Live Resin Liquid Diamonds extract and delivers a delicious, memorable flavor of sweet and sour candy, cherry, and tropical fruit. It provides a blissful, euphoric, and giggly high that is perfectly balanced to leave you feeling happy, relaxed, and uplifted."
01951af3-fbb8-7ec5-bb20-6af1baa833eb,STIIIZY,LIQUID DIAMONDS READY TO USE VAPORIZER [1G] PURPLE HAZE,CARTRIDGE,1G,SATIVA,83.59%,0.19%,35.04,EVERYDAY DISCOUNT - STIIIZY – VAPES - 30% OFF,True,stiiizy-stiiizy-liquid-diamonds-ready-to-use-vaporizer-1g-purple-haze,https://d14jfwlo68bhyr.cloudfront.net/qc18JFPa6O.webp,,"The STIIIZY Purple Haze Liquid Diamonds Vaporizer is a high-potency, 1-gram Sativa disposable pen. It features a powerful Live Resin Liquid Diamonds extract and delivers a classic flavor of sweet berries, earthy spice, and subtle floral notes. It is the ultimate choice for a powerful surge of euphoria, creative inspiration, and focused energy, perfect for enjoying an active, mentally stimulating high."
01951af3-fbb9-71ef-8db9-ceacd88f7234,STIIIZY,LIQUID DIAMONDS READY TO USE VAPORIZER [1G] PURPLE ZLUSHIE,CARTRIDGE,1G,HYBRID,83.56%,0.22%,35.04,EVERYDAY DISCOUNT - STIIIZY – VAPES - 30% OFF,True,stiiizy-stiiizy-liquid-diamonds-ready-to-use-vaporizer-1g-purple-zlushie,https://d14jfwlo68bhyr.cloudfront.net/KVKntmJZbt.webp,,"The STIIIZY Purple Zlushie Liquid Diamonds Vaporizer is a high-potency, 1-gram Hybrid disposable pen. It features a powerful Live Resin Liquid Diamonds extract and delivers a complex, ""exotic"" flavor of sugary grape, berry, and spicy herbs. It is the ultimate choice for a relaxing, blissful, and happy high that soothes the body while keeping the mind gently uplifted and creative."
019a834e-307f-72a9-9804-59bd0eb6f331,STIIIZY,LIQUID DIAMONDS READY TO USE VAPORIZER [1G] STRAWBERRY MILKSHAKE - 1 G,CARTRIDGE,1G,HYBRID,85.49%,0.20%,35.04,EVERYDAY DISCOUNT - STIIIZY – VAPES - 30% OFF,True,stiiizy-stiiizy-liquid-diamonds-ready-to-use-vaporizer-1g-strawberry-milkshake,https://d14jfwlo68bhyr.cloudfront.net/banners/1765601337273-0cf9b5ba-e797-49aa-af0b-eb42ece9ae58.webp,,"The STIIIZY Strawberry Milkshake Liquid Diamonds Vaporizer is a high-potency, 1-gram Hybrid disposable pen. It features the powerful Live Resin Liquid Diamonds extract and delivers a delicious, creamy flavor of sweet strawberry and vanilla. It is the ultimate choice for a euphoric, deeply relaxing, and happy high that soothes the body and mind, making it perfect for unwinding at the end of the day."
01951af3-fbbb-72d8-b65f-16e56f97cb42,STIIIZY,LIQUID DIAMONDS READY TO USE VAPORIZER [1G] STRAWBERRY SHORTCAKE,CARTRIDGE,1G,INDICA,84.36%,0.21%,35.04,EVERYDAY DISCOUNT - STIIIZY – VAPES - 30% OFF,True,stiiizy-stiiizy-liquid-diamonds-ready-to-use-vaporizer-1g-strawberry-shortcake,https://d14jfwlo68bhyr.cloudfront.net/WP6znV6sfw.webp,,"The STIIIZY Strawberry Shortcake Liquid Diamonds Vaporizer is a high-potency, 1-gram Indica disposable pen. It features the powerful Live Resin Liquid Diamonds extract, delivering a rich flavor of sweet strawberry, creamy vanilla, and a hint of pungent gas. It is the ultimate choice for a euphoric, deeply relaxing, and happy high that soothes the entire body and promotes a great night's sleep."
01951af3-fbbc-7b86-acf8-05c472bec3da,STIIIZY,LIQUID DIAMONDS READY TO USE VAPORIZER [1G] TAHOE OG,CARTRIDGE,1G,INDICA,82.63%,0.28%,35.04,EVERYDAY DISCOUNT - STIIIZY – VAPES - 30% OFF,True,stiiizy-stiiizy-liquid-diamonds-ready-to-use-vaporizer-1g-tahoe-og,https://d14jfwlo68bhyr.cloudfront.net/yHfxUdo0T3.webp,,"The STIIIZY Tahoe OG Liquid Diamonds Vaporizer is a high-potency, 1-gram Indica disposable pen. It features the powerful Live Resin Liquid Diamonds extract, delivering a classic ""OG"" flavor of earthy pine, wood, and bright lemon zest. It is the ultimate choice for a fast-acting, deeply sedating, and euphoric high that provides significant relief from stress and insomnia, perfect for the end of the day."
01951af3-fbbd-70ef-8b4b-6d15d113f700,STIIIZY,LIQUID DIAMONDS READY TO USE VAPORIZER [1G] WHITE WIDOW,CARTRIDGE,1G,INDICA,86.26%,0.21%,35.04,EVERYDAY DISCOUNT - STIIIZY – VAPES - 30% OFF,True,stiiizy-stiiizy-liquid-diamonds-ready-to-use-vaporizer-1g-white-widow,https://d14jfwlo68bhyr.cloudfront.net/YVDmR4wsl4.webp,,"The STIIIZY White Widow Liquid Diamonds Vaporizer is a high-potency, 1-gram Sativa-Dominant Hybrid disposable pen. It features the powerful Live Resin Liquid Diamonds extract, delivering a classic flavor of earthy pine, wood, and spice. It is the ultimate choice for an energetic, clear-headed, and powerfully euphoric high that fuels creativity and provides an uplifting experience throughout the day."
01951af4-0a00-7e8a-95dc-67713ba44ccf,STIIIZY,POD [1G] APPLE FRITTER,CARTRIDGE,1G,HYBRID,86.87%,0.23%,24.05,EVERYDAY DISCOUNT - STIIIZY – VAPES - 30% OFF,True,stiiizy-stiiizy-pod-1g-apple-fritter,https://d14jfwlo68bhyr.cloudfront.net/WUUdsda4QS.webp,,"The STIIIZY Pod Apple Fritter [1G] is a masterfully balanced hybrid solution designed for the user who demands a sophisticated ""bakery-fruit"" profile and a long-lasting, high-luxury high. Utilizing STIIIZY’s signature high-potency distillate in a substantial full-gram format, this pod delivers a sensory journey characterized by tart green apple and warm cinnamon dough, finished with a smooth, savory spice exhale. The effects are exceptionally well-rounded, offering an immediate giddy euphoria that sparks creative interest before settling into a mellow, tingling physical relaxation that eases tension without causing heavy sedation. Housed in the industry-leading STIIIZY hardware, the 1G Apple Fritter pod provides a discrete, flavorful session that satisfies the palate with its ""pastry-confection"" complexity and the mind with its trademark happy energy."
01951af4-0a02-7641-b95a-e219e1ce9176,STIIIZY,POD [1G] BIRTHDAY CAKE,CARTRIDGE,1G,HYBRID,85.29%,0.24%,24.05,EVERYDAY DISCOUNT - STIIIZY – VAPES - 30% OFF,True,stiiizy-stiiizy-pod-1g-birthday-cake,https://d14jfwlo68bhyr.cloudfront.net/products/1781823368285-f288e18d-e563-4e4b-bb28-a8679987ec33.webp,,"The STIIIZY Pod Birthday Cake [1G] is a pinnacle Indica-hybrid solution designed for the user who demands a sophisticated ""vanilla-confection"" profile and a celebratory, high-luxury high. Utilizing STIIIZY’s signature high-potency distillate in a substantial full-gram format, this pod delivers a sensory journey characterized by creamy vanilla frosting and nutty dough, finished with a smooth earthy cherry exhale. The effects are masterfully balanced, offering an immediate giddy euphoria that dissolves mental stress before settling into a profound, ""total-body"" melt that grounds the physical self in total comfort. Housed in the industry-leading STIIIZY hardware, the Birthday Cake pod provides a discrete, flavorful session that satisfies the palate with its ""bakery-funk"" complexity and the body with its trademark ""stony"" and restorative power."
01951af4-0a03-70a7-8c16-89cfc632b43c,STIIIZY,POD [1G] BLUE BURST,CARTRIDGE,1G,HYBRID,84.01%,0.31%,24.05,EVERYDAY DISCOUNT - STIIIZY – VAPES - 30% OFF,True,stiiizy-stiiizy-pod-1g-blue-burst,https://d14jfwlo68bhyr.cloudfront.net/products/1781823189012-14870bc2-0d70-4a9f-9b12-a988b107af09.webp,,"The STIIIZY Pod Blue Burst [1G] is a pinnacle hybrid solution designed for the user who demands an explosive ""candy-berry"" profile and a buoyant, high-luxury high. Utilizing STIIIZY’s signature high-potency distillate in a substantial full-gram format, this pod delivers a sensory journey characterized by tart blue raspberry syrup and bright citrus zest, finished with a smooth, sugary-floral exhale. The effects are masterfully balanced, offering an immediate happy euphoria that dissolves social stress before settling into a mellow, weightless physical ease that relieves tension while maintaining a functional headspace. Housed in the industry-leading STIIIZY hardware, the Blue Burst pod provides a discrete, flavorful session that satisfies the palate with its ""confectionary-blue"" complexity and the mind with its trademark inspired and happy energy."
01951af4-0a04-73a2-b613-bb9c14fbb49c,STIIIZY,POD [1G] BLUE DREAM,CARTRIDGE,1G,SATIVA,85.45%,0.24%,24.05,EVERYDAY DISCOUNT - STIIIZY – VAPES - 30% OFF,True,stiiizy-stiiizy-pod-1g-blue-dream,https://d14jfwlo68bhyr.cloudfront.net/products/1781724144950-8c0c2c8a-3e91-444e-ba16-8d8e9d7f8ec5.webp,,"The STIIIZY Pod Blue Dream [1G] is a pinnacle hybrid solution designed for the user who demands a classic ""berry-haze"" profile and a soaring, high-luxury high. Utilizing STIIIZY’s signature high-potency distillate in a substantial full-gram format, this pod delivers a sensory journey characterized by sweet wild blueberry and sophisticated floral haze, finished with a crisp earthy pine exhale. The effects are masterfully balanced, offering an immediate calm euphoria that dissolves mental stress before settling into a mellow, weightless physical ease that encourages creativity without causing sedation. Housed in the industry-leading STIIIZY hardware, the 1G Blue Dream pod provides a discrete, high-capacity session that satisfies the palate with its ""berry-confection"" complexity and the mind with its trademark happy and balanced energy."
01951af4-0a08-7414-a667-1c01ae96c43c,STIIIZY,POD [1G] DO-SI-DOS - 1 G,CARTRIDGE,1G,HYBRID,85.59%,0.28%,24.05,EVERYDAY DISCOUNT - STIIIZY – VAPES - 30% OFF,True,stiiizy-stiiizy-pod-1g-dosidos,https://d14jfwlo68bhyr.cloudfront.net/products/1781823457244-d83c0f68-da29-4893-ad19-b151fe3b14e6.webp,,"The STIIIZY Pod Do-Si-Dos [1G] is a pinnacle Indica-hybrid solution designed for the user who demands a robust ""earth-and-cookies"" profile and a heavy, high-luxury high. Utilizing STIIIZY’s signature high-potency distillate in a substantial full-gram format, this pod delivers a sensory journey characterized by rich earthy pine and savory nutty dough, finished with a pungent skunky-spice exhale. The effects are masterfully sedative, offering an immediate hazy euphoria that dissolves mental stress before settling into a profound, ""total-body"" couch-lock that grounds the physical self in total comfort. Housed in the industry-leading STIIIZY hardware, the Do-Si-Dos pod provides a discrete, flavorful session that satisfies the palate with its ""OG-funk"" complexity and the body with its trademark ""stony"" and restorative power."
01951af4-0a09-799c-8236-2aeddc2e369e,STIIIZY,POD [1G] GELATO,CARTRIDGE,1G,HYBRID,86.88%,0.31%,24.05,EVERYDAY DISCOUNT - STIIIZY – VAPES - 30% OFF,True,stiiizy-stiiizy-pod-1g-gelato,https://d14jfwlo68bhyr.cloudfront.net/products/1781823762781-725d682a-5e6c-40fa-bda6-0c9938f2616e.webp,,"The STIIIZY Pod Gelato [1G] is a pinnacle hybrid solution designed for the user who demands a sophisticated ""cream-and-berry"" profile and a buoyant, high-luxury high. Utilizing STIIIZY’s signature high-potency distillate in a substantial full-gram format, this pod delivers a sensory journey characterized by sweet citrus cream and floral lavender, finished with a smooth minty-dough exhale. The effects are masterfully balanced, offering an immediate creative euphoria that dissolves social stress before settling into a mellow physical relaxation that relieves tension while maintaining a functional headspace. Housed in the industry-leading STIIIZY hardware, the Gelato pod provides a discrete, flavorful session that satisfies the palate with its ""dessert-confection"" complexity and the mind with its trademark happy and balanced energy."
01951af4-0a0c-711e-bc2a-81ade222adb4,STIIIZY,POD [1G] GRANDDADDY PURP,CARTRIDGE,1G,HYBRID,86.76%,0.20%,24.05,EVERYDAY DISCOUNT - STIIIZY – VAPES - 30% OFF,True,stiiizy-stiiizy-pod-1g-granddaddy-purp,https://d14jfwlo68bhyr.cloudfront.net/products/1781823966847-37798a19-b4de-40c4-bc4b-bca264b869b2.webp,,"The STIIIZY Pod Granddaddy Purp [1G] is a pinnacle Indica solution designed for the user who demands a sophisticated ""dark-fruit"" profile and a heavy, high-luxury high. Utilizing STIIIZY’s signature high-potency distillate in a substantial full-gram format, this pod delivers a sensory journey characterized by sweet sun-ripened grape and wild berries, finished with a smooth earthy-floral exhale. The effects are masterfully sedative, offering an immediate dreamy euphoria that dissolves mental stress before settling into a profound, ""total-body"" melt that anchors the physical self in complete comfort. Housed in the industry-leading STIIIZY hardware, the GDP pod provides a discrete, flavorful session that satisfies the palate with its ""regal-berry"" complexity and the body with its trademark ""stony"" and restorative power."
01951af4-0a0f-70b1-bbff-33f2170579ee,STIIIZY,POD [1G] HARDCORE OG,CARTRIDGE,1G,INDICA,86.94%,0.23%,24.05,EVERYDAY DISCOUNT - STIIIZY – VAPES - 30% OFF,True,stiiizy-stiiizy-pod-1g-hardcore-og,https://d14jfwlo68bhyr.cloudfront.net/products/1782162952182-b4412b3f-9da3-447e-9f53-18eb417e74a4.webp,,"The STIIIZY Pod Hardcore OG [1G] is a pinnacle Indica solution designed for the user who demands a robust ""fuel-and-pine"" profile and a heavy, high-luxury high. Utilizing STIIIZY’s signature high-potency distillate in a substantial full-gram format, this pod delivers a sensory journey characterized by pungent gas and crisp forest pine, finished with a smooth earthy-spice exhale. The effects are masterfully sedative, offering an immediate hazy euphoria that dissolves mental stress before settling into a profound, ""total-body"" couch-lock that anchors the physical self in total comfort. Housed in the industry-leading STIIIZY hardware, the Hardcore OG pod provides a discrete, flavorful session that satisfies the palate with its ""OG-funk"" complexity and the body with its trademark ""stony"" and restorative power."
01951af4-0a11-797d-8944-1c1c84a3e1f6,STIIIZY,POD [1G] KING LOUIS XIII,CARTRIDGE,1G,INDICA,86.24%,0.21%,24.05,EVERYDAY DISCOUNT - STIIIZY – VAPES - 30% OFF,True,stiiizy-stiiizy-pod-1g-king-louis-xiii,https://d14jfwlo68bhyr.cloudfront.net/products/1784890599672-1edabee6-23e7-4dc7-b200-c43ca4330086.webp,,"The STIIIZY Pod King Louis XIII [1G] is a pinnacle Indica solution designed for the user who demands a robust ""fuel-and-pine"" profile and a heavy, high-luxury high. Utilizing STIIIZY’s signature high-potency distillate in a substantial full-gram format, this pod delivers a sensory journey characterized by pungent gas and crisp forest pine, finished with a smooth earthy-citrus exhale. The effects are masterfully sedative, offering an immediate hazy euphoria that dissolves mental stress before settling into a profound, ""weighted-blanket"" physical melt that anchors the body in total comfort. Housed in the industry-leading STIIIZY hardware, the King Louis XIII pod provides a discrete, flavorful session that satisfies the palate with its ""OG-funk"" complexity and the body with its trademark ""stony"" and restorative power."
01951af4-0a12-782e-bf4f-d71581075558,STIIIZY,POD [1G] MAGIC MELON,CARTRIDGE,1G,SATIVA,86.87%,0.23%,24.05,EVERYDAY DISCOUNT - STIIIZY – VAPES - 30% OFF,True,stiiizy-stiiizy-pod-1g-magic-melon,https://d14jfwlo68bhyr.cloudfront.net/products/1782166457538-e1fe6e77-d695-466d-bf2c-571ae9e4e2a4.webp,,"The STIIIZY Pod Magic Melon [1G] is a pinnacle Sativa-hybrid solution designed for the user who demands a vibrant ""tropical-fruit"" profile and a buoyant, high-luxury high. Utilizing STIIIZY’s signature high-potency distillate in a substantial full-gram format, this pod delivers a sensory journey characterized by sweet ripe cantaloupe and juicy mango, finished with a smooth honeydew-sherbet exhale. The effects are masterfully energizing, offering an immediate creative euphoria that dissolves mental fatigue before settling into a light, buzzing physical ease that encourages movement and social interaction. Housed in the industry-leading STIIIZY hardware, the Magic Melon pod provides a discrete, flavorful session that satisfies the palate with its ""orchard-fresh"" complexity and the mind with its trademark happy and high-voltage energy."
01951af4-0a17-755b-8054-78c13033c71d,STIIIZY,POD [1G] OG KUSH,CARTRIDGE,1G,INDICA,87.77%,0.27%,24.05,EVERYDAY DISCOUNT - STIIIZY – VAPES - 30% OFF,True,stiiizy-stiiizy-pod-1g-og-kush,https://d14jfwlo68bhyr.cloudfront.net/products/1782163402225-2ca79f61-9f88-471d-b75a-5e5f9b71f497.webp,,"The STIIIZY Pod OG Kush [1G] is the pinnacle ""Gold Standard"" solution designed for the user who demands a robust ""fuel-and-pine"" profile and a heavy, high-luxury high. Utilizing STIIIZY’s signature high-potency distillate in a substantial full-gram format, this pod delivers a sensory journey characterized by pungent gas and zesty lemon, finished with a smooth earthy-pine exhale. The effects are masterfully balanced, offering an immediate stony euphoria that dissolves mental stress before settling into a profound, ""total-body"" relaxation that anchors the physical self in complete comfort. Housed in the industry-leading STIIIZY hardware, the OG Kush pod provides a discrete, flavorful session that satisfies the palate with its ""Kush-funk"" complexity and the body with its trademark ""stony"" and restorative power."
01951af4-0a18-7d19-bf97-5095e78d9c0e,STIIIZY,POD [1G] ORANGE SUNSET,CARTRIDGE,1G,SATIVA,85.59%,0.22%,24.05,EVERYDAY DISCOUNT - STIIIZY – VAPES - 30% OFF,True,stiiizy-stiiizy-pod-1g-orange-sunset,https://d14jfwlo68bhyr.cloudfront.net/products/1781821999852-919aba8d-5fd7-450d-b5e0-ca77b1a64a8f.webp,,"The STIIIZY Pod Orange Sunset [1G] is a pinnacle Sativa-hybrid solution designed for the user who demands a vibrant ""citrus-candy"" profile and a buoyant, high-luxury high. Utilizing STIIIZY’s signature high-potency distillate in a substantial full-gram format, this pod delivers a sensory journey characterized by zesty fresh orange and sweet forest berries, finished with a smooth floral-cream exhale. The effects are masterfully balanced, offering an immediate creative euphoria that dissolves social anxiety before settling into a light, functional physical ease that encourages movement and interaction. Housed in the industry-leading STIIIZY hardware, the Orange Sunset pod provides a discrete, flavorful session that satisfies the palate with its ""orchard-sweet"" complexity and the mind with its trademark happy and radiant energy."
01951af4-0a21-76f3-8453-e1807b36da0f,STIIIZY,POD [1G] SOUR DIESEL,CARTRIDGE,1G,SATIVA,85.81%,0.21%,24.05,EVERYDAY DISCOUNT - STIIIZY – VAPES - 30% OFF,True,stiiizy-stiiizy-pod-1g-sour-diesel,https://d14jfwlo68bhyr.cloudfront.net/products/1781822349703-6afc47ea-8a50-44fb-8c73-452a2e94fd70.webp,,"The STIIIZY Pod Sour Diesel [1G] is a pinnacle Sativa solution designed for the user who demands a robust ""fuel-and-citrus"" profile and a buoyant, high-luxury high. Utilizing STIIIZY’s signature high-potency distillate in a substantial full-gram format, this pod delivers a sensory journey characterized by pungent diesel gas and tart lemon zest, finished with a smooth skunky-earth exhale. The effects are masterfully energizing, offering an immediate creative euphoria that dissolves mental fatigue before settling into a functional, buzzing physical ease that encourages movement and social interaction. Housed in the industry-leading STIIIZY hardware, the Sour Diesel pod provides a discrete, flavorful session that satisfies the palate with its ""industrial-funk"" complexity and the mind with its trademark happy and high-voltage energy."
01951af4-0a24-73e9-9856-8bf00553447f,STIIIZY,POD [1G] STRAWNANA,CARTRIDGE,1G,HYBRID,85.26%,0.23%,24.05,EVERYDAY DISCOUNT - STIIIZY – VAPES - 30% OFF,True,stiiizy-stiiizy-pod-1g-strawnana,https://d14jfwlo68bhyr.cloudfront.net/products/1782162594497-5663ad13-cc1b-4d35-a164-7a852f76dbf5.webp,,"The STIIIZY Pod Strawnana [1G] is a pinnacle Indica-hybrid solution designed for the user who demands a vibrant ""fruit-smoothie"" profile and a heavy, high-luxury high. Utilizing STIIIZY’s signature high-potency distillate in a substantial full-gram format, this pod delivers a sensory journey characterized by creamy wild strawberry and overripe banana, finished with a smooth bubblegum-earth exhale. The effects are masterfully balanced, offering an immediate giggly euphoria that dissolves mental stress before settling into a profound, ""weighted"" physical ease that anchors the body in complete comfort. Housed in the industry-leading STIIIZY hardware, the Strawnana pod provides a discrete, flavorful session that satisfies the palate with its ""dessert-like"" complexity and the body with its trademark ""stony"" and restorative power."
01951af4-0a26-7c99-86f8-daf01ae2226a,STIIIZY,POD [1G] SUPER LEMON HAZE,CARTRIDGE,1G,SATIVA,86.55%,0.20%,24.05,EVERYDAY DISCOUNT - STIIIZY – VAPES - 30% OFF,True,stiiizy-stiiizy-pod-1g-super-lemon-haze,https://d14jfwlo68bhyr.cloudfront.net/products/1781823030180-9d216e36-3dff-415a-9bf1-628bb62ef9cb.webp,,"The STIIIZY Pod Super Lemon Haze [1G] is a pinnacle Sativa solution designed for the user who demands a vibrant ""citrus-and-spice"" profile and a buoyant, high-luxury high. Utilizing STIIIZY’s signature high-potency distillate in a substantial full-gram format, this pod delivers a sensory journey characterized by tart lemon zest and sweet herbal haze, finished with a smooth earthy-incense exhale. The effects are masterfully energizing, offering an immediate creative euphoria that dissolves mental fatigue before settling into a functional, buzzing physical ease that encourages movement and social interaction. Housed in the industry-leading STIIIZY hardware, the Super Lemon Haze pod provides a discrete, flavorful session that satisfies the palate with its ""zingy"" complexity and the mind with its trademark happy and high-voltage energy."
01951af4-0a27-7438-9a5b-9b59619af9d0,STIIIZY,POD [1G] WATERMELON Z,CARTRIDGE,1G,INDICA,86.61%,0.26%,24.05,EVERYDAY DISCOUNT - STIIIZY – VAPES - 30% OFF,True,stiiizy-stiiizy-pod-1g-watermelon-z,https://d14jfwlo68bhyr.cloudfront.net/products/1782163784694-594c68b0-8d7a-414e-ae81-4e40fc5cff85.webp,,"The STIIIZY Pod Watermelon Z [1G] is a pinnacle Indica-hybrid solution designed for the user who demands a vibrant ""candy-fruit"" profile and a buoyant, high-luxury high. Utilizing STIIIZY’s signature high-potency distillate in a substantial full-gram format, this pod delivers a sensory journey characterized by sugary watermelon candy and tart tropical berries, finished with a smooth syrupy-earth exhale. The effects are masterfully balanced, offering an immediate giddy euphoria that dissolves mental stress before settling into a profound, ""weighted"" physical ease that encourages total relaxation. Housed in the industry-leading STIIIZY hardware, the Watermelon Z pod provides a discrete, flavorful session that satisfies the palate with its ""confectionary-fruit"" complexity and the body with its trademark ""stony"" and restorative power."
01951af4-0a28-7b52-b1d4-bcccc48e5fe8,STIIIZY,POD [1G] WHITE RASPBERRY,CARTRIDGE,1G,INDICA,86.56%,0.26%,24.05,EVERYDAY DISCOUNT - STIIIZY – VAPES - 30% OFF,True,stiiizy-stiiizy-pod-1g-white-raspberry,https://d14jfwlo68bhyr.cloudfront.net/products/1782164057175-7a912fe6-0a31-4cad-89d4-8ee3b4ff2d52.webp,,"The STIIIZY Pod White Raspberry [1G] is a pinnacle Indica-hybrid solution designed for the user who demands a sophisticated ""berry-and-cream"" profile and a buoyant, high-luxury high. Utilizing STIIIZY’s signature high-potency distillate in a substantial full-gram format, this pod delivers a sensory journey characterized by tart wild raspberry and smooth velvet cream, finished with a smooth floral-earth exhale. The effects are masterfully balanced, offering an immediate dreamy euphoria that dissolves mental stress before settling into a profound, ""weighted"" physical ease that encourages total relaxation. Housed in the industry-leading STIIIZY hardware, the White Raspberry pod provides a discrete, flavorful session that satisfies the palate with its ""botanical-fruit"" complexity and the body with its trademark ""stony"" and restorative power."
01951af4-1247-77b2-86a9-bba8130a2284,STIIIZY,READY TO USE VAPORIZER [1G] APPLE FRITTER,CARTRIDGE,1G,HYBRID,86.47%,0.25%,27.05,EVERYDAY DISCOUNT - STIIIZY – VAPES - 30% OFF,True,stiiizy-stiiizy-ready-to-use-vaporizer-1g-apple-fritter,https://d14jfwlo68bhyr.cloudfront.net/GtLjPxe6E1.webp,,"The STIIIZY Apple Fritter [1G] Ready to Use Vaporizer is the definitive ""confectionary hybrid"" solution for the user who demands iconic STIIIZY potency and a world-class flavor profile. Utilizing a high-purity premium distillate in a sleek, rechargeable all-in-one format, this device delivers a sensory journey characterized by tart green apple and warm cinnamon, finished with a smooth, doughy-sweet exhale. The effects are masterfully balanced, offering an immediate ""stress-killing"" euphoria that dissolves mental fatigue before settling into a deep, numbing physical ease that encourages total relaxation. Modern, discrete, and incredibly flavorful, the Apple Fritter RTU provides a reliable, ""grab-and-go"" session that satisfies the palate with its ""bakery-inspired"" complexity and the mind with its trademark positive energy."
01951af4-124f-7356-a996-f05c2d0c6f5e,STIIIZY,READY TO USE VAPORIZER [1G] BIRTHDAY CAKE,CARTRIDGE,1G,HYBRID,84.59%,0.34%,27.05,EVERYDAY DISCOUNT - STIIIZY – VAPES - 30% OFF,True,stiiizy-stiiizy-ready-to-use-vaporizer-1g-birthday-cake,https://d14jfwlo68bhyr.cloudfront.net/products/1781823390010-e388bfc6-d5a4-4310-93f1-618280eaaaa1.webp,,"The STIIIZY Birthday Cake [1G] Ready to Use Vaporizer is the definitive ""dessert-Indica"" solution for the user who demands iconic STIIIZY potency and a world-class, ""cake-forward"" flavor. Utilizing a high-purity premium distillate in a sleek, rechargeable all-in-one format, this device delivers a sensory journey characterized by creamy vanilla frosting and sweet cake dough, finished with a smooth, earthy-nut exhale. The effects are masterfully sedative, offering an immediate cerebral ""spark"" that dissolves mental stress before settling into a deep, numbing physical melt that anchors the body in total comfort. Modern, discrete, and incredibly flavorful, the Birthday Cake RTU provides a reliable, ""grab-and-go"" session that satisfies the palate with its ""bakery-inspired"" complexity and the mind with its trademark positive energy."
01951af4-1266-7928-8c97-d4367a95052c,STIIIZY,READY TO USE VAPORIZER [1G] DO-SI-DOS,CARTRIDGE,1G,HYBRID,85.19%,0.23%,27.05,EVERYDAY DISCOUNT - STIIIZY – VAPES - 30% OFF,True,stiiizy-stiiizy-ready-to-use-vaporizer-1g-dosidos,https://d14jfwlo68bhyr.cloudfront.net/products/1781823485798-48c2df6c-6855-4a6a-ae8a-59f555cabcaf.webp,,"The STIIIZY Do-Si-Dos [1G] Ready to Use Vaporizer is the definitive ""night-time"" solution for the user who demands peak potency and a sophisticated, ""OG-heavy"" flavor profile. Utilizing a premium, 90%+ THC distillate in the sleek, rechargeable LIIIL STIIIZY format, this device delivers a sensory journey characterized by sweet earthy dough and toasted nuts, finished with a smooth, floral-pine exhale. The effects are masterfully sedating, offering an immediate cerebral ""haze"" that dissolves mental fatigue before settling into a deep, weighted physical relaxation that anchors the body in comfort. Discrete, reliable, and incredibly ""dank,"" the Do-Si-Dos RTU provides a powerful, ""grab-and-go"" session that satisfies the palate with its ""Cookie-inspired"" complexity and the body with its trademark tranquilizing energy."
01951af4-1297-7e1c-8ba1-6d38d2efbf94,STIIIZY,READY TO USE VAPORIZER [1G] GRANDDADDY PURP,CARTRIDGE,1G,HYBRID,82.81%,0.33%,27.05,EVERYDAY DISCOUNT - STIIIZY – VAPES - 30% OFF,True,stiiizy-stiiizy-ready-to-use-vaporizer-1g-granddaddy-purp,https://d14jfwlo68bhyr.cloudfront.net/products/1781823987250-d1905c71-e396-48c8-a68f-d6753591eeb0.webp,,"The STIIIZY Granddaddy Purp [1G] Ready to Use Vaporizer is the definitive ""purple-Indica"" solution for the user who demands peak potency and a nostalgic, grape-candy flavor profile. Utilizing a premium, 90%+ THC distillate in the sleek, rechargeable LIIIL STIIIZY format, this device delivers a sensory journey characterized by sweet grape and dark berries, finished with a smooth, earthy-musk exhale. The effects are masterfully sedating, offering an immediate cerebral ""hush"" that dissolves mental fatigue before settling into a deep, weighted physical relaxation that anchors the body in comfort. Discrete, reliable, and incredibly ""succulent,"" the GDP RTU provides a powerful, ""grab-and-go"" session that satisfies the palate with its ""berry-inspired"" complexity and the body with its trademark tranquilizing energy."
01951af4-12a0-740c-bd3b-5a1192a0083b,STIIIZY,READY TO USE VAPORIZER [1G] HARDCORE OG,CARTRIDGE,1G,INDICA,88.03%,0.19%,27.05,EVERYDAY DISCOUNT - STIIIZY – VAPES - 30% OFF,True,stiiizy-stiiizy-ready-to-use-vaporizer-1g-hardcore-og,https://d14jfwlo68bhyr.cloudfront.net/pFoUq4FW2Y.webp,,"The STIIIZY Hardcore OG [1G] Ready to Use Vaporizer is the definitive ""heavyweight-Indica"" solution for the user who demands peak potency and an aggressive, gassy flavor profile. Utilizing a premium, 90%+ THC distillate in the sleek and rechargeable LIIIL STIIIZY format, this device delivers a sensory journey characterized by industrial fuel and spicy pine, finished with a smooth, earthy-lemon exhale. The effects are masterfully sedating, offering an immediate cerebral ""hush"" that dissolves mental fatigue before settling into a deep, weighted physical relaxation that anchors the body in comfort. Discrete, reliable, and incredibly ""dank,"" the Hardcore OG RTU provides a powerful, ""grab-and-go"" session that satisfies the palate with its complex ""gas-forward"" profile and the body with its trademark tranquilizing energy."
01951af4-12a9-7b35-92c9-0a94e84d5235,STIIIZY,READY TO USE VAPORIZER [1G] KING LOUIS XIII,CARTRIDGE,1G,INDICA,83.18%,0.28%,27.05,EVERYDAY DISCOUNT - STIIIZY – VAPES - 30% OFF,True,stiiizy-stiiizy-ready-to-use-vaporizer-1g-king-louis-xiii,https://d14jfwlo68bhyr.cloudfront.net/products/1782163342972-56227a43-b645-471d-86a9-79a7227685ca.webp,,"The STIIIZY King Louis XIII [1G] Ready to Use Vaporizer is the definitive ""heavyweight-Indica"" solution for the user who demands peak potency and an aggressive, gassy flavor profile. Utilizing a premium, 90%+ THC distillate in the sleek and rechargeable LIIIL STIIIZY format, this device delivers a sensory journey characterized by pungent fuel and spicy pine, finished with a smooth, earthy-musk exhale. The effects are masterfully sedating, offering an immediate cerebral ""hush"" that dissolves mental fatigue before settling into a deep, weighted physical relaxation that anchors the body in comfort. Discrete, reliable, and incredibly ""dank,"" the King Louis XIII RTU provides a powerful, ""grab-and-go"" session that satisfies the palate with its complex ""gas-forward"" profile and the body with its trademark tranquilizing energy."
01951af4-12b3-73a7-bb33-b3b1f31e05ec,STIIIZY,READY TO USE VAPORIZER [1G] MAGIC MELON,CARTRIDGE,1G,SATIVA,86.22%,0.20%,27.05,EVERYDAY DISCOUNT - STIIIZY – VAPES - 30% OFF,True,stiiizy-stiiizy-ready-to-use-vaporizer-1g-magic-melon,https://d14jfwlo68bhyr.cloudfront.net/zorxdLmcOW.webp,,"The STIIIZY Magic Melon [1G] Ready to Use Vaporizer is the definitive ""tropical-Sativa"" solution for the user who demands peak potency and a sophisticated, ""fruit-medley"" flavor profile. Utilizing a premium 90%+ THC distillate in the sleek and rechargeable LIIIL STIIIZY format, this device delivers a sensory journey characterized by ripe cantaloupe and golden mango, finished with a smooth, honey-sweet exhale. The effects are masterfully uplifting, offering an immediate cerebral ""glow"" that boosts mood and focus before settling into a weightless physical ease that enhances productivity without any heavy sedation. Discrete, reliable, and incredibly ""lush,"" the Magic Melon RTU provides a powerful, ""grab-and-go"" session that satisfies the palate with its ""melon-inspired"" complexity and the mind with its trademark radiant energy."
01951af4-12be-74d7-9115-eb06455ee8c4,STIIIZY,READY TO USE VAPORIZER [1G] OG KUSH,CARTRIDGE,1G,INDICA,86.63%,0.25%,27.05,EVERYDAY DISCOUNT - STIIIZY – VAPES - 30% OFF,True,stiiizy-stiiizy-ready-to-use-vaporizer-1g-og-kush,https://d14jfwlo68bhyr.cloudfront.net/products/1782163423365-46921885-14bf-4643-82aa-50301874ea84.webp,,"The STIIIZY OG Kush [1G] Ready to Use Vaporizer is the definitive ""gas-forward"" solution for the user who demands peak potency and a legendary, ""skunky"" flavor profile. Utilizing a premium 90%+ THC distillate in the sleek and rechargeable LIIIL STIIIZY format, this device delivers a sensory journey characterized by pungent pine and jet fuel, finished with a smooth, earthy-lemon exhale. The effects are masterfully sedating, offering an immediate cerebral ""haze"" that melts away stress before settling into a weighted physical ease that anchors the body for total relaxation. Discrete, reliable, and incredibly ""loud,"" the OG Kush RTU provides a powerful, ""grab-and-go"" session that satisfies the palate with its ""Kush-inspired"" complexity and the mind with its trademark tranquil energy."
01951af4-12bf-7e5d-93bb-612cd98e6a73,STIIIZY,READY TO USE VAPORIZER [1G] ORANGE SUNSET,CARTRIDGE,1G,SATIVA,87.68%,0.17%,27.05,EVERYDAY DISCOUNT - STIIIZY – VAPES - 30% OFF,True,stiiizy-stiiizy-ready-to-use-vaporizer-1g-orange-sunset,https://d14jfwlo68bhyr.cloudfront.net/products/1781822021069-238db7ca-0b6a-4694-b1e6-5e7c327ed4f7.webp,,"The STIIIZY Orange Sunset [1G] Ready to Use Vaporizer is the definitive ""citrus-hybrid"" solution for the user who demands peak potency and a sophisticated, ""sun-drenched"" flavor profile. Utilizing a premium 90%+ THC distillate in the sleek and rechargeable LIIIL STIIIZY format, this device delivers a sensory journey characterized by tart tangerine and sweet cream, finished with a smooth, floral-berry exhale. The effects are masterfully uplifting, offering an immediate cerebral ""glow"" that boosts mood and focus before settling into a weightless physical ease that enhances productivity without heavy sedation. Discrete, reliable, and incredibly ""crisp,"" the Orange Sunset RTU provides a powerful, ""grab-and-go"" session that satisfies the palate with its ""island-inspired"" complexity and the mind with its trademark radiant energy."
01951af4-12cf-708d-acd5-098531cbd8f0,STIIIZY,READY TO USE VAPORIZER [1G] PREMIUM JACK,CARTRIDGE,1G,SATIVA,84.07%,0.25%,27.05,EVERYDAY DISCOUNT - STIIIZY – VAPES - 30% OFF,True,stiiizy-stiiizy-ready-to-use-vaporizer-1g-premium-jack,https://d14jfwlo68bhyr.cloudfront.net/products/1781822254155-88865a43-9369-41f8-91ef-66c8cd86a70f.webp,,"The STIIIZY Premium Jack [1G] Ready to Use Vaporizer is the definitive ""productivity"" solution for the user who demands peak potency and a legendary, ""botanical-forward"" flavor profile. Utilizing a premium 90%+ THC distillate in the sleek and rechargeable LIIIL STIIIZY format, this device delivers a sensory journey characterized by fresh pine needles and woody spice, finished with a smooth, peppery-lemon exhale. The effects are masterfully uplifting, offering an immediate cerebral ""jolt"" that boosts mood and focus before settling into a weightless physical ease that enhances productivity without any heavy sedation. Discrete, reliable, and incredibly ""bright,"" the Premium Jack RTU provides a powerful, ""grab-and-go"" session that satisfies the palate with its timeless complexity and the mind with its trademark radiant energy."
01951af4-12dd-7366-812b-65cd8d11fb52,STIIIZY,READY TO USE VAPORIZER [1G] SKYWALKER OG,CARTRIDGE,1G,INDICA,86.22%,0.28%,27.05,EVERYDAY DISCOUNT - STIIIZY – VAPES - 30% OFF,True,stiiizy-stiiizy-ready-to-use-vaporizer-1g-skywalker-og,https://d14jfwlo68bhyr.cloudfront.net/PT8wTQ0Zwt.webp,,"The STIIIZY Skywalker OG [1G] Ready to Use Vaporizer is the definitive ""gas-forward"" solution for the user who demands peak potency and a legendary, ""weighted"" physical high. Utilizing an ultra-refined 90%+ THC distillate in the sleek and rechargeable LIIIL STIIIZY format, this device delivers a sensory journey characterized by pungent diesel and fresh pine, finished with a smooth, earthy-spice exhale. The effects are masterfully sedating, offering an immediate cerebral ""haze"" that melts away mental stress before settling into a deep physical ease that anchors the body for total evening relaxation. Discrete, reliable, and incredibly ""loud,"" the Skywalker OG RTU provides a powerful, ""grab-and-go"" session that satisfies the palate with its savory complexity and the mind with its trademark tranquil energy."
01951af4-12e0-749f-9c9f-d8e8f4eed01d,STIIIZY,READY TO USE VAPORIZER [1G] SOUR DIESEL,CARTRIDGE,1G,SATIVA,85.93%,0.25%,27.05,EVERYDAY DISCOUNT - STIIIZY – VAPES - 30% OFF,True,stiiizy-stiiizy-ready-to-use-vaporizer-1g-sour-diesel,https://d14jfwlo68bhyr.cloudfront.net/sbm5So75vI.webp,,"The STIIIZY Sour Diesel [1G] Ready to Use Vaporizer is the definitive ""gas-forward"" solution for the user who demands peak potency and a legendary, ""high-octane"" flavor profile. Utilizing an ultra-refined 90% THC distillate in the sleek and rechargeable LIIIL STIIIZY format, this device delivers a sensory journey characterized by pungent diesel and tart lemon, finished with a smooth, earthy-pine exhale. The effects are masterfully uplifting, offering an immediate cerebral ""glow"" that boosts mood and focus before settling into a weightless physical ease that enhances productivity without any heavy sedation. Discrete, reliable, and incredibly ""loud,"" the Sour Diesel RTU provides a powerful, ""grab-and-go"" session that satisfies the palate with its savory complexity and the mind with its trademark radiant energy."
01951af4-12e4-7a77-80e0-68467ad070cc,STIIIZY,READY TO USE VAPORIZER [1G] STRAWBERRY COUGH,CARTRIDGE,1G,SATIVA,84.66%,0.28%,27.05,EVERYDAY DISCOUNT - STIIIZY – VAPES - 30% OFF,True,stiiizy-stiiizy-ready-to-use-vaporizer-1g-strawberry-cough,https://d14jfwlo68bhyr.cloudfront.net/products/1781822816447-7831dc16-a111-419d-8de9-1ce25e6dd1ad.webp,,"The STIIIZY Strawberry Cough [1G] Ready to Use Vaporizer is the definitive ""berry-Sativa"" solution for the user who demands peak potency and a legendary, ""fruit-forward"" flavor profile. Utilizing an ultra-refined 90% THC distillate in the sleek and rechargeable LIIIL STIIIZY format, this device delivers a sensory journey characterized by fresh strawberries and sweet cream, finished with a smooth, spicy-haze exhale. The effects are masterfully uplifting, offering an immediate cerebral ""glow"" that boosts mood and focus before settling into a weightless physical ease that enhances productivity without any heavy sedation. Discrete, reliable, and incredibly ""vibrant,"" the Strawberry Cough RTU provides a powerful, ""grab-and-go"" session that satisfies the palate with its natural complexity and the mind with its trademark radiant energy."
01951af4-12f7-7bbc-b878-24ee38058d8f,STIIIZY,READY TO USE VAPORIZER [1G] WATERMELON Z,CARTRIDGE,1G,INDICA,85.55%,0.21%,27.05,EVERYDAY DISCOUNT - STIIIZY – VAPES - 30% OFF,True,stiiizy-stiiizy-ready-to-use-vaporizer-1g-watermelon-z,https://d14jfwlo68bhyr.cloudfront.net/xlj3NXCHSG.webp,,"The STIIIZY Watermelon Z [1G] Ready to Use Vaporizer is the definitive ""candy-Indica"" solution for the user who demands peak potency and a sophisticated, ""sugar-forward"" flavor profile. Utilizing an ultra-refined 90% THC distillate in the iconic and discrete LIIIL STIIIZY format, this device delivers a sensory journey characterized by explosive watermelon and rainbow candy, finished with a smooth, floral-sugar exhale. The effects are masterfully sedating, offering an immediate cerebral ""haze"" that melts away mental stress before settling into a weighted physical ease that anchors the body for total evening relaxation. Reliable, sleek, and incredibly ""lush,"" the Watermelon Z RTU provides a powerful, ""grab-and-go"" session that satisfies the palate with its nostalgic complexity and the mind with its trademark tranquil energy."
01951af4-12f9-7052-a23f-c16d67da1f87,STIIIZY,READY TO USE VAPORIZER [1G] WHITE RASPBERRY,CARTRIDGE,1G,INDICA,83.16%,0.24%,27.05,EVERYDAY DISCOUNT - STIIIZY – VAPES - 30% OFF,True,stiiizy-stiiizy-ready-to-use-vaporizer-1g-white-raspberry,https://d14jfwlo68bhyr.cloudfront.net/GtNGTFrXp4.webp,,"The STIIIZY White Raspberry [1G] Ready to Use Vaporizer is the definitive ""creamy-Indica"" solution for the user who demands peak potency and a sophisticated, ""fruit-forward"" flavor profile. Utilizing an ultra-refined 90% THC distillate in the iconic and discrete LIIIL STIIIZY format, this device delivers a sensory journey characterized by tart red raspberries and white chocolate, finished with a smooth, vanilla-floral exhale. The effects are masterfully sedating, offering an immediate cerebral ""haze"" that melts away mental stress before settling into a weighted physical ease that anchors the body for total evening relaxation. Reliable, sleek, and incredibly ""velvety,"" the White Raspberry RTU provides a powerful, ""grab-and-go"" session that satisfies the palate with its natural complexity and the mind with its trademark tranquil energy."
019ecc41-77e1-74c3-98fe-c0739374ecdf,TERPWOODS,LIVE RESIN READY TO USE VAPORIZER [1G] MANGONADA BY CASA FLOR LIMITED EDITION - 1 G,CARTRIDGE,1G,HYBRID,73.06%,0.02%,70.05,,False,terpwoods-terpwoods-live-resin-ready-to-use-vaporizer-1g-mangonada-by-casa-flor-limited-edition,,,
019de56a-a8b7-7e57-8d83-bd69529ae387,TERPWOODS,LIVE RESIN READY TO USE VAPORIZOR [1G] CHOMSKY BY MOTLEY TERPZ - 1 G,CARTRIDGE,1G,HYBRID,82.31%,0.09%,48.05,,False,terpwoods-terpwoods-live-resin-ready-to-use-vaporizor-1g-chomsky-by-motley-terpz,https://d14jfwlo68bhyr.cloudfront.net/products/1778512445767-0751674c-2e42-4a50-b669-0a0fd1f94d1e.webp,,"This live resin vape cartridge from Terpwoods delivers bright citrus and herbal flavors with a smooth, terpene-rich inhale and crisp sweet finish. Perfect for daytime use, this sativa hybrid provides uplifting effects that make it ideal for cannabis enthusiasts seeking fresh, flavorful profiles and energizing experiences."
019de56a-a8b6-7664-8cb0-7f1a961b5668,TERPWOODS,LIVE RESIN READY TO USE VAPORIZOR [1G] MARRAKESH BY MOTLEY TERPZ - 1 G,CARTRIDGE,1G,HYBRID,81.60%,0.11%,48.05,,False,terpwoods-terpwoods-live-resin-ready-to-use-vaporizor-1g-marrakesh-by-motley-terpz,https://d14jfwlo68bhyr.cloudfront.net/products/1778512234690-a3d212bc-881e-435b-8d03-4bb3a37fa3eb.webp,,"This exotic Marrakesh hybrid live resin cartridge delivers warm spice and bright citrus flavors with a smooth, terpene-rich inhale that finishes with deep earthy notes. At 81.6% THC, this ready-to-use vaporizer from Terpwoods offers a bold, complex flavor profile perfect for cannabis connoisseurs seeking premium terpene experiences."
019de56a-a921-72cc-8a2c-e036be8a36fe,TERPWOODS,LIVE RESIN READY TO USE VAPORIZOR [1G] ORANGE TWIST BY CASA FLOR - 1 G,CARTRIDGE,1G,HYBRID,84.98%,,48.05,,False,terpwoods-terpwoods-live-resin-ready-to-use-vaporizor-1g-orange-twist-by-casa-flor,https://d14jfwlo68bhyr.cloudfront.net/products/1778512417262-de82a7b9-092e-4188-8e83-c02e959348ff.webp,,"This Terpwoods live resin vape cartridge delivers an explosive burst of citrus flavor with bright orange peel notes and a zesty, tangy finish that lingers on your palate. Perfect for daytime cannabis enthusiasts and flavor chasers who crave bold citrus profiles, this hybrid strain offers a smooth, flavorful vaping experience at 84.98% THC potency."
019de56a-a80a-7c5e-a85f-f2d889f9df7e,TERPWOODS,LIVE RESIN READY TO USE VAPORIZOR [1G] TROPICAL BY CASA FLOR - 1 G,CARTRIDGE,1G,HYBRID,73.76%,16.10%,48.05,,False,terpwoods-terpwoods-live-resin-ready-to-use-vaporizor-1g-tropical-by-casa-flor,https://d14jfwlo68bhyr.cloudfront.net/products/1778512268114-9c296d54-f369-44ad-807b-4b1e321e1993.webp,,"This live resin vape cartridge from Terpwoods delivers a burst of tropical fruit and sweet citrus flavors with smooth, sun-ripened inhale notes. Perfect for daytime use, this hybrid cannabis concentrate offers an uplifting experience that flavor chasers will love, with the convenience of a ready-to-use vaporizer format."
019de56a-a80c-7ae6-87db-8a54561262c1,TERPWOODS,LIVE ROSIN READY TO USE VAPORIZOR [1G] STRAWGUAVA BY PISTIL WHIP - 1 G,CARTRIDGE,1G,HYBRID,72.90%,0.14%,55.05,,False,terpwoods-terpwoods-live-rosin-ready-to-use-vaporizor-1g-strawguava-by-pistil-whip,https://d14jfwlo68bhyr.cloudfront.net/products/1778512351370-350dabed-e6a8-43c6-ab87-093e457c34e2.webp,,"This Terpwoods live rosin vape cartridge delivers the Strawguava hybrid strain with intense strawberry and tropical guava flavors that create a smooth, fruit-forward inhale. At 80% THC, this ready-to-use cannabis cartridge offers potent effects perfect for flavor chasers who want a sweet, tropical vaping experience. The terpene-rich profile lingers with bright, juicy notes that make this dispensary favorite ideal for those seeking premium concentrate with exceptional taste."
019de56a-a7bd-7476-bc02-f554d4b93e26,TERPWOODS,LIVE ROSIN READY TO USE VAPORIZOR [1G] Z BY PISTIL WHIP - 1 G,CARTRIDGE,1G,HYBRID,79.66%,,55.05,,False,terpwoods-terpwoods-live-rosin-ready-to-use-vaporizor-1g-z-by-pistil-whip,https://d14jfwlo68bhyr.cloudfront.net/products/1778512473710-9efe1aff-c6c3-44f7-bb01-7badd133b221.webp,,"This TERPWOODS live rosin vape cartridge delivers the Z by Pistil Whip hybrid strain with sweet tropical candy flavors and berry-earthy undertones at 79.7% THC. Perfect for daytime cannabis users seeking an uplifting, flavorful vaping experience with smooth, terpene-rich vapor and a bright finish."
019bbdd9-61dc-7ab2-8f93-16f6c6e042f3,TIMELESS,CARTRIDGE [1G] REST WEDDING CAKE - 1 G,CARTRIDGE,1G,INDICA,82.82%,0.19%,30.05,,False,timeless-timeless-cartridge-1g-rest-wedding-cake,https://d14jfwlo68bhyr.cloudfront.net/products/1774540250419-674b8409-aa50-4ea4-b55f-a9998e1df4f0.webp,,"This Timeless REST cartridge delivers Wedding Cake's signature sweet vanilla and earthy flavors in a convenient 510-thread vape format. The indica-dominant strain provides deep relaxation and calming effects, making it ideal for evening use when you want to unwind and prepare for restful sleep."
01951af3-dcd4-7949-8a91-06e1ae9ef64b,TIMELESS,CHILL CARTRIDGE [1G] PEACH DREAMS,CARTRIDGE,1G,HYBRID,83.40%,0.22%,30.05,,False,timeless-timeless-chill-cartridge-1g-peach-dreams,https://d14jfwlo68bhyr.cloudfront.net/IOol4gJuXa.webp,,"The TIMELESS - CHILL CARTRIDGE [1G] PEACH DREAMS is a high-potency Hybrid Distillate vape (typically 85%+ THC). It is renowned for its sweet and tart peach gummy candy flavor profile. This cartridge provides a balanced high that is dreamy, physically calming, and mentally uplifting, making it an excellent choice for functional stress relief, tranquil relaxation, and mood enhancement."
019bb312-2521-7997-9541-1a115da41d57,TIMELESS,ENERGY CARTRIDGE [1G] GREEN CRACK - 1 G,CARTRIDGE,1G,HYBRID,82.40%,0.20%,30.05,,False,timeless-timeless-energy-cartridge-1g-green-crack,https://d14jfwlo68bhyr.cloudfront.net/products/1774540007479-3e081074-68b6-4c88-abb5-6c5b3c432a81.webp,,"Elevate your day with this Green Crack hybrid cannabis vape cartridge. Offering a balanced, energizing experience, this full-spectrum extract delivers a smooth, flavorful vapor with notes of citrus and earth. Perfect for boosting creativity and focus during the day."
01a08d56-43e4-7f71-b0a6-4a6c556dfa0a,TIMELESS,FLASH - T1 READY TO USE VAPORIZER [1G] CHILL BLUE DREAM - 1 G,CARTRIDGE,1G,HYBRID,84.51%,0.19%,35.04,AG FLASH ,True,timeless-flash-timeless-t1-ready-to-use-vaporizer-1g-chill-blue-dream,,,
019da30b-63fc-766a-a85f-ad1117538c79,TIMELESS,NOIR CARTRIDGE [1G] MALAWI HAZE - 1 G,CARTRIDGE,1G,SATIVA,86.86%,0.21%,35.04,,False,timeless-timeless-noir-cartridge-1g-malawi-haze,https://d14jfwlo68bhyr.cloudfront.net/products/1776259442715-ce246763-189b-4e79-8a08-ad15ee67ed75.webp,,
019f4644-83f9-73aa-957b-3faa34510a48,TIMELESS,NOIR CARTRIDGE [1G] PASSION FRUIT BREATH - 1 G,CARTRIDGE,1G,,85.06%,0.20%,35.04,,False,timeless-timeless-noir-cartridge-1g-passion-fruit-breath,https://d14jfwlo68bhyr.cloudfront.net/products/1788951457471-35daca8d-4f4f-42bb-83a9-54b2f13f3156.webp,,"The Timeless Noir Passion Fruit Breath is a 1g 510-thread cannabis cartridge built for smooth, consistent draws with a tropical, fruit-forward flavor profile that lives up to its name. Timeless's Noir line is known for its refined oil quality, making this cartridge a go-to pick for vape fans who want a clean, flavorful cannabis experience on the go. Grab it at the dispensary or order ahead — this one's a solid everyday carry."
019cbeb3-8f56-784e-b9d1-592f22fc0b80,TIMELESS,NOIR T1 READY TO USE VAPORIZER [1G] DEADHEAD OG - 1 G,CARTRIDGE,1G,HYBRID,84.73%,0.31%,40.04,,False,timeless-timeless-noir-t1-ready-to-use-vaporizer-1g-deadhead-og,https://d14jfwlo68bhyr.cloudfront.net/products/1774540508302-22cec529-29d8-470c-898c-fb276fd82adf.webp,,"Elevate your vaping experience with the NOIR T1 Ready-to-Use Vaporizer from Timeless. This premium 1g cannabis cartridge features the hybrid Deadhead OG strain, delivering a balanced, full-spectrum effect perfect for any time of day. Savor its rich, earthy flavors as you enjoy the smooth, potent vapor."
019f4e45-447e-775e-bb83-29855f708b60,TIMELESS,NOIR T1 READY TO USE VAPORIZER [1G] EAST COAST SOUR DIESEL - 1 G,CARTRIDGE,1G,HYBRID,83.28%,0.20%,40.04,,False,timeless-timeless-noir-t1-ready-to-use-vaporizer-1g-east-coast-sour-diesel,https://d14jfwlo68bhyr.cloudfront.net/products/1788951494972-2f722d04-4310-4bd4-b924-51545866d9ad.webp,,"The Timeless Noir T1 in East Coast Sour Diesel is a ready-to-use hybrid cannabis vaporizer built for on-the-go convenience — no charging, no cartridge swapping, just pick it up and go. East Coast Sour Diesel is known for its sharp, fuel-forward aroma with tangy citrus undertones, delivering an energizing, clear-headed effect that works well for daytime use or staying social and focused. At 1g, this all-in-one vape from Timeless is a solid pick for cannabis consumers who want a familiar sativa-leaning hybrid experience in a sleek, no-fuss format."
019d5aba-22b6-7d60-ad7c-9e13a0486c50,TIMELESS,NOIR T1 READY TO USE VAPORIZER [1G] PLANET OF THE GRAPES - 1 G,CARTRIDGE,1G,HYBRID,86.03%,0.32%,40.04,,False,timeless-timeless-noir-t1-ready-to-use-vaporizer-1g-planet-of-the-grapes,https://d14jfwlo68bhyr.cloudfront.net/products/1774540551800-6ddc0325-0f29-409f-a182-8aecc263b07e.webp,,
019e99cd-6bbc-743a-bdd0-36df8c5e4c91,TIMELESS,T1 READY TO USE VAPORIZER [1G] CHILL HEADBAND - 1 G,CARTRIDGE,1G,INDICA,80.66%,0.21%,35.04,,False,timeless-timeless-t1-ready-to-use-vaporizer-1g-chill-headband,https://d14jfwlo68bhyr.cloudfront.net/products/1788951701179-a1713565-801e-487e-bdeb-879f0975b152.webp,,"The Timeless T1 Chill Headband is a ready-to-use indica cannabis vape cartridge loaded with 1g of high-potency oil sitting at roughly 81% THC — built for unwinding at the end of the day without any setup required. Headband's classic tension-melting, heavy-bodied effects come through cleanly, making this a go-to nighttime cartridge for stress relief and deep relaxation. Grab it at the dispensary or order online and let the Timeless T1 do the rest."
019d8d0d-f68d-7fa4-bbe0-0a7f0ac4701e,TIMELESS,T1 READY TO USE VAPORIZER [1G] ENERGY GREEN CRACK - 1 G,CARTRIDGE,1G,HYBRID,86.75%,0.17%,35.04,,False,timeless-timeless-t1-ready-to-use-vaporizer-1g-energy-green-crack,https://d14jfwlo68bhyr.cloudfront.net/products/1776979375887-be48c11a-7d15-41bf-84b2-b4ec80d86569.webp,,"This Timeless ready-to-use vape cartridge delivers Green Crack's signature energizing buzz with vibrant citrus and mango flavors balanced by earthy spice notes. Perfect for daytime use when you need focus and motivation, this hybrid strain keeps you sharp and productive without the crash."
019bebe7-674f-73c8-85a6-0071758d30f7,TIMELESS,T1 READY TO USE VAPORIZER [1G] ENERGY MAUI WOWIE - 1 G,CARTRIDGE,1G,HYBRID,82.71%,0.19%,35.04,,False,timeless-timeless-t1-ready-to-use-vaporizer-1g-energy-maui-wowie,https://d14jfwlo68bhyr.cloudfront.net/products/1774540767288-965702e2-3d57-4809-9d49-a494d97bff93.webp,,This Timeless T1 ready-to-use vape cartridge delivers the classic Maui Wowie hybrid strain in a convenient 1-gram format perfect for on-the-go cannabis consumption. The energizing effects make this THC vape ideal for daytime use when you want an uplifting boost without heavy sedation. Simply attach to any 510-thread battery and enjoy the smooth vapor production from this dispensary-quality concentrate cartridge.
019da30c-146a-7c4e-bf3d-4a8c1b6213d0,TIMELESS,T1 READY TO USE VAPORIZER [1G] REST WEDDING CAKE - 1 G,CARTRIDGE,1G,HYBRID,83.80%,0.28%,35.04,,False,timeless-timeless-t1-ready-to-use-vaporizer-1g-rest-wedding-cake,https://d14jfwlo68bhyr.cloudfront.net/products/1775055522070-5b0d0ee0-12c4-4b29-9766-c737d5de51c6.webp,,
01951af4-17d9-7118-9402-a6aec6564627,TURN,TURN DOWN BOTANICAL BLENDS POD [1G] MANGO X GUAVA,CARTRIDGE,1G,INDICA,86.45%,0.12%,25.05,THURSDAY – Q4 DAILY DEALS – TURN– CARTRIDGES,True,turn-turn-turn-down-botanical-blends-pod-1g-mango-x-guava,https://d14jfwlo68bhyr.cloudfront.net/products/1782919712122-c5ede623-fbcb-4c8b-aaae-5c22c16adf44.webp,,"This sneaky indica pod from TURN pulls you somewhere warm and faraway — think juicy mango blended with sweet tropical guava, smooth on the draw and rich in aroma from start to finish. The Mango x Guava cannabis vape pod delivers a calm, happy body settle with just enough of a gentle current to keep things easy and unhurried. A full gram of botanical blends distillate makes it a go-to for unwinding without fully checking out — perfect for a slow afternoon or a peaceful evening at your own pace."
01951af4-17d9-797a-9e31-eddf9d575e3e,TURN,TURN DOWN BOTANICAL BLENDS POD [1G] NEON NECTAR,CARTRIDGE,1G,INDICA,83.67%,0.13%,25.05,THURSDAY – Q4 DAILY DEALS – TURN– CARTRIDGES,True,turn-turn-turn-down-botanical-blends-pod-1g-neon-nectar,https://d14jfwlo68bhyr.cloudfront.net/products/1782919751571-72fc7aca-58d7-489d-8cd9-b52e28fbd0fa.webp,,"Neon Nectar from TURN is a fruit-forward indica cannabis pod cartridge that hits like biting into something pink — sweet nectar and tropical citrus with a smooth, aromatic finish on every draw. The 1G Turn Down Botanical Blends Pod delivers a balanced, alert high that keeps you physically motivated and mentally glowing, perfect for summer days, social hangs, or any midnight joyride you didn't plan for. Pick this one up at the dispensary when you want a flavorful vape that's worth every second of the wait."
01951af4-17e8-7856-a9b3-2710a78628e1,TURN,TURN DOWN BOTANICAL BLENDS READY TO USE VAPORIZER [1G] DRAGON FRUIT ACAI,CARTRIDGE,1G,INDICA,86.85%,0.19%,30.05,THURSDAY – Q4 DAILY DEALS – TURN– CARTRIDGES,True,turn-turn-turn-down-botanical-blends-ready-to-use-vaporizer-1g-dragon-fruit-acai,https://d14jfwlo68bhyr.cloudfront.net/uCx8hVoONz.webp,,"TURN – Turn Down Botanical Blends Ready-to-Use Vaporizer [1G] Dragon Fruit Acai: A 1-gram ready-to-use vaporizer crafted for smooth, flavorful draws, combining high-quality distillate with a curated terpene profile that highlights tropical dragon fruit notes complemented by tart, sweet acai undertones. Engineered for consistent vapor quality and effortless use with its integrated battery, the Dragon Fruit Acai vaporizer delivers a rich aromatic experience and a balanced, enjoyable session, making it a convenient and flavor-forward option for on-the-go vaping."
019e893e-abed-752a-a43d-bc7f6aa7d49c,TURN,TURN DOWN BOTANICAL BLENDS READY TO USE VAPORIZER [1G] KIWI STARFRUIT - 1 G,CARTRIDGE,1G,INDICA,86.17%,0.17%,30.05,THURSDAY – Q4 DAILY DEALS – TURN– CARTRIDGES,True,turn-turn-turn-down-botanical-blends-ready-to-use-vaporizer-1g-kiwi-starfruit,https://d14jfwlo68bhyr.cloudfront.net/products/1781880227946-9025c843-cc69-49d3-9900-749c97330ca1.webp,,"TURN's Kiwi Starfruit botanical blend vaporizer hits with a bright, electric snap of tropical kiwi and starfruit that feels solar-sweet and effervescent from the first draw. This ready-to-use hybrid cannabis cartridge delivers a cosmic, uplifting feel — the kind that charges your senses without weighing you down, making it a solid pick for creative sessions or social hangs. A 1g dispensary-ready vape built for those who want bold flavor and a light, drifting hybrid ride."
01951af4-17ee-7236-8a44-38596c60107c,TURN,TURN DOWN BOTANICAL BLENDS READY TO USE VAPORIZER [1G] MANGO X GUAVA,CARTRIDGE,1G,HYBRID,85.04%,0.17%,30.05,THURSDAY – Q4 DAILY DEALS – TURN– CARTRIDGES,True,turn-turn-turn-down-botanical-blends-ready-to-use-vaporizer-1g-mango-x-guava,https://d14jfwlo68bhyr.cloudfront.net/pbSN4S8mlF.webp,,"TURN – Turn Down Botanical Blends Ready-to-Use Vaporizer [1G] Mango x Guava: A 1-gram ready-to-use vaporizer crafted for smooth, flavorful draws, combining high-quality distillate with a curated terpene profile that showcases juicy mango notes layered with sweet, tropical guava undertones. Designed for consistent vapor quality and effortless use with its integrated battery, the Mango x Guava vaporizer delivers a rich aromatic experience and a balanced, enjoyable session, making it a convenient and flavor-forward option for on-the-go vaping."
01951af4-17f3-738a-9aef-acc974b457f6,TURN,TURN DOWN BOTANICAL BLENDS READY TO USE VAPORIZER [1G] WATERMELON SUGAR HIGH,CARTRIDGE,1G,INDICA,87.21%,0.17%,30.05,THURSDAY – Q4 DAILY DEALS – TURN– CARTRIDGES,True,turn-turn-turn-down-botanical-blends-ready-to-use-vaporizer-1g-watermelon-sugar-high,https://d14jfwlo68bhyr.cloudfront.net/Xsb7lx1qYb.webp,,"TURN – Turn Down Botanical Blends Ready-to-Use Vaporizer [1G] Watermelon Sugar High: A 1-gram ready-to-use vaporizer crafted for smooth, flavorful draws, combining high-quality distillate with a curated terpene profile that highlights juicy watermelon sweetness accented by light, candy-like undertones. Designed for consistent vapor quality and effortless use with its integrated battery, the Watermelon Sugar High vaporizer delivers a refreshing aromatic experience and a balanced, enjoyable session, making it a convenient and flavor-forward option for on-the-go vaping."
01951af4-17f9-75d2-8c5b-b590c022ec84,TURN,TURN DOWN LIVE RESIN POD [1G] MODIFIED GRAPES - 1 G,CARTRIDGE,1G,HYBRID,83.40%,0.18%,40.04,THURSDAY – Q4 DAILY DEALS – TURN– CARTRIDGES,True,turn-turn-turn-down-live-resin-pod-1g-modified-grapes,https://d14jfwlo68bhyr.cloudfront.net/products/1782918622406-2caeff3e-6e5b-4e0d-8182-db0cc20e22e3.webp,,"TURN – Turn Down Live Resin Pod [1G] Modified Grapes: A 1-gram live resin pod crafted for smooth, flavorful draws, combining high-quality live resin with a curated terpene profile that highlights sweet, juicy grape notes balanced with subtle earthy and herbal undertones. Designed for consistent vapor quality and effortless use with compatible pod devices, the Modified Grapes pod delivers a rich aromatic experience and a balanced, enjoyable session, making it a convenient and flavor-forward option for on-the-go vaping."
019e22ba-2153-7c14-9f86-d8554bd3e71d,TURN,TURN DOWN LIVE RESIN POD [1G] STRAWBERRY SHORTCAKE - 1 G,CARTRIDGE,1G,INDICA,73.85%,0.31%,40.04,THURSDAY – Q4 DAILY DEALS – TURN– CARTRIDGES,True,turn-turn-turn-down-live-resin-pod-1g-strawberry-shortcake,,,
019f6ad9-7090-7a54-8a37-2c4738de8a72,TURN,TURN DOWN LIVE RESIN READY TO USE VAPORIZER [1G] DONNIE BURGER - 1 G,CARTRIDGE,1G,INDICA,81.92%,0.22%,45.05,THURSDAY – Q4 DAILY DEALS – TURN– CARTRIDGES,True,turn-turn-turn-down-live-resin-ready-to-use-vaporizer-1g-donnie-burger,https://d14jfwlo68bhyr.cloudfront.net/products/1787153768839-610c96ae-abf2-471b-b551-ba86f9acf313.webp,,"TURN's Donnie Burger live resin vape delivers the doughy, savory-sweet gas that made this Donny Burger x Nana Glue cross a cult favorite — think banana bread meets fuel, smooth and rich from the first draw. At 81.9% THC, this ready-to-use cannabis vaporizer hits with the kind of steady, grounding weight you'd expect from a heavy indica-leaning strain. It's a wind-down vape built for evenings when you want to sink in and stay a while."
019f6ad8-8180-77ce-b976-ddd44dff62eb,TURN,TURN DOWN LIVE RESIN READY TO USE VAPORIZER [1G] GRAPE DOSI - 1 G,CARTRIDGE,1G,,85.38%,0.21%,45.05,THURSDAY – Q4 DAILY DEALS – TURN– CARTRIDGES,True,turn-turn-turn-down-live-resin-ready-to-use-vaporizer-1g-grape-dosi,https://d14jfwlo68bhyr.cloudfront.net/products/1787153822043-7180f2a4-4b40-4834-99fe-2752ccb49d74.webp,,"TURN's Grape Dosi live resin vaporizer pulls from the Do-Si-Dos x Grape Pie lineage to deliver a deep, dank berry flavor with a sweetness that lingers like the last light over a Napa vineyard. This ready-to-use 1g cannabis cartridge hits slow and settles heavy — the kind of indica-leaning experience that has you slipping quietly off to your own corner of the evening with a little mischief on your mind. Grab it from the dispensary menu when you're done pretending the night is still young."
019dbb27-8bbf-72be-9db8-69f0a99a596a,TURN,TURN UP BOTANICAL BLENDS POD [1G] BLACKBERRY BURST - 1 G,CARTRIDGE,1G,HYBRID,83.84%,0.14%,25.05,THURSDAY – Q4 DAILY DEALS – TURN– CARTRIDGES,True,turn-turn-turn-up-botanical-blends-pod-1g-blackberry-burst,https://d14jfwlo68bhyr.cloudfront.net/products/1780060198606-dfd88546-c5e5-4f54-906a-66376fa980ff.webp,,"This TURN hybrid vape pod delivers sweet blackberry flavor with 84.8% THC for a potent, dreamlike experience perfect for unwinding after dark. The Blackberry Burst strain creates a magical, nostalgic high that transforms ordinary evenings into enchanted adventures."
01951af4-1813-7c49-bf3a-a4bc6f51384e,TURN,TURN UP BOTANICAL BLENDS READY TO USE VAPORIZER [1G] BLUE DREAM,CARTRIDGE,1G,SATIVA,86.11%,0.21%,30.05,THURSDAY – Q4 DAILY DEALS – TURN– CARTRIDGES,True,turn-turn-turn-up-botanical-blends-ready-to-use-vaporizer-1g-blue-dream,https://d14jfwlo68bhyr.cloudfront.net/Ru6z7gzQLe.webp,,"TURN – Turn Up Botanical Blends Ready-to-Use Vaporizer [1G] Blue Dream: A 1-gram ready-to-use botanical blends vaporizer crafted for smooth, flavorful draws, combining high-quality distillate with a curated terpene profile that highlights sweet blueberry notes complemented by subtle earthy and herbal undertones. Designed for consistent vapor quality and effortless use with its integrated battery, the Blue Dream vaporizer delivers a rich aromatic experience and a balanced, enjoyable session, making it a convenient and flavor-forward option for on-the-go vaping."
0197a857-3956-73bf-b6ba-aedb62c6c79e,TURN,TURN UP BOTANICAL BLENDS READY TO USE VAPORIZER [1G] MAGIC MELON - 1 G,CARTRIDGE,1G,HYBRID,86.65%,0.25%,30.05,THURSDAY – Q4 DAILY DEALS – TURN– CARTRIDGES,True,turn-turn-turn-up-botanical-blends-ready-to-use-vaporizer-1g-magic-melon,https://d14jfwlo68bhyr.cloudfront.net/banners/1762378064468-30f0f2ea-24a1-4971-8592-932f83925be1.webp,,"TURN – Turn Up Botanical Blends Ready-to-Use Vaporizer [1G] Magic Melon: A 1-gram ready-to-use botanical blends vaporizer crafted for smooth, flavorful draws, combining high-quality distillate with a curated terpene profile that highlights sweet, juicy melon notes complemented by subtle tropical undertones. Engineered for consistent vapor quality and effortless use with its integrated battery, the Magic Melon vaporizer delivers a vibrant aromatic experience and a balanced, enjoyable session, making it a convenient and flavor-forward option for on-the-go vaping."
019e8459-2ebf-7307-a7d2-731336988964,TURN,TURN UP BOTANICAL BLENDS READY TO USE VAPORIZER [1G] PINEAPPLE EXPRESS - 1 G,CARTRIDGE,1G,SATIVA,86.36%,0.25%,30.05,THURSDAY – Q4 DAILY DEALS – TURN– CARTRIDGES,True,turn-turn-turn-up-botanical-blends-ready-to-use-vaporizer-1g-pineapple-express,https://d14jfwlo68bhyr.cloudfront.net/products/1780933665477-8bc30a7e-0110-4674-bdfa-f791ce0e96cb.webp,,"This TURN sativa cartridge delivers the legendary Pineapple Express strain's energizing buzz that sparks spontaneous adventures and uncontrollable giggles. You'll find yourself riding waves of creative euphoria and social confidence, perfect for those moments when you want to embrace the chaos and see where the day takes you. The botanical blend offers smooth hits with tropical sweetness that matches the strain's adventurous spirit."
01951af4-181b-7dd4-91a5-a523610ea359,TURN,TURN UP BOTANICAL BLENDS READY TO USE VAPORIZER [1G] STRAWBERRY HAZE,CARTRIDGE,1G,HYBRID,85.97%,0.27%,30.05,THURSDAY – Q4 DAILY DEALS – TURN– CARTRIDGES,True,turn-turn-turn-up-botanical-blends-ready-to-use-vaporizer-1g-strawberry-haze,https://d14jfwlo68bhyr.cloudfront.net/kEPeRFcr5V.webp,,"TURN – Turn Up Botanical Blends Ready-to-Use Vaporizer [1G] Strawberry Haze: A 1-gram ready-to-use botanical blends vaporizer crafted for smooth, flavorful draws, combining high-quality distillate with a curated terpene profile that highlights sweet, ripe strawberry notes balanced with subtle earthy and herbal undertones. Engineered for consistent vapor quality and effortless use with its integrated battery, the Strawberry Haze vaporizer delivers a rich aromatic experience and a balanced, enjoyable session, making it a convenient and flavor-forward option for on-the-go vaping."
019f1850-45b0-7f51-bc41-4450f6d739d2,TURN,TURN UP LIVE RESIN POD [1G] PURPLE QUEEN - 1 G,CARTRIDGE,1G,HYBRID,77.11%,0.26%,40.04,THURSDAY – Q4 DAILY DEALS – TURN– CARTRIDGES,True,turn-turn-turn-up-live-resin-pod-1g-purple-queen,https://d14jfwlo68bhyr.cloudfront.net/products/1787154169554-68bcdb20-0b86-42c5-81c5-a58270f70ecd.webp,,"Purple Queen is a sativa that reigns from a Thailand landrace x Skunk descendant, delivering a regal lift wrapped in velvety calm and classic Kush clarity. Smooth, bright, and quietly commanding, it’s a crown-on moment built for sunsets, open roads, and feeling like pure royalty."
01a03342-76f2-752d-bd7d-d5bf7380f335,TURN,TURN UP LIVE RESIN POD [1G] WHITE WIDOW - 1 G,CARTRIDGE,1G,,84.78%,0.24%,40.04,THURSDAY – Q4 DAILY DEALS – TURN– CARTRIDGES,True,turn-turn-turn-up-live-resin-pod-1g-white-widow,,,
019fb99b-41a5-748e-bd8c-5ec86df0dfbf,TURN,TURN UP LIVE RESIN READY TO USE VAPORIZER [1G] SUPER LEMON HAZE - 1 G,CARTRIDGE,1G,SATIVA,76.87%,0.27%,45.05,THURSDAY – Q4 DAILY DEALS – TURN– CARTRIDGES,True,turn-turn-turn-up-live-resin-ready-to-use-vaporizer-1g-super-lemon-haze,https://d14jfwlo68bhyr.cloudfront.net/products/1787154265431-b8531470-01e3-4d76-9dd3-f0f098a56bf8.webp,,"Bright, tart lemon-lime hits your lips the second you pull from this TURN live resin vape — Super Lemon Haze in a 1g ready-to-use cartridge, built for the sativa crowd that wants energy with flavor. The live resin extraction keeps the citrus loud and the sativa buzz buzzing, making it the right call for outdoor hangs, loud company, and anywhere the sun's out too long. Grab this one from the dispensary when you need a cannabis vape that actually tastes like something."
01951af3-dd91-7f5d-acdc-181aed3f3d00,BIG PETE'S,COOKIES 10PK [100MG] 2:1 THC:CBN SLEEPYTIME CHOCOLATE CHIP,EDIBLE,100MG,INDICA,0.08%,,20.05,,False,big-petes-big-petes-cookies-10pk-100mg-21-thccbn-sleepytime-chocolate-chip,https://d1hhy58mqsa6c3.cloudfront.net/916928a7-444e-4ad3-bfd0-b799e8385e4d/bd5ba0d9-b1fd-4b1a-a1a4-5a72b2731d7f,,"These indica-dominant chocolate chip cookies from Big Pete's combine 100mg THC with CBN in a 2:1 ratio, delivering sweet flavors and deeply relaxing effects perfect for nighttime use. Each 10-pack of cannabis edibles provides euphoric relief that transitions into sleepy, restful relaxation. The THC:CBN blend makes these cookies ideal for unwinding after a long day or preparing for quality sleep."
01966e0e-fa84-7b7a-a517-a860d86dc48c,BIG PETE'S,CRISPY MARSHMELLOW TREAT [100MG] FRUITY BLAST INDICA - 100 MG,EDIBLE,100MG,INDICA,0.15%,,18.05,,False,big-petes-big-petes-crispy-marshmellow-treat-100mg-fruity-blast-indica,https://d1hhy58mqsa6c3.cloudfront.net/916928a7-444e-4ad3-bfd0-b799e8385e4d/32342f89-106e-4ede-a983-2b4d28d3b972,,"This indica-dominant cannabis edible delivers 100mg of THC in a soft, crispy marshmallow treat with sweet fruity flavors that mask any harsh cannabis taste. Perfect for evening relaxation, this Big Pete's baked good provides euphoric relief that transitions into deep body relaxation and sleepy effects. Ideal for stress relief and winding down after a long day."
01966e0b-0969-7b05-bb38-eeb2e99b346e,BIG PETE'S,CRISPY MARSHMELLOW TREAT [100MG] ORIGINAL - 100 MG,EDIBLE,100MG,INDICA,0.15%,,18.05,,False,big-petes-big-petes-crispy-marshmellow-treat-100mg-original,https://d1hhy58mqsa6c3.cloudfront.net/916928a7-444e-4ad3-bfd0-b799e8385e4d/18bfe3c5-6618-4ba8-a73f-26db53e135f3,,"This indica-dominant cannabis edible delivers 100mg of THC in a sweet, nostalgic crispy marshmallow treat that brings euphoric relief followed by deep relaxation. Big Pete's baked good offers potent, long-lasting effects perfect for evening wind-down, with consistent dosing that transitions from initial euphoria to peaceful sleepiness."
01951af3-f395-7c6c-b72d-9959bca07143,CAMINO,GUMMIES 20PK [100MG] 1:1 THC:CBD BALANCE MANGO SERENITY,EDIBLE,100MG,HYBRID,0.13%,0.13%,20.05,,False,camino-camino-gummies-20pk-100mg-11-thccbd-balance-mango-serenity,https://d14jfwlo68bhyr.cloudfront.net/YibGdQMubn.webp,,"Enjoy a delightful balance of THC and CBD with these mango-flavored Camino gummies. The 1:1 ratio provides a smooth, relaxing experience perfect for unwinding after a long day. Each 20-pack contains 100mg of hybrid cannabis, delivering a gentle, soothing effect."
01951af3-f3aa-7ef3-a164-3b237d85aef7,CAMINO,GUMMIES 20PK [100MG] 1:2 THC:CBG RECOVERY FRESHLY SQUEEZED,EDIBLE,100MG,HYBRID,0.14%,,20.05,,False,camino-camino-gummies-20pk-100mg-12-thccbg-recovery-freshly-squeezed,https://d14jfwlo68bhyr.cloudfront.net/7WeGlPl1Th.webp,,These Camino Recovery gummies deliver 100mg THC with a unique 1:2 THC:CBG ratio designed for post-workout relief and muscle recovery. Each pack contains 20 Freshly Squeezed flavored gummies that combine the relaxing properties of this hybrid cannabis edible with CBG's potential recovery benefits. Perfect for unwinding after physical activity or managing everyday stress with a citrusy twist.
01951af3-f3b1-718a-9d79-cf94ddd334b2,CAMINO,GUMMIES 20PK [100MG] 5:1 THC:CBN SLEEP MIDNIGHT BLUEBERRY,EDIBLE,100MG,INDICA,0.15%,,20.05,,False,camino-camino-gummies-20pk-100mg-51-thccbn-sleep-midnight-blueberry,https://d14jfwlo68bhyr.cloudfront.net/i5pe3UimS5.webp,,"These Camino Midnight Blueberry gummies combine 5mg THC with 1mg CBN per piece, enhanced with chamomile and lavender oils for the ultimate nighttime cannabis edible experience. The indica-leaning formula delivers sweet blueberry flavor while the THC:CBN ratio promotes deep, restful sleep. Perfect for winding down after a long day, this 20-pack of sleep gummies helps quiet your mind and prepare your body for quality rest."
01951af3-f3a4-7420-b750-539f209966fa,CAMINO,GUMMIES 20PK [100MG] 5:5:5 THC:CBC:CBG EXHILARATE WILD CHERRY - 100 MG - 20 PACK,EDIBLE,100MG,HYBRID,0.14%,,20.05,,False,camino-camino-gummies-20pk-100mg-555-thccbccbg-exhilarate-wild-cherry,https://d1hhy58mqsa6c3.cloudfront.net/916928a7-444e-4ad3-bfd0-b799e8385e4d/b029dae0-79e4-4f54-9aed-4b9c0ef896f7,,"These Camino hybrid cannabis gummies deliver a unique 5:5:5 ratio of THC, CBC, and CBG cannabinoids for a balanced experience that's both uplifting and calming. With sweet wild cherry flavor and 5mg per gummy, you'll feel euphoric and focused while staying relaxed—perfect for creative projects or social situations. The 100mg total THC across 20 gummies makes this edible ideal for both new and experienced cannabis users seeking mood enhancement with functional benefits."
01951af3-f39a-73d3-9b5c-744a97b7b4a2,CAMINO,GUMMIES 20PK [100MG] BLISS WATERMELON LEMONADE,EDIBLE,100MG,HYBRID,0.13%,,18.05,,False,camino-camino-gummies-20pk-100mg-bliss-watermelon-lemonade,https://d14jfwlo68bhyr.cloudfront.net/fAl9vaL3Vz.webp,,"These Camino Watermelon Lemonade hybrid gummies deliver a perfect balance of relaxation and euphoria with 5mg THC per piece in a convenient 20-pack. The juicy watermelon and tart citrus flavors create a refreshing taste that makes dosing enjoyable, while the blend of sativa and indica terpenes provides a well-rounded cannabis experience. Ideal for social gatherings or unwinding after a long day, these gummies offer precise dosing control for both new and experienced users."
01951af3-f39f-73b0-a9f4-d9a6e4ab8cb2,CAMINO,GUMMIES 20PK [100MG] CHILL WILD BERRY,EDIBLE,100MG,INDICA,0.14%,,18.05,,False,camino-camino-gummies-20pk-100mg-chill-wild-berry,https://d14jfwlo68bhyr.cloudfront.net/ipiSF29WuK.webp,,"These Camino Chill gummies deliver 5mg of relaxing indica-dominant THC per piece in a juicy wild berry flavor that makes unwinding delicious. With 20 precisely dosed gummies per pack totaling 100mg THC, you get consistent, long-lasting relaxation perfect for evening stress relief or a restful night's sleep."
01951af3-f3b3-71b0-a776-108aab9ba4ce,CAMINO,GUMMIES 20PK [100MG] UPLIFTING PINEAPPLE HABANERO,EDIBLE,100MG,SATIVA,0.14%,,18.05,,False,camino-camino-gummies-20pk-100mg-uplifting-pineapple-habanero,https://d14jfwlo68bhyr.cloudfront.net/W3ayxDZwJY.webp,,"Uplift your day with these 20-pack of sativa-dominant Camino Gummies infused with a zesty pineapple habanero flavor. Experience a euphoric, energizing high from the 100mg of THC in each gummy."
01951af3-f3b2-7858-8e9c-ba80b392485f,CAMINO,GUMMIES 20PK [40MG] 3:1 CBD:THC SOCIAL SPARKLING PEAR,EDIBLE,40MG,CBD,0.05%,0.17%,20.05,,False,camino-camino-gummies-20pk-40mg-31-cbdthc-social-sparkling-pear,https://d14jfwlo68bhyr.cloudfront.net/ui5dBmXZyq.webp,,"These CBD-dominant cannabis gummies deliver a balanced 3:1 CBD to THC ratio with sparkling pear flavor, creating a euphoric yet clear-headed experience perfect for social situations. Each 20-pack contains 2mg per gummy (40mg total THC, 120mg total CBD), offering gentle relaxation without anxiety or heavy sedation. Ideal for daytime use when you want to stay social and engaged while enjoying the calming benefits of full-spectrum cannabis edibles."
01951af4-1586-7250-add5-46a1fe11cf7d,CAMINO,SOURS GUMMIES 10PK BALANCE [100MG] 1:1 THC:CBD ORCHARD PEACH,EDIBLE,100MG,HYBRID,0.27%,0.27%,20.05,,False,camino-camino-sours-gummies-10pk-balance-100mg-11-thccbd-orchard-peach,https://d14jfwlo68bhyr.cloudfront.net/banners/1772037135605-1fcd627e-ae9e-4e48-9910-bcc59a546784.webp,,"These balanced 1:1 THC:CBD sour gummies deliver 10mg of each cannabinoid per piece with sweet orchard peach flavor and a tangy sour coating. The equal ratio of THC and CBD provides gentle, clear-headed effects perfect for daytime balance or evening relaxation without overwhelming psychoactivity. Each 10-pack contains 100mg total cannabinoids, making it easy to find your ideal dose with Camino's precisely crafted hybrid edibles."
01951af4-1591-767b-b2a1-cd7087084ff9,CAMINO,SOURS GUMMIES 10PK [100MG] 1:1:1 THC:CBD:CBN SLEEP BLACKBERRY DREAM,EDIBLE,100MG,INDICA,0.26%,0.27%,20.05,,False,camino-camino-sours-gummies-10pk-100mg-111-thccbdcbn-sleep-blackberry-dream,https://d14jfwlo68bhyr.cloudfront.net/D59M1bYRgL.webp,,"These Blackberry Dream sour gummies from Camino deliver a perfectly balanced 1:1:1 ratio of THC, CBD, and CBN at 10mg per piece, designed specifically for nighttime relaxation and sleep support. The tart blackberry flavor paired with the calming indica-leaning hybrid effects makes these cannabis edibles ideal for winding down after a long day. Each 10-pack contains 100mg total cannabinoids, giving you precise control over your dosing for a restful night's sleep."
01951af4-158d-7735-a1be-d264bc79edba,CAMINO,SOURS GUMMIES 10PK [100MG] 2:1 THC:THCV ENERGY TROPICAL BURST,EDIBLE,100MG,SATIVA,0.26%,,20.05,,False,camino-camino-sours-gummies-10pk-100mg-21-thcthcv-energy-tropical-burst,https://d14jfwlo68bhyr.cloudfront.net/nTFuPoE9UH.webp,,These CAMINO sours gummies deliver an energizing 2:1 THC:THCV ratio with tropical burst flavor in convenient 10mg doses. The sativa-leaning cannabinoid blend promotes focus and creativity while the tangy sour coating provides a delicious way to microdose throughout your day. Perfect for daytime use when you want sustained energy without the crash.
01951af4-1589-7f2a-87e4-9d868bd1eb5d,CAMINO,SOURS GUMMIES 10PK [100MG] BLISS RASPBERRY LEMONADE,EDIBLE,100MG,HYBRID,0.26%,,18.05,,False,camino-camino-sours-gummies-10pk-100mg-bliss-raspberry-lemonade,https://d14jfwlo68bhyr.cloudfront.net/2CJMXEnFaA.webp,,"These tangy-sweet Camino Sours gummies deliver 10mg THC per piece with bright raspberry lemonade flavor that balances tart and fruity notes perfectly. The hybrid effects from this cannabis edible provide a balanced experience that's ideal for social settings or creative activities. Each 10-pack contains 100mg total THC, making it easy to find your perfect dose with these premium sour gummies from your local dispensary."
01951af4-158b-7505-83d4-1aa4d0d80c83,CAMINO,SOURS GUMMIES 10PK [100MG] CHILL STRAWBERRY SUNSET,EDIBLE,100MG,INDICA,0.26%,,18.05,,False,camino-camino-sours-gummies-10pk-100mg-chill-strawberry-sunset,https://d14jfwlo68bhyr.cloudfront.net/ssqChIsqoJ.webp,,"These tangy sour gummies deliver the relaxing indica effects of Strawberry Sunset strain in convenient 10mg doses, perfect for unwinding after a long day. Each 10-pack contains 100mg total THC, offering a sweet strawberry flavor with a sour twist that makes dosing both precise and enjoyable. Ideal for evening relaxation or when you need to chill out and let stress melt away."
01951af4-1592-70b8-8f89-99052ef0f602,CAMINO,SOURS GUMMIES 10PK [100MG] UPLIFTING WATERMELON SPRITZ,EDIBLE,100MG,SATIVA,0.27%,,18.05,,False,camino-camino-sours-gummies-10pk-100mg-uplifting-watermelon-spritz,https://d14jfwlo68bhyr.cloudfront.net/C5G41seusW.webp,,"These sativa-like Camino Sours gummies deliver energizing effects with juicy watermelon flavor in a tangy, refreshing format. At 10mg THC per gummy, they're perfect for daytime socializing or when you want an uplifting boost that leaves you feeling refreshingly enlivened. Crafted with custom terpene blends, these cannabis edibles provide a tailored experience that's ideal for staying active and engaged."
01a044cf-69fe-7de1-bdca-5d821c6bb339,DROPS,LIVE ROSIN GUMMY 2PK [100MG] 1:1:1 THC:CBN:CBD BLACK CURRANT - 100 MG - 2 PACK,EDIBLE,100MG,INDICA,0.82%,0.81%,10.05,,False,drops-drops-live-rosin-gummy-2pk-100mg-111-thccbncbd-black-currant,https://d14jfwlo68bhyr.cloudfront.net/products/1788952982627-781c5ccb-4cbe-41e1-8e90-9abeecc351af.webp,,"Drops' Black Currant Live Rosin Gummies deliver a balanced 1:1:1 ratio of THC, CBN, and CBD — 100mg total across two gummies — making this indica cannabis edible a go-to for winding down without going overboard on any single cannabinoid. The CBN addition leans into the relaxing, sleep-friendly profile you'd expect from an indica, while the live rosin base brings a cleaner, more full-spectrum cannabis experience than distillate-based gummies. Rich black currant flavor keeps things tasting like a treat, not a supplement."
01951af4-03bd-7859-a4d9-6702cb9353b3,DROPS,LIVE ROSIN GUMMY 2PK [100MG] 1:2 THC:CBD BLACKBERRY,EDIBLE,100MG,INDICA,0.81%,1.72%,10.05,,False,drops-drops-live-rosin-gummy-2pk-100mg-12-thccbd-blackberry,https://d14jfwlo68bhyr.cloudfront.net/YdHA90Qreb.webp,,"Unwind with this 1:2 THC:CBD live rosin gummy in a delightful blackberry flavor. The balanced indica effects provide a relaxing experience, perfect for unwinding after a long day. Savor the rich, fruity taste as this high-potency edible melts in your mouth."
01951af4-03ca-751c-8608-00dfa32ab932,DROPS,LIVE ROSIN GUMMY 2PK [100MG] LEMON - 100 MG,EDIBLE,100MG,SATIVA,0.80%,0.00%,10.05,,False,drops-drops-live-rosin-gummy-2pk-100mg-lemon,https://d1hhy58mqsa6c3.cloudfront.net/916928a7-444e-4ad3-bfd0-b799e8385e4d/f814ba9e-73ed-4a8d-84ac-60f7c5ac496a,,"Enjoy a burst of lemon-flavored bliss with this sativa-dominant DROPS Live Rosin Gummy. Infused with 100mg of full-spectrum cannabis extract, this potent edible delivers a uplifting, energetic experience perfect for daytime use. The natural terpene profile provides a tangy, citrus aroma and flavor, complementing the smooth, potent effects."
0199c11f-6cb3-7211-9af7-39d6f353228e,DROPS,LIVE ROSIN GUMMY 2PK [100MG] LIME X CRUSH MINTZ - 100 MG - 2 PACK,EDIBLE,100MG,HYBRID,0.87%,,10.05,,False,drops-drops-live-rosin-gummy-2pk-100mg-lime-x-crush-mintz,https://d14jfwlo68bhyr.cloudfront.net/products/1788953414030-7b42ca1e-b31f-4e44-9da0-f39d76af1261.webp,,"Indulge in a delightful hybrid experience with the DROPS Live Rosin Gummy Single [100mg] Lime x Crush Mintz. This 100mg cannabis-infused gummy offers a balanced blend of uplifting and relaxing effects, perfect for daytime or social use. Savor the refreshing lime flavor and enjoy the full-spectrum benefits of the live rosin extract."
01951af4-03d4-7b3a-871e-053b695ccbef,DROPS,LIVE ROSIN GUMMY 2PK [100MG] STRAWBERRY - 100 MG,EDIBLE,100MG,HYBRID,0.86%,0.01%,10.05,,False,drops-drops-live-rosin-gummy-2pk-100mg-strawberry,https://d14jfwlo68bhyr.cloudfront.net/products/1788953482194-f5bc5d0e-f198-4e2f-b575-5d38ba603d1a.webp,,"The Drops Live Rosin Gummy Single is a 100mg hybrid cannabis edible made with real live rosin extract, delivering a smooth, balanced effect that works well for unwinding or socializing without leaning too heavy in either direction. Each strawberry gummy offers a bright, fruity flavor with the clean, full-spectrum potency you'd expect from a live rosin process. A solid single-serve option for edible fans looking for consistent THC dosing from a trusted dispensary brand."
01951af4-03d5-7a5f-b95b-7ea4730c8839,DROPS,LIVE ROSIN GUMMY 2PK [100MG] WATERMELON,EDIBLE,100MG,INDICA,0.86%,0.00%,10.05,,False,drops-drops-live-rosin-gummy-2pk-100mg-watermelon,https://d14jfwlo68bhyr.cloudfront.net/C1JZzYFdhY.webp,,"DROPS brings you WATERMELON with a indica twist in their LIVE ROSIN GUMMY 2PK [100MG] WATERMELON. Dive into this remarkable edible that’s perfectly crafted for a smooth experience. Packaged conveniently in 100 mg, it's an ideal choice for those who appreciate quality."
01951af3-dd1f-7431-801a-94faf2df65ae,EMERALD SKY,CLASSIC GUMMIES 10PK [100MG] 10:2:4 GOODNIGHT GRAPE SLEEP - 100 MG - 10 PACK,EDIBLE,100MG,INDICA,0.24%,0.04%,11.05,,False,emerald-sky-emerald-sky-classic-gummies-10pk-100mg-1024-goodnight-grape-sleep,https://d1hhy58mqsa6c3.cloudfront.net/916928a7-444e-4ad3-bfd0-b799e8385e4d/bd24a4f5-76bb-484d-bd36-67fd6a08e057,,"Goodnight Grape is infused with THC, CBD, and CBN, this grape-flavored gummy is designed to help users relax into a peaceful night’s sleep, combining flavors and cannabinoids to aid in restfulness.   SLEEP | 10mg THC | 2mg CBD | 4mg CBN"
01951af3-e276-7f95-b30c-ee8b2dff3fb4,EMERALD SKY,CLASSIC GUMMIES 10PK [100MG] SOUR WATERMELON,EDIBLE,100MG,HYBRID,0.23%,0.02%,10.05,,False,emerald-sky-emerald-sky-classic-gummies-10pk-100mg-sour-watermelon,https://d14jfwlo68bhyr.cloudfront.net/in0Hy00pSj.webp,,"Sour Watermelon is a tangy, refreshing watermelon flavored gummy that delivers a balanced hybrid experience, making it perfect for anytime enjoyment with a hint of sourness to keep things interesting.  HYBRID | 10mg/piece | 100mg/bag"
01951af3-dd2a-7117-90a6-ffacea7fbac0,EMERALD SKY,CLASSIC GUMMIES 10PK [100MG] WILD BERRY,EDIBLE,100MG,INDICA,0.22%,0.02%,10.05,,False,emerald-sky-emerald-sky-classic-gummies-10pk-100mg-wild-berry,https://d1hhy58mqsa6c3.cloudfront.net/916928a7-444e-4ad3-bfd0-b799e8385e4d/af73666f-6301-4013-abe1-a1d9c765ef30,,"Wild Berry is packed with the taste of ripe wild berries, this gummy offers a calming  experience, making it an ideal choice for unwinding at the end of the day.  INDICA | 10mg/piece | 100mg/bag"
01951af3-e274-7f0e-97ff-a130aad3c909,EMERALD SKY,EMERALD SKY - CLASSIC GUMMIES 10PK [100MG] CALIFORNIA ORANGE,EDIBLE,100MG,SATIVA,0.23%,0.02%,10.05,,False,emerald-sky-emerald-sky-classic-gummies-10pk-100mg-california-orange,https://d14jfwlo68bhyr.cloudfront.net/28ML5EGeyP.webp,,"These sativa-dominant California Orange gummies from Emerald Sky deliver a perfect balance of relaxing and uplifting effects in a convenient 10-pack format. Each gummy contains 10mg THC for easy dosing, making them ideal for daytime use when you want to stay productive yet calm. The citrusy California Orange strain provides a smooth, enjoyable cannabis edible experience that's perfect for both new and experienced users."
019a2c76-7999-75d3-93e4-1d16d8f035d1,EMERALD SKY,GROOVEBAR LIVE ROSIN PEANUT-CARAMEL NOUGAT BAR 10PK [100MG] MILK CHOCOLATE HYBRID - 100 MG - 10 PACK,EDIBLE,100MG,HYBRID,0.07%,,22.05,,False,emerald-sky-emerald-sky-groovebar-live-rosin-peanutcaramel-nougat-bar-10pk-100mg-milk-chocolate-hybrid,https://d14jfwlo68bhyr.cloudfront.net/banners/1762384165758-c302c1da-6598-4f51-bc94-fb5f11407111.webp,,"Emerald Sky, California's top chocolate brand, introduces the GrooveBar—a thrilling revival of a classic! This treat combines roasted peanuts, creamy caramel, rich nougat, and silky chocolate, all harmoniously infused with premium LIVE ROSIN cannabis extract — creating an indulgent treat available in multiple infusions to suit different needs and moods. Each GrooveBar is perfectly dosed, offering a delicious and dependable edible experience.   Hybrid | 10mg/piece | 100mg/package"
01951af3-f3ed-7d90-abd9-b28b7c5e57f6,EMERALD SKY,GUMMY SINGLE [100MG] BERRY BLAZE - 100 MG,EDIBLE,100MG,INDICA,0.62%,0.07%,7.05,,False,emerald-sky-emerald-sky-gummy-single-100mg-berry-blaze,https://d14jfwlo68bhyr.cloudfront.net/51KgF4AY3J.webp,,"Bursting with rich berry flavor, this Indica gummy provides a soothing, calming effect, ideal for unwinding in the evening or before bed.  INDICA | 10mg/piece | 100mg gummy"
01951af3-f3f0-7e35-b51d-033c27d34620,EMERALD SKY,GUMMY SINGLE [100MG] MELON THUNDER - 100 MG,EDIBLE,100MG,HYBRID,0.65%,0.06%,7.05,,False,emerald-sky-emerald-sky-gummy-single-100mg-melon-thunder,https://d14jfwlo68bhyr.cloudfront.net/q9ietj6uqD.webp,,"A juicy blend of melon flavors, this hybrid gummy offers a balanced experience, great for anytime relaxation with a fruity twist.  HYBRID | 10mg/piece | 100mg gummy"
01966dfe-d5dd-776b-8888-5ee013033021,EMERALD SKY,LIVE ROSIN GUMMY SINGLE [100MG] ORANGE OCTANE - 100 MG,EDIBLE,100MG,SATIVA,0.65%,0.07%,8.05,,False,emerald-sky-emerald-sky-live-rosin-gummy-single-100mg-orange-octane,https://d14jfwlo68bhyr.cloudfront.net/banners/1762386100695-bcc5bf53-eb6a-4d5c-b9ab-e5c2127f2e97.webp,,"Packed with vibrant orange citrus flavor, this Sativa gummy provides an uplifting, energizing effect perfect for daytime enjoyment.  SATIVA | 10mg/piece | 100mg gummy"
01966dff-cd20-74f0-af32-ea0723c5eacc,EMERALD SKY,LIVE ROSIN GUMMY SINGLE [100MG] STRAWBERRY STORM - 100 MG,EDIBLE,100MG,HYBRID,0.64%,0.07%,8.05,,False,emerald-sky-emerald-sky-live-rosin-gummy-single-100mg-strawberry-storm,https://d14jfwlo68bhyr.cloudfront.net/banners/1762386002297-7ed98e6e-eee8-4e5c-80e1-26e032b5cb26.webp,,"Bursting with sweet, ripe strawberry flavor, this Sativa Live Rosin gummy provides an energizing, uplifting experience, making it ideal for a lively daytime boost.  Hybrid | 10mg/piece | 100mg gummy"
01951af4-085f-7f42-aa42-95bb18db51e6,EMERALD SKY,PEANUT BUTTER CUPS 10PK [100MG] 10:2:2 THC/CBD/CBN SLEEP,EDIBLE,100MG,INDICA,0.09%,0.02%,20.05,,False,emerald-sky-emerald-sky-peanut-butter-cups-10pk-100mg-1022-thccbdcbn-sleep,https://d14jfwlo68bhyr.cloudfront.net/banners/1762387383035-b60aea34-2377-4c51-9220-1914b5ae775a.webp,,"Crafted for rest, this cup combines THC,CBD, and CBN, offering a soothing mix of cannabinoids that promotes relaxation and a good night’s sleep.   SLEEP | 10mg THC | 2mg CBD | 2mg CBN"
01951af4-0863-7b9e-9380-117ba40e0be1,EMERALD SKY,PEANUT BUTTER CUPS 10PK [100MG] SATIVA,EDIBLE,100MG,SATIVA,0.09%,,18.05,,False,emerald-sky-emerald-sky-peanut-butter-cups-10pk-100mg-sativa,https://d14jfwlo68bhyr.cloudfront.net/banners/1762387584888-1ad340fc-9b9e-4e8e-98f2-cc134fe1c0f5.webp,,"Emerald Sky’s Milk Chocolate Peanut Butter Cups are a blend of rich, creamy chocolate with smooth peanut butter, with hints of sea salt—creating an indulgent treat available in multiple infusions to suit different needs and moods. Each cup is perfectly dosed, offering a delicious and dependable edible experience. Infused with your choice of Indica, Sativa or Hybrid.   Sativa | 10mg/piece | 100mg/package"
019f5be6-2809-7097-83e1-b4d17d4ad66f,GELATO,LAST BITES CONES 10PK [100MG] COOKIES AND CREAM - 100 MG,EDIBLE,100MG,SATIVA,0.10%,,18.05,,False,gelato-gelato-last-bites-cones-10pk-100mg-cookies-and-cream,https://d14jfwlo68bhyr.cloudfront.net/products/1784131499839-76417c0b-d524-40b0-b1ca-b9799e2dead5.webp,,"Mini sugar cones packed with creamy white chocolate and cookie crumble, Gelato's Last Bites Cones are a Cookies and Cream sativa cannabis edible built for any time of day — or best enjoyed topped with a scoop of your favorite ice cream. Each pack contains 10 cones dosed at 10mg THC apiece, totaling 100mg per package, making it easy to find your ideal dose one bite at a time. Pick these up at the dispensary when you want a playful, artisanal THC edible that feels as indulgent as it does intentional."
019f5be3-ce79-71db-afe8-b269ad69494b,GELATO,LAST BITES CONES 10PK [100MG] HORCHATA - 100 MG,EDIBLE,100MG,HYBRID,0.09%,,18.05,,False,gelato-gelato-last-bites-cones-10pk-100mg-horchata,https://d14jfwlo68bhyr.cloudfront.net/products/1784561102844-2f790d64-9eec-48a6-8467-207bf00a44e3.webp,,"Gelato's Last Bites Cones bring the creamy, cinnamon-rice sweetness of the Horchata hybrid strain to a 10-pack of cannabis edibles, delivering a precise 10mg THC per cone for easy, consistent dosing. With 100mg total THC across the pack, this is a go-to for both casual sessions and longer evenings when you want steady, controlled effects without guesswork. A solid dispensary pick for hybrid lovers who want their dose to taste as good as it hits."
0195f75c-95e0-7298-8dd3-6e3c7bb95c1d,GOOD TIDE,GUMMIES 10PK [100MG] 1:1:1 THC:CBD:CBC GRAPEFRUIT - 100 MG - 10 PACK,EDIBLE,100MG,HYBRID,0.24%,0.24%,20.05,,False,good-tide-good-tide-gummies-10pk-100mg-111-thccbdcbc-grapefruit,https://d1hhy58mqsa6c3.cloudfront.net/916928a7-444e-4ad3-bfd0-b799e8385e4d/aeff356d-1514-45aa-bc44-46e5c5b8b6f4,,"These Good Tide hybrid gummies deliver a unique 1:1:1 ratio of THC, CBD, and CBC for a balanced full-spectrum cannabis experience with sweet citrus grapefruit flavor. Each 10mg gummy provides uplifting relief and gentle relaxation without heavy sedation, making them perfect for both daytime focus and evening unwinding. The rare addition of CBC enhances the entourage effect, offering therapeutic benefits alongside mild euphoria in this convenient 10-pack edible."
0195f75d-b9da-7827-9253-a4209eabdaaf,GOOD TIDE,GUMMIES 10PK [100MG] 1:1:1 THC:CBD:CBG KIWI STRAWBERRY - 100 MG - 10 PACK,EDIBLE,100MG,HYBRID,0.25%,0.25%,20.05,,False,good-tide-good-tide-gummies-10pk-100mg-111-thccbdcbg-kiwi-strawberry,https://d1hhy58mqsa6c3.cloudfront.net/916928a7-444e-4ad3-bfd0-b799e8385e4d/da70709b-2361-4056-8fab-e1a8d69813d6,,"These Good Tide hybrid cannabis gummies deliver a balanced 1:1:1 ratio of 10mg THC, CBD, and CBG per piece, crafted with solventless hash rosin for a full-spectrum experience. Each tropical kiwi strawberry gummy offers versatile effects from relaxing and focused to uplifted and euphoric, making them perfect for any time of day. The sweet, fruity flavor profile masks the cannabis taste while providing consistent, long-lasting relief in this convenient 10-pack edible format."
0195f75f-d8ae-75f6-a33f-406eecac0d87,GOOD TIDE,GUMMIES 10PK [100MG] 1:1:1 THC:CBD:CBN PASSION FRUIT - 100 MG - 10 PACK,EDIBLE,100MG,HYBRID,0.26%,0.27%,20.05,,False,good-tide-good-tide-gummies-10pk-100mg-111-thccbdcbn-passion-fruit,https://d1hhy58mqsa6c3.cloudfront.net/916928a7-444e-4ad3-bfd0-b799e8385e4d/ab49490f-62fa-4861-8b25-93a7aa153832,,"Indulge in a delightful 1:1:1 THC:CBD:CBN blend with these passion fruit-flavored gummies. The hybrid effects provide a balanced experience, allowing you to unwind and enjoy the sweet, tropical taste. Infused with 100mg of cannabis, these 10-piece gummies are a convenient and flavorful way to elevate your day."
0195f762-1b2d-7ef5-ae6b-13e1d3abefad,GOOD TIDE,GUMMIES 10PK [100MG] GUAVA - 100 MG - 10 PACK,EDIBLE,100MG,HYBRID,0.26%,,18.05,,False,good-tide-good-tide-gummies-10pk-100mg-guava,https://d1hhy58mqsa6c3.cloudfront.net/916928a7-444e-4ad3-bfd0-b799e8385e4d/b536c942-da2d-45af-aa23-34772f0aba2a,,"These Good Tide hybrid gummies deliver 10mg THC per piece with sweet tropical guava flavor and effects that balance uplifting energy with gentle relaxation. Made with solventless hash rosin, each cannabis edible provides a full-spectrum experience perfect for social activities or creative pursuits. The real fruit guava taste makes these dispensary gummies as delicious as they are effective."
0195f765-d00c-7153-aab9-e26bc0e7cde2,GOOD TIDE,GUMMIES 10PK [100MG] MANGO - 100 MG - 10 PACK,EDIBLE,100MG,INDICA,0.27%,,18.05,,False,good-tide-good-tide-gummies-10pk-100mg-mango,https://d1hhy58mqsa6c3.cloudfront.net/916928a7-444e-4ad3-bfd0-b799e8385e4d/3b0c872b-db0e-4465-afb3-e98333694a75,,"Indulge in the tropical taste of mango with these 100mg cannabis-infused gummies from Good Tide. This hybrid formula provides a balanced, full-spectrum experience to help you relax and unwind. Enjoy the sweet, fruity flavor and smooth effects anytime."
0195f767-9b65-7c6c-8ec6-297f8a24c553,GOOD TIDE,GUMMIES 10PK [100MG] PINEAPPLE - 100 MG - 10 PACK,EDIBLE,100MG,HYBRID,0.26%,,18.05,,False,good-tide-good-tide-gummies-10pk-100mg-pineapple,https://d1hhy58mqsa6c3.cloudfront.net/916928a7-444e-4ad3-bfd0-b799e8385e4d/503f90fd-0102-493c-9eca-138eae8d2412,,"These tropical pineapple gummies from Good Tide deliver balanced hybrid effects with pine, sweet, and tropical flavors that keep you focused yet relaxed. Made with solventless hash rosin and real fruit purée, each 10mg THC gummy provides a clean, full-spectrum cannabis experience perfect for creative sessions or unwinding after work. The 10-pack offers precise dosing with euphoric effects that won't leave you couch-locked."
019e6c67-2a89-734c-845b-4f309a5a11a4,HEAVY HITTERS,FAST ACTING GUMMIES 10PK [100MG] 1:1 THC:CBN SOUR BLACKBERRY - 100 MG - 10 PACK,EDIBLE,100MG,INDICA,0.25%,,20.05,,False,heavy-hitters-heavy-hitters-fast-acting-gummies-10pk-100mg-11-thccbn-sour-blackberry,https://d14jfwlo68bhyr.cloudfront.net/products/1779779592436-61156d8d-fe63-461a-bbfb-64f6af7cfc3a.webp,,
019fae95-cc4f-727d-8089-6284eaee1421,HEAVY HITTERS,FAST ACTING GUMMIES 10PK [100MG] 2:1 THC:THCV SOUR PUNCH - 100 MG - 10 PACK,EDIBLE,100MG,SATIVA,0.26%,,20.05,,False,heavy-hitters-heavy-hitters-fast-acting-gummies-10pk-100mg-21-thcthcv-sour-punch,https://d14jfwlo68bhyr.cloudfront.net/products/1785386541694-f2942265-b33e-4b2e-964b-9912dd16c263.webp,,"""SOUR PUNCH IS A LIVELY SATIVA THAT DELIVERS A SHARP BURST OF CITRUS AND SOUR CANDY TERPENES LAYERED WITH NOTES OF TROPICAL FRUIT AND LIGHT FUEL. THE FLAVOR IS REMINISCENT OF SOUR GUMMY CANDY, COMBINING TART LEMON AND ORANGE ZEST WITH A SWEET FRUIT FINISH THAT LINGERS ON THE PALATE. ITS EFFECTS ARE ENERGETIC AND MOOD-ELEVATING, BRINGING A CLEAR-HEADED SENSE OF FOCUS AND CREATIVITY THAT MAKES IT A STRONG CHOICE FOR DAYTIME SESSIONS, SOCIAL ACTIVITIES, OR GETTING THINGS DONE.  PHENOTYPE: SATIVA LINEAGE: SOUR DIESEL × PURPLE PUNCH FLAVOR PROFILE: SOUR CANDY, CITRUS, TROPICAL EFFECT PROFILE: ENERGETIC, CREATIVE, UPLIFTED  THIS STATEMENT HAS NOT BEEN EVALUATED BY THE FOOD AND DRUG ADMINISTRATION. THIS PRODUCT IS NOT INTENDED TO DIAGNOSE, TREAT, CURE, OR PREVENT ANY DISEASE."""
01951af3-e2e5-7e39-b6e7-e100c0b51deb,HEAVY HITTERS,FAST ACTING GUMMIES 10PK [100MG] SOUR CHERRY,EDIBLE,100MG,INDICA,0.28%,,20.05,,False,heavy-hitters-heavy-hitters-fast-acting-gummies-10pk-100mg-sour-cherry,https://d14jfwlo68bhyr.cloudfront.net/9eST4jhV2S.webp,,"These Heavy Hitters fast-acting indica gummies deliver 100mg of THC across 10 pieces, infused with 99%+ pure THCA diamonds for a clean, potent high that hits quickly. Made with real fruit concentrate, each sour cherry gummy bursts with bold, tangy flavor while the plant-based emulsification process ensures faster cannabinoid absorption for reliable effects. Perfect for evening relaxation when you want consistent, predictable results without the wait."
01951af3-e2e6-733f-9918-04ae0a8edeac,HEAVY HITTERS,FAST ACTING GUMMIES 10PK [100MG] SOUR PEACH,EDIBLE,100MG,SATIVA,0.26%,,20.05,,False,heavy-hitters-heavy-hitters-fast-acting-gummies-10pk-100mg-sour-peach,https://d14jfwlo68bhyr.cloudfront.net/T6BvEAY1R5.webp,,"These sativa-dominant fast-acting gummies from Heavy Hitters deliver a quick-hitting, clean THC high with bold sour peach flavor made from real fruit concentrate. Infused with 99%+ pure THCA diamonds and featuring plant-based emulsification for faster cannabinoid absorption, each 10mg gummy kicks in quicker than traditional edibles. Perfect for when you want the energizing effects of sativa cannabis without the wait."
01951af3-e2e7-72fe-a924-1d0b0102aa9b,HEAVY HITTERS,FAST ACTING GUMMIES 10PK [100MG] SOUR WATERMELON,EDIBLE,100MG,HYBRID,0.28%,,20.05,,False,heavy-hitters-heavy-hitters-fast-acting-gummies-10pk-100mg-sour-watermelon,https://d14jfwlo68bhyr.cloudfront.net/DtTW4YMD8D.webp,,"These fast-acting hybrid cannabis gummies from Heavy Hitters deliver 10mg THC per piece with a bold sour watermelon flavor that hits your taste buds as quickly as the effects hit you. Made with 99%+ pure THCA diamonds and real fruit concentrate, the plant-based emulsification process ensures faster cannabinoid absorption for a clean, quick-onset experience. Perfect for when you want reliable dosing with delicious flavor in a convenient 10-pack format."
01951af3-f3d3-7df2-81dd-fabe4a063107,HEAVY HITTERS,GUMMIES 5PK [100MG] 1:1 THC:CBG RESURRECT RECOVERY POMEGRANATE KUSH,EDIBLE,100MG,HYBRID,0.52%,0.01%,24.05,,False,heavy-hitters-heavy-hitters-gummies-5pk-100mg-11-thccbg-resurrect-recovery-pomegranate-kush,https://d14jfwlo68bhyr.cloudfront.net/fsZs7FWNAn.webp,,"These Heavy Hitters hybrid gummies deliver a unique 1:1 THC:CBG ratio with rich pomegranate flavor, offering balanced effects that promote both calm and creativity. Each 5mg dose provides gentle recovery-focused relief, making this 5-pack perfect for daytime wellness or post-workout restoration. The CBG cannabinoid enhances the traditional cannabis experience with added focus and potential anti-inflammatory benefits."
01980a70-cc76-767b-adad-b8c5bbb73148,HEAVY HITTERS,GUMMIES 5PK [100MG] 2:1 THC:THCV MAUI WOWIE - 100 MG - 5 PACK,EDIBLE,100MG,SATIVA,0.54%,0.00%,24.05,,False,heavy-hitters-heavy-hitters-gummies-5pk-100mg-21-thcthcv-maui-wowie,https://d1hhy58mqsa6c3.cloudfront.net/916928a7-444e-4ad3-bfd0-b799e8385e4d/cea17652-30fb-4dab-bd45-f0f116ba68a4,,"Enjoy a tropical sativa experience with these 2:1 THC:THCV Maui Wowie gummies. Each 100mg edible offers an uplifting, creative buzz perfect for daytime use. Savor the sweet, citrusy flavors as you feel the effects of this full-spectrum cannabis extract."
01951af3-f3d9-7272-8341-1fab1d6a9ebc,HEAVY HITTERS,GUMMIES 5PK [100MG] ATOMIC APPLE,EDIBLE,100MG,HYBRID,0.51%,,20.05,,False,heavy-hitters-heavy-hitters-gummies-5pk-100mg-atomic-apple,https://d14jfwlo68bhyr.cloudfront.net/hDkpRqg5Gb.webp,,"These Heavy Hitters hybrid gummies pack 100mg of THC into five perfectly dosed pieces, delivering balanced effects that work for both daytime focus and evening relaxation. Each Atomic Apple gummy offers a crisp, fruity flavor that makes precise cannabis dosing both delicious and convenient."
01951af3-f3dc-74cb-8ba7-31e816b3051a,HEAVY HITTERS,GUMMIES 5PK [100MG] BLOOD ORANGE,EDIBLE,100MG,HYBRID,0.49%,,20.05,,False,heavy-hitters-heavy-hitters-gummies-5pk-100mg-blood-orange,https://d14jfwlo68bhyr.cloudfront.net/gxUpLiinns.webp,,"These Heavy Hitters hybrid cannabis gummies deliver 20mg THC per piece with a bright blood orange flavor that balances sweet citrus with premium cannabis oil. Each 5-pack contains 100mg total THC, portioned into convenient 10mg sections for precise dosing whether you're seeking relaxation or social energy."
01951af3-f3dd-7cbd-8d97-2cff6210f7c1,HEAVY HITTERS,GUMMIES 5PK [100MG] BLUEBERRY BLITZ,EDIBLE,100MG,SATIVA,0.50%,0.00%,20.05,,False,heavy-hitters-heavy-hitters-gummies-5pk-100mg-blueberry-blitz,https://d14jfwlo68bhyr.cloudfront.net/0sTK5wKBCE.webp,,"These Heavy Hitters sativa gummies pack 20mg THC per piece with sweet blueberry flavor, delivering an uplifting high perfect for daytime energy and focus. Each gummy splits into two 10mg sections for easy dosing, making these cannabis edibles ideal whether you want a mild boost or the full energizing effect. Gluten-free and made with the same premium cannabis oil found in Heavy Hitters vape cartridges."
01951af3-f3de-7919-97a8-543d1d9c0b42,HEAVY HITTERS,GUMMIES 5PK [100MG] HOLY GRAPE,EDIBLE,100MG,INDICA,0.50%,,20.05,,False,heavy-hitters-heavy-hitters-gummies-5pk-100mg-holy-grape,https://d14jfwlo68bhyr.cloudfront.net/Vg5j77ihhC.webp,,"These Heavy Hitters Holy Grape indica gummies deliver 100mg of THC across five pieces (20mg each, scored for 10mg micro-doses), making them perfect for customizable relaxation sessions. Crafted with the same premium cannabis oil found in their vape cartridges and bursting with rich grape flavor, these gluten-free gummies provide a potent, long-lasting body high ideal for unwinding after a long day. The indica effects make them best suited for evening use when you want deep relaxation and restful sleep."
01951af3-f3e1-74d8-849d-4caede0c9b57,HEAVY HITTERS,GUMMIES 5PK [100MG] WILD WATERMELON,EDIBLE,100MG,INDICA,0.51%,,20.05,,False,heavy-hitters-heavy-hitters-gummies-5pk-100mg-wild-watermelon,https://d14jfwlo68bhyr.cloudfront.net/P9ryr0zqLq.webp,,"These Heavy Hitters indica gummies pack 20mg THC per piece with juicy wild watermelon flavor that delivers both taste and potency. Each gummy splits into convenient 10mg sections, making it easy to find your perfect dose for relaxing evenings or winding down after a long day. Made with the same premium cannabis oil found in Heavy Hitters vape cartridges, these gluten-free edibles offer reliable effects and delicious fruit flavor."
01951af4-038b-7ec7-9aaf-037d97647260,HEAVY HITTERS,LIVE ROSIN GUMMY 5PK [100MG] BLACKBERRY LEMON - 100 MG,EDIBLE,100MG,INDICA,0.53%,0.00%,26.05,,False,heavy-hitters-heavy-hitters-live-rosin-gummy-5pk-100mg-blackberry-lemon,https://d14jfwlo68bhyr.cloudfront.net/Xoh8V4Xdyk.webp,,"These Heavy Hitters live rosin gummies deliver 100mg of indica-dominant Blackberry Lemon cannabis in a convenient 5-pack, with each gummy containing 20mg THC for precise dosing. The live rosin extraction preserves the strain's natural blackberry and citrus flavors while providing the relaxing effects typical of indica edibles. Perfect for evening use when you want to unwind with a premium cannabis gummy that offers both great taste and reliable potency."
019b94a3-df88-7e78-afef-ba3b8887ef67,HEAVY HITTERS,SUGAR FREE GUMMIES 5PK [100MG] 1:1 THC:CBN CLOUDBERRY - 100 MG - 5 PACK,EDIBLE,100MG,INDICA,0.57%,0.00%,24.05,,False,heavy-hitters-heavy-hitters-sugar-free-gummies-5pk-100mg-11-thccbn-cloudberry,https://d14jfwlo68bhyr.cloudfront.net/banners/1767847087337-da188f4e-de0e-449b-a779-f243a7d00da4.webp,,"""A PREMIUM SUGAR FREE NIGHTTIME GUMMY CRAFTED TO DELIVER THE SAME RESTFUL AND RELIABLE EXPERIENCE AS OUR BEST SELLING LIGHTS OUT LINE, NOW MADE WITH NATURAL SUGAR FREE SWEETENERS.  POTENCY AND RATIO: 1:1 THC TO CBN 20 MG THC AND 20 MG CBN PER GUMMY ONLY 5 CALORIES PER SERVING FLAVOR PROFILE: A LUSH CLOUDBERRY TASTE THAT BLENDS GOLDEN BERRY SWEETNESS WITH A PUNCH OF CITRUS. BOLD, JAMMY, AND FULL OF CHARACTER.  THIS STATEMENT HAS NOT BEEN EVALUATED BY THE FOOD AND DRUG ADMINISTRATION. THIS PRODUCT IS NOT INTENDED TO DIAGNOSE, TREAT, CURE, OR PREVENT ANY DISEASE."""
01951af4-157a-7a72-817c-12817cb0ccce,HIGHATUS,SOUR GUMMIES 10PK [100MG] CBN POMBERRY,EDIBLE,100MG,INDICA,0.33%,,16.05,,False,highatus-highatus-sour-gummies-10pk-100mg-cbn-pomberry,https://d14jfwlo68bhyr.cloudfront.net/I6dXLuNYQj.webp,,"These HIGHATUS sour gummies pack 100mg of THC with CBN in a delicious pomberry flavor, featuring a 5:1 THC to CBN ratio plus indica terpenes designed for deep relaxation and sleep. Perfect for winding down after a long day, each 10-pack delivers the sedating effects you need to drift off into restful slumber. The tangy sour coating makes bedtime something to look forward to."
01951af4-157d-700a-81d3-3c60e36cce83,HIGHATUS,SOUR GUMMIES 10PK [100MG] STRAWBERRY LEMONADE,EDIBLE,100MG,SATIVA,0.33%,,16.05,,False,highatus-highatus-sour-gummies-10pk-100mg-strawberry-lemonade,https://d14jfwlo68bhyr.cloudfront.net/p19CgXqjsA.webp,,"These vegan sour gummies deliver 100mg of sativa THC with bright strawberry lemonade flavor that balances sweet and tangy notes perfectly. Each 10-pack contains precisely dosed cannabis edibles infused with custom terpene blends for consistent, uplifting effects ideal for daytime creativity and social activities."
01951af4-157e-76cc-92a0-539d5c5fba71,HIGHATUS,SOUR GUMMIES 10PK [100MG] WATERMELON,EDIBLE,100MG,,0.33%,,16.05,,False,highatus-highatus-sour-gummies-10pk-100mg-watermelon,https://d14jfwlo68bhyr.cloudfront.net/PjW7QOqIFk.webp,,"These HIGHATUS sour gummies deliver 100mg of THC across 10 watermelon-flavored pieces, perfect for precise dosing at 10mg per gummy. You'll enjoy the tangy-sweet watermelon taste in these vegan, gluten-free cannabis edibles that provide consistent, reliable effects whether you're looking for relaxation or a social buzz. Each gummy is carefully infused with a custom blend of cannabinoids and terpenes for a premium edible experience."
01951af3-dd20-76eb-b278-c031271a5dfe,KANHA,CLASSIC GUMMIES 10PK [100MG] BLUE RASPBERRY,EDIBLE,100MG,HYBRID,0.29%,,16.05,,False,kanha-kanha-classic-gummies-10pk-100mg-blue-raspberry,https://d14jfwlo68bhyr.cloudfront.net/Lqz1W6POb1.webp,,"These Kanha hybrid cannabis gummies deliver 100mg THC across 10 pieces, each bursting with tangy blue raspberry flavor. The balanced hybrid effects offer the perfect middle ground between uplifted energy and relaxed calm, making them ideal for any time you want consistent, delicious THC edibles from this trusted dispensary brand."
01951af3-dd21-7864-a61e-e0396ea8716a,KANHA,CLASSIC GUMMIES 10PK [100MG] CHERRY,EDIBLE,100MG,SATIVA,0.29%,,16.05,,False,kanha-kanha-classic-gummies-10pk-100mg-cherry,https://d14jfwlo68bhyr.cloudfront.net/banners/1772035741347-5e49e90e-e2cb-407d-b407-da2958fc842f.webp,,"These KANHA Classic Cherry gummies deliver a balanced sativa experience with 10mg THC per piece, combining gentle energy with relaxation for versatile daytime or evening use. The sweet cherry flavor makes each dose enjoyable, while the precise 100mg total in this 10-pack gives you full control over your cannabis edible experience. Perfect for both newcomers and experienced users seeking consistent, long-lasting effects."
01951af3-f325-7804-bd6d-ed6f3e52198d,KANHA,FX GUMMIES 10PK [100MG] 20:1 THC:CBD WATERMELON,EDIBLE,100MG,CBD,0.03%,0.56%,22.05,,False,kanha-kanha-gummies-10pk-100mg-201-thccbd-watermelon,https://d14jfwlo68bhyr.cloudfront.net/R7lsNTsk9O.webp,,"These KANHA watermelon gummies deliver a balanced 20:1 THC to CBD ratio that promotes gentle relaxation without overwhelming psychoactive effects. Each pack contains 10 gummies with 20mg per dose, offering sweet watermelon flavor and the therapeutic benefits of CBD-dominant cannabis edibles. Perfect for daytime stress relief or evening wind-down when you want calm focus rather than intense euphoria."
01951af4-0767-78f9-ae70-fe192cb217fc,KANHA,FX NANO GUMMIES 10PK [100MG] 1:1 THCV:THC ENERGY CITRUS SPLASH,EDIBLE,100MG,SATIVA,0.22%,,22.05,,False,kanha-kanha-fx-nano-gummies-10pk-100mg-11-thcvthc-energy-citrus-splash,https://d14jfwlo68bhyr.cloudfront.net/mrsB8jJY35.webp,,"These KANHA FX Nano gummies deliver energizing sativa effects with a unique 1:1 THCV to THC ratio, featuring bright citrus splash flavors that make each 10mg dose a refreshing boost. The nano-enhanced cannabis formula provides faster onset and enhanced bioavailability, making this 10-pack perfect for daytime focus and productivity. With 100mg total THC and the added benefits of THCV, you'll experience clean energy without the crash."
01951af4-0769-7cf5-a59e-934a9d36273b,KANHA,FX NANO GUMMIES 10PK [100MG] 2:1 CBG:THC ACAI BLUEBERRY,EDIBLE,100MG,HYBRID,0.29%,,24.05,,False,kanha-kanha-fx-nano-gummies-10pk-100mg-21-cbgthc-acai-blueberry,https://d14jfwlo68bhyr.cloudfront.net/j6jtvNucMX.webp,,These hybrid Kanha nano gummies deliver fast-acting effects in just 15 minutes using advanced nanomolecular technology for superior absorption. Each 10-pack contains 100mg total THC with a 2:1 CBG to THC ratio and rich acai blueberry flavor. Perfect for cannabis consumers seeking quick onset and balanced effects from a premium edible.
01951af4-076a-778a-99dd-7a520e235a06,KANHA,FX NANO GUMMIES 10PK [100MG] 2:1:1 THC:THCV:CBG LOVE RASPBERRY ROSE - 100 MG - 10 PACK,EDIBLE,100MG,HYBRID,0.22%,,22.05,,False,kanha-kanha-fx-nano-gummies-10pk-100mg-211-thcthcvcbg-love-raspberry-rose,https://d14jfwlo68bhyr.cloudfront.net/MdxXmabinu.webp,,"These fast-acting KANHA FX Nano gummies deliver a unique 2:1:1 ratio of THC, THCV, and CBG for a balanced hybrid experience that's both energizing and relaxing. The nano-enhanced formula absorbs quickly for faster onset, while the Love Raspberry Rose flavor combines sweet berry notes with delicate floral undertones. Perfect for precise 10mg dosing when you want focused creativity with a touch of euphoric calm."
01951af3-f37f-772c-810a-61b6569b9474,KANHA,GUMMIES 10PK [50MG] 1:1:1 CBN:CBD:THC  SLEEP TRANQUILITY,EDIBLE,50MG,CBD,0.14%,0.14%,22.05,,False,kanha-kanha-gummies-10pk-50mg-111-cbncbdthc-sleep-tranquility,https://d14jfwlo68bhyr.cloudfront.net/l0I4QQUtV7.webp,,"These KANHA cannabis gummies deliver the perfect 1:1:1 ratio of CBN, CBD, and THC designed specifically for sleep support. Each pack contains 10 gummies with 5mg per dose, creating a balanced edible experience that promotes deep relaxation and restful nights. The Sleep Tranquility formula combines the calming effects of CBN with CBD's soothing properties and a gentle THC dose for comprehensive nighttime relief."
01951af3-f32f-726d-8d29-203e6c5fb918,KANHA,KANHA - FX GUMMIES 10PK [100MG] 3:2:1 CBN:THC:CBD SLEEP MARIONBERRY PLUM,EDIBLE,100MG,INDICA,0.27%,0.14%,22.05,,False,kanha-kanha-fx-gummies-10pk-100mg-321-cbnthccbd-sleep-marionberry-plum,https://d14jfwlo68bhyr.cloudfront.net/lbhnYBsn6D.webp,,"These indica-leaning nano gummies combine CBN, THC, and CBD in a 3:2:1 ratio specifically formulated for sleep support, delivering fast-acting relaxation with sweet marionberry plum flavor. Each 10mg gummy utilizes nano-emulsion technology for quicker onset, making this 10-pack perfect for your nighttime routine. KANHA's FX Sleep formula helps you unwind naturally, whether you're dealing with restless nights or simply want deeper, more restorative sleep."
019ac13a-e4d7-7ea6-8d14-bff116ba02d2,KANHA,NANO MINIS CHOCOLATE 25PK [150MG] 2:1 THC:CBC GROOVE - 150 MG - 25 PACK,EDIBLE,150MG,HYBRID,0.29%,,22.05,,False,kanha-kanha-nano-minis-chocolate-25pk-150mg-21-thccbc-groove,https://d14jfwlo68bhyr.cloudfront.net/banners/1772036556288-022d3ee5-8349-484d-8f58-e27c8a877fdd.webp,,"These KANHA Nano Minis deliver 150mg THC in bite-sized chocolate pieces with a unique 2:1 THC:CBC ratio for enhanced relaxation and mood support. The nano-emulsion technology ensures faster onset and more consistent effects, making these hybrid edibles perfect for precise micro-dosing throughout your day. Each 25-pack contains convenient mini chocolates that let you customize your cannabis experience with reliable potency."
019a9398-41d0-7808-89c3-d7aa902b3ee6,KANHA,NANO MINIS CHOCOLATE 25PK [150MG] 2:1 THC:CBG FLOAT - 150 MG - 25 PACK,EDIBLE,150MG,INDICA,0.32%,,22.05,,False,kanha-kanha-nano-minis-chocolate-25pk-150mg-21-thccbg-float,https://d14jfwlo68bhyr.cloudfront.net/banners/1772036586032-4123ff63-fc20-4c5c-99fe-dd35fb49a3d4.webp,,"These KANHA Nano Minis chocolate edibles pack 150mg of THC with CBG in a unique 2:1 ratio across 25 bite-sized pieces, delivering fast-acting nano technology for quicker onset. The indica-leaning blend offers relaxing effects perfect for unwinding, while the rich chocolate flavor makes dosing enjoyable and precise at 6mg per mini."
019a92d2-d762-775e-8f21-e51e3f77bfb1,KANHA,NANO MINIS CHOCOLATE 25PK [150MG] 2:1 THC:THCV FLY - 150 MG - 25 PACK,EDIBLE,150MG,SATIVA,0.34%,0.00%,22.05,,False,kanha-kanha-nano-minis-chocolate-25pk-150mg-21-thcthcv-fly,https://d14jfwlo68bhyr.cloudfront.net/banners/1772036617020-5d33910e-a8cd-49f5-9cfe-eefff1a65791.webp,,"These bite-sized KANHA Nano Minis chocolate edibles pack 150mg of THC in a unique 2:1 THC to THCV ratio, delivering fast-acting sativa effects that promote focus and energy without the heavy appetite stimulation. Each mini chocolate offers precise dosing with nano-enhanced cannabis for quicker onset, making them perfect for daytime productivity or creative sessions when you want an uplifting buzz that keeps you moving."
01951af4-078e-73b0-90f6-106796f6324a,KANHA,NANO ROSIN BELTS 4PK [100MG] BLUEBERRY LEMON DROP,EDIBLE,100MG,HYBRID,0.21%,,22.05,,False,kanha-kanha-nano-rosin-belts-4pk-100mg-blueberry-lemon-drop,https://d1hhy58mqsa6c3.cloudfront.net/916928a7-444e-4ad3-bfd0-b799e8385e4d/6150764b-8bbe-4a8c-9937-7027c44b71fe,,"These KANHA nano rosin belts deliver 100mg of hybrid THC in four perfectly portioned gummy belts with bright blueberry lemon drop flavor. The advanced nano technology ensures faster onset and smoother effects, making this cannabis edible ideal for both experienced users seeking precise dosing and newcomers wanting reliable results. Perfect for sharing or enjoying throughout the day when you want balanced hybrid effects with a delicious citrus-berry taste."
01951af4-078f-74d3-b479-2641f007ec82,KANHA,NANO ROSIN BELTS 4PK [100MG] CHERRY LIMEADE,EDIBLE,100MG,SATIVA,0.22%,,22.05,,False,kanha-kanha-nano-rosin-belts-4pk-100mg-cherry-limeade,https://d14jfwlo68bhyr.cloudfront.net/fu0ZUzJw2Y.webp,,"These KANHA nano rosin belt gummies deliver 100mg of sativa THC with bright cherry limeade flavor in a convenient 4-pack. The nano-enhanced formula provides faster onset and more precise dosing at 4mg per piece, perfect for microdosing or building your ideal experience. Ideal for daytime use when you want uplifting energy with a refreshing citrus twist."
0197b308-f83c-774c-8f16-defde2d84d87,KANHA,NANO ROSIN GUMMIES 10PK [100MG] SOUR BERRY BLISS - 100 MG - 10 PACK,EDIBLE,100MG,INDICA,0.29%,0.01%,20.05,,False,kanha-kanha-nano-rosin-gummies-10pk-100mg-sour-berry-bliss,https://d1hhy58mqsa6c3.cloudfront.net/916928a7-444e-4ad3-bfd0-b799e8385e4d/0de18b3b-77ca-41b0-b2a5-6a67fb3d38b6,,These fast-acting indica gummies from KANHA deliver 10mg THC per piece with nano-molecular technology for quicker onset and consistent effects. The sweet sour berry flavor makes these 100mg total edibles perfect for evening relaxation and restful sleep. Each gluten-free gummy provides reliable relief with enhanced bioavailability compared to traditional cannabis edibles.
0197b30d-b73c-7874-afad-d7b53fc486ab,KANHA,NANO ROSIN GUMMIES 10PK [100MG] SOUR ISLAND BREEZE - 100 MG - 10 PACK,EDIBLE,100MG,SATIVA,0.28%,,20.05,,False,kanha-kanha-nano-rosin-gummies-10pk-100mg-sour-island-breeze,https://d1hhy58mqsa6c3.cloudfront.net/916928a7-444e-4ad3-bfd0-b799e8385e4d/124aa212-4dab-490d-8fee-c59c85d12677,,"These fast-acting sativa gummies deliver 100mg of THC across 10 pieces using VESIsorb nanotechnology for onset as quick as 5-15 minutes. You'll experience tropical, tangy flavors with uplifting and energetic effects perfect for daytime creativity and social activities. Made with solventless rosin and enhanced with CBG for a clean, focused cannabis experience."
0197b30b-3af1-7148-80ab-8b7b7703fe76,KANHA,NANO ROSIN GUMMIES 10PK [100MG] SOUR MELON RUSH - 100 MG - 10 PACK,EDIBLE,100MG,HYBRID,0.28%,,20.05,,False,kanha-kanha-nano-rosin-gummies-10pk-100mg-sour-melon-rush,https://d1hhy58mqsa6c3.cloudfront.net/916928a7-444e-4ad3-bfd0-b799e8385e4d/905995ef-73c1-452a-abcf-94f5e2e55d6a,,"These fast-acting nano cannabis gummies pack 10mg THC each with a tangy sour watermelon flavor that delivers happy, uplifting effects from the hybrid strain Piff Mintz. Made with premium solventless rosin, KANHA's nano technology ensures quicker onset times for a clean, potent edible experience perfect for daytime energy or social occasions."
01951af4-1398-7d7b-8e13-0eefec481951,KANHA,ROSIN BELTS 4PK [100MG] STRAWBERRY LEMONADE - 100 MG - 4 PACK,EDIBLE,100MG,INDICA,0.21%,0.00%,22.05,,False,kanha-kanha-rosin-belts-4pk-100mg-strawberry-lemonade,https://d1hhy58mqsa6c3.cloudfront.net/916928a7-444e-4ad3-bfd0-b799e8385e4d/51e3adf5-63a6-4d18-9d42-3e158331a8f1,,"Indulge in a delightful, full-spectrum cannabis experience with KANHA's Rosin Belts. These 100mg gummies in a Strawberry Lemonade flavor offer a relaxing indica effect perfect for unwinding at the end of the day. Crafted with premium, solventless rosin extract, you'll enjoy a smooth, flavorful treat that melts in your mouth."
01951af3-fefc-7152-b09b-5c31fd43bb1f,LOST FARM,CHEWS 10PK [100MG] 2:1 THC:THCV MANGO JACK HERER,EDIBLE,100MG,SATIVA,0.21%,,22.05,THURSDAY – Q4 DAILY DEALS – LOST FARM– EDIBLES,True,lost-farm-lost-farm-chews-10pk-100mg-21-thcthcv-mango-jack-herer,https://d14jfwlo68bhyr.cloudfront.net/PMywFaHDiS.webp,,"These Lost Farm live resin chews deliver a unique 2:1 THC:THCV ratio in tropical mango flavor, featuring the uplifting Mango Jack Herer sativa strain. Each 10mg dose provides energizing effects perfect for daytime creativity and focus, with THCV adding appetite-suppressing properties. The 10-pack offers convenient dosing for cannabis consumers seeking a flavorful, functional edible experience."
01951af4-02e9-73df-bc76-b95427d06519,LOST FARM,CHEWS 10PK [100MG] CHERRY LIME X GMO,EDIBLE,100MG,INDICA,0.22%,,20.05,THURSDAY – Q4 DAILY DEALS – LOST FARM– EDIBLES,True,lost-farm-lost-farm-chews-10pk-100mg-cherry-lime-x-gmo,https://d14jfwlo68bhyr.cloudfront.net/MwMWPcchVM.webp,,"These premium indica chews from Lost Farm deliver 100mg THC in 10 perfectly dosed pieces, crafted with 100% live resin to preserve the full spectrum of cannabinoids and terpenes. The Cherry Lime x GMO strain combination offers a unique sweet-tart flavor profile with relaxing effects perfect for evening unwinding. Made with vegan-friendly, plant-based ingredients, these cannabis edibles provide a consistent and potent experience for seasoned consumers seeking quality indica relaxation."
01951af4-02eb-77af-a683-c08665cc6186,LOST FARM,CHEWS 10PK [100MG] DRAGONFRUIT X TROP CHERRY ROSIN,EDIBLE,100MG,SATIVA,0.21%,,20.05,THURSDAY – Q4 DAILY DEALS – LOST FARM– EDIBLES,True,lost-farm-lost-farm-chews-10pk-100mg-dragonfruit-x-trop-cherry-rosin,https://d14jfwlo68bhyr.cloudfront.net/Vg3OdzQNM0.webp,,"These sativa-forward live rosin chews deliver tropical dragonfruit and cherry flavors in convenient 10mg doses, perfect for daytime creativity and social energy. Made with premium live rosin extract, each pack contains 10 chews with 100mg total THC for precise, uplifting cannabis experiences."
019e7505-e72d-7bbe-8263-eddc0d547486,LOST FARM,CHEWS 10PK [100MG] PURPLE PASSIONFRUIT PURP TERP - 100 MG - 10 PACK,EDIBLE,100MG,INDICA,0.21%,,20.05,THURSDAY – Q4 DAILY DEALS – LOST FARM– EDIBLES,True,lost-farm-lost-farm-chews-10pk-100mg-purple-passionfruit-purp-terp,https://d14jfwlo68bhyr.cloudfront.net/products/1780422070612-8c28b13d-a7e6-478a-b0f6-37df3f5b9d0d.webp,,"These Lost Farm hybrid cannabis chews deliver 100mg of THC across 10 pieces, each infused with vibrant purple passionfruit flavor for a tropical taste experience. Perfect for controlled dosing, these edibles offer balanced effects that work well for both daytime creativity and evening relaxation."
01954893-9988-7448-99ba-7dcc8418fa27,LOST FARM,CHEWS 10PK [100MG] STRAWBERRY X PINK JESUS - 100 MG - 10 PACK,EDIBLE,100MG,SATIVA,0.21%,,20.05,THURSDAY – Q4 DAILY DEALS – LOST FARM– EDIBLES,True,lost-farm-lost-farm-chews-10pk-100mg-strawberry-x-pink-jesus,https://d1hhy58mqsa6c3.cloudfront.net/916928a7-444e-4ad3-bfd0-b799e8385e4d/2101b648-0c85-4f02-aba8-a1cb43072ef8,,"These Lost Farm cannabis chews deliver energetic, euphoric effects from the sativa-dominant Pink Jesus strain, crafted with 100% live resin to preserve the full spectrum of cannabinoids and terpenes. You'll taste juicy strawberry flavor with sweet citrus notes, perfect for sparking creativity and social vibes without overwhelming sedation. Each 10-pack contains individually dosed 10mg THC chews (100mg total) made with regenerative-grown cannabis and no artificial preservatives."
01951af3-ff02-7e87-ae07-e190f095343e,LOST FARM,CHEWS 10PK [100MG] WATERMELON X GELATO,EDIBLE,100MG,HYBRID,0.21%,,20.05,THURSDAY – Q4 DAILY DEALS – LOST FARM– EDIBLES,True,lost-farm-lost-farm-chews-10pk-100mg-watermelon-x-gelato,https://d14jfwlo68bhyr.cloudfront.net/1xGYZBGoUC.webp,,"These Lost Farm live resin chews deliver the balanced hybrid effects of Watermelon x Gelato in a juicy, melon-flavored edible with fresh cucumber notes. Made with 100% live resin extract that preserves the full spectrum of cannabinoids and terpenes, each 10mg chew offers a premium cannabis experience perfect for controlled dosing. Start with one chew and wait two hours before taking more to find your ideal level of relaxation and euphoria."
01951af3-ff98-7ccb-a0a1-e66e217d58d9,LOST FARM,GUMMIES 10PK [100MG] 2:1 THC:CBN BLACK RASPBERRY X NORTHERN LIGHTS,EDIBLE,100MG,INDICA,0.27%,,22.05,THURSDAY – Q4 DAILY DEALS – LOST FARM– EDIBLES,True,lost-farm-lost-farm-gummies-10pk-100mg-21-thccbn-black-raspberry-x-northern-lights,https://d14jfwlo68bhyr.cloudfront.net/sFtBjzgTiv.webp,,"Indulge in a delightfully potent and relaxing experience with these 2:1 THC:CBN Black Raspberry x Northern Lights gummies. Infused with 100mg of cannabis, these vegan-friendly treats offer a full-spectrum effect perfect for winding down after a long day. Savor the sweet, berry-forward flavor as the calming, indica-dominant blend washes over you."
01951af3-ffb2-7465-98b9-0bd7552c48e9,LOST FARM,GUMMIES 10PK [100MG] STRAWBERRY LEMONADE X SUPER LEMON HAZE,EDIBLE,100MG,SATIVA,0.25%,,20.05,THURSDAY – Q4 DAILY DEALS – LOST FARM– EDIBLES,True,lost-farm-lost-farm-gummies-10pk-100mg-strawberry-lemonade-x-super-lemon-haze,https://d14jfwlo68bhyr.cloudfront.net/l5soEbYpza.webp,,"Indulge in a delightful blend of Strawberry Lemonade and Lemon Haze with these potent 100mg Lost Farm Gummies. The sativa-dominant effects provide an uplifting, focused boost, while the citrusy flavors dance on your taste buds. Whether you're seeking a social or creative enhancement, these gummies are a versatile cannabis treat."
01951af3-f376-74e6-b4d8-2cc31d30357e,LOST FARM,GUMMIES 10PK [100MG] WATERMELON X ICE CREAM ROSIN,EDIBLE,100MG,INDICA,0.25%,,20.05,THURSDAY – Q4 DAILY DEALS – LOST FARM– EDIBLES,True,lost-farm-lost-farm-gummies-10pk-100mg-watermelon-x-ice-cream-rosin,https://d14jfwlo68bhyr.cloudfront.net/77DJ3rY4pF.webp,,"Indulge in a delightful, full-spectrum cannabis experience with these watermelon and ice cream-flavored gummies. Each 10-pack contains 100mg of potent, indica-dominant effects to help you unwind and relax. The rich, creamy taste and smooth, calming buzz make these gummies perfect for an evening of leisure."
019cafa5-e40a-7308-93c4-1e65ccced597,LOST FARM,LIVE RESIN GUMMIES 10PK [100MG] 10:10 CBG WHITE PEACH X WHITE WIDOW X WHITE CBG - 100 MG - 10 PACK,EDIBLE,100MG,HYBRID,0.25%,,22.05,THURSDAY – Q4 DAILY DEALS – LOST FARM– EDIBLES,True,lost-farm-lost-farm-live-resin-gummies-10pk-100mg-1010-cbg-white-peach-x-white-widow-x-white-cbg,https://d14jfwlo68bhyr.cloudfront.net/banners/1773492081653-cb3aabfe-8b36-497a-937e-bc16d7de9ce4.webp,,"These Lost Farm live resin gummies blend White Peach, White Widow, and White CBG strains into a balanced hybrid edible with 100mg THC and CBG in a 10-pack. Each gummy delivers a smooth, peachy flavor with the added benefits of CBG for a well-rounded cannabis experience that's perfect for both relaxation and gentle focus. The live resin extraction preserves the full terpene profile for enhanced effects and taste."
019cafa4-d8f8-798d-a5ca-ae71813c1b6c,LOST FARM,ROSIN CHEWS 10PK [100MG] VANILLA LATTE X CEREAL MILK - 100 MG - 10 PACK,EDIBLE,100MG,HYBRID,0.23%,,20.05,THURSDAY – Q4 DAILY DEALS – LOST FARM– EDIBLES,True,lost-farm-lost-farm-rosin-chews-10pk-100mg-vanilla-latte-x-cereal-milk,https://d14jfwlo68bhyr.cloudfront.net/banners/1773491950411-945e18a0-d035-4991-928b-9ac91779ae90.webp,,"These premium Lost Farm rosin chews combine the rich, coffee-forward notes of Vanilla Latte with the creamy sweetness of Cereal Milk in a hybrid cannabis edible that delivers 10mg THC per piece. Each 10-pack contains 100mg total THC extracted using solventless rosin techniques for a clean, full-spectrum experience perfect for balanced relaxation and mood enhancement. The indulgent vanilla and cereal flavors make these cannabis chews an ideal treat for both day and evening enjoyment."
0199a5ca-99a9-7355-8ece-ef377858a828,PAX,LIVE ROSIN GUMMIES 10PK [100MG] WILD STRAWBERRY - 100 MG - 10 PACK,EDIBLE,100MG,SATIVA,0.19%,,20.05,,False,pax-pax-live-rosin-gummies-10pk-100mg-wild-strawberry,https://d1hhy58mqsa6c3.cloudfront.net/916928a7-444e-4ad3-bfd0-b799e8385e4d/dcf42c8e-a39e-49e9-bc93-dc9d0481e7c7,,"These PAX live rosin gummies deliver an uplifting sativa experience with 100mg total THC across 10 sweet wild strawberry pieces. Made with solventless live rosin extraction and real fruit flavors, each gummy provides clean, energetic effects perfect for daytime focus and creativity. The full-spectrum cannabis concentrate offers a premium edible experience that's both potent and flavorful."
01951af4-06f9-7b24-a38d-b5cb3f993e19,PETRA,MINTS 40PK [100MG] 1:1 THC:CBD CINNAMON,EDIBLE,100MG,HYBRID,0.33%,0.32%,22.05,,False,petra-petra-mints-40pk-100mg-11-thccbd-cinnamon,https://d14jfwlo68bhyr.cloudfront.net/ZoxxkyZ9YX.webp,,"Enjoy a balanced 1:1 THC:CBD experience with PETRA's Cinnamon-flavored cannabis mints. These hybrid mints provide a soothing, mellow effect perfect for relaxation. The natural cinnamon taste offers a warm, spicy flavor that's perfect for any time of day."
01951af4-06fc-7fac-b4c5-051633c82ec9,PETRA,MINTS 40PK [100MG] MOROCCAN MINT,EDIBLE,100MG,HYBRID,0.33%,,20.05,,False,petra-petra-mints-40pk-100mg-moroccan-mint,https://d14jfwlo68bhyr.cloudfront.net/UMweFQ5KrX.webp,,"These delectable Moroccan Mint cannabis-infused mints offer a refreshing, full-spectrum experience. With 100mg of THC and a balanced hybrid effect, you can enjoy a discreet, uplifting boost anytime. The cool, herbal flavor delivers a delightful, long-lasting taste."
01951af4-0701-71cb-8c61-1060c68c26a9,PETRA,MINTS 40PK [80MG] 2:1 THC:CBN BLACKBERRY,EDIBLE,80MG,INDICA,0.32%,,22.05,,False,petra-petra-mints-40pk-80mg-21-thccbn-blackberry,https://d14jfwlo68bhyr.cloudfront.net/bxQapBA9m2.webp,,"Indulge in a delightful and calming cannabis experience with PETRA's 2:1 THC:CBN Blackberry Mints. These bite-sized, blackberry-flavored mints provide a soothing, full-spectrum effect perfect for relaxation. Enjoy the balanced, indica-leaning high and subtle berry notes with each refreshing mint."
0197ebea-ed63-7ab7-a292-c6478e62ce7f,QUEEN MARY,CBN SLEEP AID ROSIN GUMMIES 10PK [100MG] 2:1 MOONSTRUCK - 100 MG - 10 PACK,EDIBLE,100MG,HYBRID,0.36%,,18.05,,False,queen-mary-queen-mary-cbn-sleep-aid-rosin-gummies-10pk-100mg-21-moonstruck,https://d14jfwlo68bhyr.cloudfront.net/products/1784367970727-444b3b0d-565a-4c6c-b1b2-f650e50641a7.webp,,"MOONSTRUCK – Calming Rosin Gummy (10mg) Wind down with Moonstruck — Lavender Blueberry Nighttime Gummies crafted from fast-acting rosin and enhanced with CBN, Linalool, and soothing botanicals. Designed to ease tension and encourage a restful evening of sleep and relaxation without heavy sedation or morning hangover.  Key benefits: Relaxation + sleep support, body calming with natural sedative cannabinoids and terpenes.  Cannabis Strain: Grease Monkey Rosin:  A pure cannabis extract without the use of chemical solvents, making it a natural and flavorful option for consumption. CBN: (cannabinol) aids pain relief and rest, and has anti-inflammatory properties. Linalool: (lavender terpene) is known for its sedative and calming properties, known to help promote relaxation and enhance sleep quality."
019ed715-6f34-7826-a7dd-a4c7570bbeb9,QUEEN MARY,ROSIN GUMMIES 10PK [100MG] ENCHANTED STRAWBERRY LEMONADE - 100 MG - 10 PACK,EDIBLE,100MG,HYBRID,0.35%,0.01%,18.05,,False,queen-mary-queen-mary-rosin-gummies-10pk-100mg-enchanted-strawberry-lemonade,https://d14jfwlo68bhyr.cloudfront.net/products/1783631728076-0a5aebb0-b4b4-408d-a655-102c9a0be043.webp,,"ENCHANTED – Uplifting Rosin Gummy (10mg) A bright, uplifting daytime gummy that blends premium rosin with Rhodiola and Vitamin B-12 to support mood, stress relief, and mental clarity. A natural strawberry lemonade flavor makes it a delicious companion for creative flow, social energy, or everyday motivation.  Key benefits: Mood support + energy, balanced uplift with functional herbal and vitamin support.  Cannabis Strain: Blue Dream Vitamin B12:  Great for energy and focus; it supports the health of the brain and nervous system, maintaining cognitive function and mood. Rhodiola Rosea: has been shown to ease anxiety and depression, support better moods, lower cortisol levels, and enhance cognitive function, such as memory, focus, and mental clarity. Rosin:  A pure cannabis extract without the use of chemical solvents, making it a natural and flavorful option for consumption."
0199cf14-93bd-7e39-ab3a-e521457fb4b8,SAIDA,GUMMY BAR 10PK [100MG] 10:1 THC:CBN SLEEPY BERRY - 100 MG - 10 PACK,EDIBLE,100MG,INDICA,0.82%,,12.05,SUPER VALUE MENU – 50% OFF,True,saida-saida-gummy-bar-10pk-100mg-101-thccbn-sleepy-berry,https://d1hhy58mqsa6c3.cloudfront.net/916928a7-444e-4ad3-bfd0-b799e8385e4d/3a91e88c-84ea-4476-828d-b44ff7254e09,,"This indica-dominant gummy bar from Saida delivers 100mg THC plus 10mg CBN in a sweet berry flavor, specifically crafted for nighttime relaxation and sleep. Each bar divides into 10 bite-sized pieces and features calming chamomile and lavender extracts that work with the THC:CBN ratio to promote deep, restful sleep. Perfect for unwinding after a long day, this cannabis edible offers a fruity taste with powerful sleepy effects that make it ideal for bedtime use."
0199cf12-24f6-7828-8a25-765a3c42a4d4,SAIDA,GUMMY BAR 10PK [100MG] BERRIES & CREAM - 100 MG - 10 PACK,EDIBLE,100MG,HYBRID,0.82%,,10.05,SUPER VALUE MENU – 50% OFF,True,saida-saida-gummy-bar-10pk-100mg-berries-cream,https://d1hhy58mqsa6c3.cloudfront.net/916928a7-444e-4ad3-bfd0-b799e8385e4d/8f88defb-cdcf-445d-89f2-dfacfd7e8e2d,,"This hybrid cannabis edible from SAIDA delivers a balanced experience with sweet berries and cream flavor that masks any cannabis taste. Each gummy bar contains 10 precisely dosed pieces at 10mg THC each, making it easy to control your intake whether you're seeking uplifted creativity or relaxing euphoria. Perfect for both cannabis newcomers and experienced users looking for a delicious, discreet way to enjoy 100mg of premium THC distillate."
0199cf12-ca69-7792-b1c3-f6f8dc0729fc,SAIDA,GUMMY BAR 10PK [100MG] RAINBOW SHERBET - 100 MG - 10 PACK,EDIBLE,100MG,INDICA,0.82%,,10.05,SUPER VALUE MENU – 50% OFF,True,saida-saida-gummy-bar-10pk-100mg-rainbow-sherbet,https://d1hhy58mqsa6c3.cloudfront.net/916928a7-444e-4ad3-bfd0-b799e8385e4d/b6580f23-7076-460c-aa27-8aceeba2b0c6,,"Indulge in the sweet, fruity flavors of our SAIDA Rainbow Sherbet Gummy Bars. Each 10-pack contains 100mg of premium cannabis oil for a relaxing, full-spectrum experience. Enjoy the calming indica effects while savoring the vibrant citrus and berry notes."
0199cf13-8c6d-711f-b94a-e12c729c1f98,SAIDA,GUMMY BAR 10PK [100MG] TROPICAL BLUE RAZZ - 100 MG - 10 PACK,EDIBLE,100MG,SATIVA,0.83%,,10.05,SUPER VALUE MENU – 50% OFF,True,saida-saida-gummy-bar-10pk-100mg-tropical-blue-razz,https://d1hhy58mqsa6c3.cloudfront.net/916928a7-444e-4ad3-bfd0-b799e8385e4d/e2095f1f-4e23-44d5-86a1-de08a8d961db,,"This sativa-dominant gummy bar delivers 100mg of THC across 10 perfectly portioned pieces with a sweet tropical blue raspberry flavor. Expect euphoric and energetic effects that boost creativity and focus, making it perfect for experienced cannabis users seeking an uplifting daytime edible experience."
0197e0ac-6270-7923-96cf-7853c59a5f9a,WYLD,GUMMIES 10PK [100G] 1:1 THC:THCV KIWI - 100 MG - 10 PACK,EDIBLE,100MG,SATIVA,0.26%,,22.05,,False,wyld-wyld-gummies-10pk-100g-11-thcthcv-kiwi,https://d1hhy58mqsa6c3.cloudfront.net/916928a7-444e-4ad3-bfd0-b799e8385e4d/45180122-cc36-4c87-9031-faff1fc6cdf2,,"These delicious Kiwi-flavored gummies from WYLD offer a balanced 1:1 THC to THCV ratio, providing a sativa-leaning experience. With 100mg of cannabis in each 10-pack, you'll enjoy a smooth, uplifting buzz perfect for social gatherings or creative activities. The bright, tropical kiwi flavor makes these gummies a tasty and potent treat."
01951af3-f318-73dc-aa36-8f4adbbbfdd5,WYLD,GUMMIES 10PK [100MG] 1:1 THC:CBC BLOOD ORANGE,EDIBLE,100MG,SATIVA,0.25%,,22.05,,False,wyld-wyld-gummies-10pk-100mg-11-thccbc-blood-orange,https://d14jfwlo68bhyr.cloudfront.net/B30Y7b8wb2.webp,,"Indulge in a delightful 1:1 THC:CBC balance with WYLD's Blood Orange Gummies. These sativa-dominant edibles offer a burst of citrusy flavor and a well-rounded, uplifting experience. Enjoy the convenience of pre-portioned 10mg servings that are perfect for any time of day."
01951af3-f31b-7022-9424-3c88a9cdbed0,WYLD,GUMMIES 10PK [100MG] 1:1 THC:CBD POMEGRANATE,EDIBLE,100MG,HYBRID,0.24%,0.25%,22.05,,False,wyld-wyld-gummies-10pk-100mg-11-thccbd-pomegranate,https://d14jfwlo68bhyr.cloudfront.net/dXNRd4duWl.webp,,"Indulge in a delightful balance of THC and CBD with Wyld's Pomegranate Gummies. This 1:1 hybrid blend delivers a soothing, full-spectrum experience in a convenient, 10-pack of 100mg edibles. Savor the tart, fruity flavors as the calming effects gently wash over you."
01951af3-f320-79fa-8dc8-dedbce3defdf,WYLD,GUMMIES 10PK [100MG] 1:1 THC:CBG PEAR,EDIBLE,100MG,HYBRID,0.26%,,22.05,,False,wyld-wyld-gummies-10pk-100mg-11-thccbg-pear,https://d14jfwlo68bhyr.cloudfront.net/F2EzLAAewd.webp,,"Enjoy a delightful 1:1 balance of THC and CBG in these Wyld Pear Gummies. The hybrid cannabis blend delivers a smooth, relaxing experience with subtle citrus and pear flavors that dance on your tongue. Perfect for unwinding or socializing, these 10mg gummies are a convenient and discreet way to explore the benefits of full-spectrum cannabis."
01951af3-f322-789a-a696-3d89d87b8963,WYLD,GUMMIES 10PK [100MG] 1:1:1 THC:CBD:CBN BOYSENBERRY,EDIBLE,100MG,INDICA,0.24%,0.25%,22.05,,False,wyld-wyld-gummies-10pk-100mg-111-thccbdcbn-boysenberry,https://d14jfwlo68bhyr.cloudfront.net/XqNhLchMYO.webp,,"These Wyld Gummies offer a balanced 1:1:1 blend of THC, CBD, and CBN for a relaxing, full-spectrum experience. Infused with natural boysenberry flavor, these 10mg gummies provide a smooth, mellow high perfect for unwinding after a long day."
01951af3-f324-737a-8753-c7dc97a2ead2,WYLD,GUMMIES 10PK [100MG] 1:1:1 THC:CBG:CBC GRAPEFRUIT,EDIBLE,100MG,SATIVA,0.25%,,22.05,,False,wyld-wyld-gummies-10pk-100mg-111-thccbgcbc-grapefruit,https://d14jfwlo68bhyr.cloudfront.net/MzZAARJoux.webp,,"These delicious 1:1:1 THC:CBG:CBC gummies offer a balanced, uplifting sativa-dominant experience. Infused with natural grapefruit flavor, each 10mg piece provides a smooth, full-spectrum effect perfect for daytime relaxation or social occasions. Enjoy the citrusy aroma and bright, invigorating effects."
01951af3-f328-7555-87ea-d9d4d5224b9e,WYLD,GUMMIES 10PK [100MG] 2:1 THC:CBN ELDERBERRY,EDIBLE,100MG,INDICA,0.24%,,22.05,,False,wyld-wyld-gummies-10pk-100mg-21-thccbn-elderberry,https://d14jfwlo68bhyr.cloudfront.net/sIl1YWvGBY.webp,,"These 2:1 THC:CBN elderberry gummies from Wyld provide a deeply relaxing, full-spectrum cannabis experience. The indica-dominant blend delivers a smooth, calming effect that's perfect for unwinding after a long day. With a sweet, fruity flavor, these 10mg gummies are ideal for consumers seeking a mellowing, sleep-enhancing experience."
01951af3-f342-76c8-8290-c193ee647737,WYLD,GUMMIES 10PK [100MG] HUCKLEBERRY,EDIBLE,100MG,HYBRID,0.25%,,18.05,,False,wyld-wyld-gummies-10pk-100mg-huckleberry,https://d14jfwlo68bhyr.cloudfront.net/u5ygeRbsSu.webp,,"Indulge in the delightful huckleberry flavor of these WYLD Gummies. Infused with 100mg of hybrid cannabis, these bite-sized treats offer a balanced, full-spectrum experience that's perfect for relaxation or social occasions. Enjoy the smooth, fruity taste and the gentle, uplifting effects that will have you feeling happy and content."
01951af3-f34b-7be6-848c-97d08f281c99,WYLD,GUMMIES 10PK [100MG] MARIONBERRY,EDIBLE,100MG,INDICA,0.23%,,18.05,,False,wyld-wyld-gummies-10pk-100mg-marionberry,https://d14jfwlo68bhyr.cloudfront.net/D5qis1rhTd.webp,,"Indulge in a delectable blend of marionberry flavor and soothing indica effects with these 100mg THC gummies. Infused with high-quality cannabis extract, each chewy bite delivers a relaxing experience perfect for unwinding after a long day."
019eb35a-2c42-77c1-be31-a62b8ad09557,WYLD,GUMMIES 10PK [100MG] PRICKLY PEAR - 100 MG - 10 PACK,EDIBLE,100MG,HYBRID,0.25%,,18.05,,False,wyld-wyld-gummies-10pk-100mg-prickly-pear,,,
01951af3-f356-7a21-8cee-79ba7a1df26c,WYLD,GUMMIES 10PK [100MG] RASPBERRY,EDIBLE,100MG,SATIVA,0.24%,,18.05,,False,wyld-wyld-gummies-10pk-100mg-raspberry,https://d14jfwlo68bhyr.cloudfront.net/zgty8syh1r.webp,,"Infused with 100mg of full-spectrum cannabis, these raspberry-flavored Wyld gummies deliver a sativa-dominant experience that's uplifting and energizing. Enjoy a delicious, fruity taste as you feel a gentle buzz that enhances focus and creativity."
01951af3-f359-7822-8d5e-55e1d907e046,WYLD,GUMMIES 10PK [100MG] SOUR APPLE,EDIBLE,100MG,SATIVA,0.25%,,18.05,,False,wyld-wyld-gummies-10pk-100mg-sour-apple,https://d14jfwlo68bhyr.cloudfront.net/8rUwWdLdlg.webp,,"Unleash your senses with these WYLD Sour Apple Gummies. Infused with a sativa-dominant blend of THC, these chewy bites deliver a potent 100mg dose in a delightfully tart and fruity package. Enjoy an uplifting, energizing experience perfect for social gatherings or creative pursuits."
01951af3-f35e-7f9d-83b9-81e26e2bd5a3,WYLD,GUMMIES 10PK [100MG] SOUR CHERRY,EDIBLE,100MG,INDICA,0.26%,,18.05,,False,wyld-wyld-gummies-10pk-100mg-sour-cherry,https://d14jfwlo68bhyr.cloudfront.net/rbtOMnJvg1.webp,,"Experience a delightful, full-spectrum cannabis gummy with a sour cherry flavor. These indica-dominant edibles provide a relaxing, calming effect to help you unwind after a long day. Each 10-pack contains 100mg of premium, all-natural cannabis extract for a balanced, enjoyable experience."
01951af3-f379-7529-b183-f34a0b7806b6,WYLD,GUMMIES 10PK [10MG] 20:1 CBD:THC STRAWBERRY,EDIBLE,10MG,HYBRID,0.03%,0.54%,22.05,,False,wyld-wyld-gummies-10pk-10mg-201-cbdthc-strawberry,https://d14jfwlo68bhyr.cloudfront.net/1mSMdKd9Cg.webp,,"These delicious 20:1 CBD:THC strawberry gummies offer a relaxing, balanced experience. With 10mg of CBD and just a touch of THC, you'll feel a gentle calming effect without the heavy sedation. The natural strawberry flavor provides a sweet, fruity taste that's perfect for daytime or social occasions."
01951af3-f380-76b8-a774-c5cebc408381,WYLD,GUMMIES 10PK [50MG] 2:1 CBD:THC PEACH,EDIBLE,50MG,HYBRID,0.12%,0.25%,20.05,,False,wyld-wyld-gummies-10pk-50mg-21-cbdthc-peach,https://d14jfwlo68bhyr.cloudfront.net/z5hN02qwuE.webp,,"Enjoy a delightful, full-spectrum cannabis experience with WYLD's 2:1 CBD:THC Peach Gummies. These hybrid edibles offer a balanced, relaxing high with a sweet, fruity flavor that's perfect for any time of day."
0199dc19-d140-7f70-b2e7-31eb03d57334,710LABS,LIVE ROSIN BADDER [1G] BOOTYLICIOUS #1 - 1 G,EXTRACT,1G,HYBRID,61.89%,,55.05,,False,710labs-710labs-live-rosin-badder-1g-bootylicious-1,https://d1hhy58mqsa6c3.cloudfront.net/916928a7-444e-4ad3-bfd0-b799e8385e4d/49c0958e-11dc-4324-a047-03f8f6caef8b,,"This 710 Labs hybrid live rosin badder delivers a balanced experience with citrus and sweet flavors that spark creativity while keeping you focused and energized. The solvent-free concentrate's full-spectrum profile provides uplifting effects perfect for daytime productivity or social activities, finishing with gentle relaxation that won't weigh you down."
0197a835-9ffd-7e94-a8ad-2a428b478e7d,710LABS,LIVE ROSIN BADDER [1G] GAKOLINA #9 - 1 G,EXTRACT,1G,HYBRID,65.90%,,55.05,,False,710labs-710labs-live-rosin-badder-1g-gakolina-9,https://d1hhy58mqsa6c3.cloudfront.net/916928a7-444e-4ad3-bfd0-b799e8385e4d/6712f48b-405e-4aed-851b-45a91365c02e,,"710 Labs' Gakolina #9 live rosin badder is a solventless cannabis extract built for connoisseurs who want maximum flavor — cold-cured to a creamy, workable consistency with a terpene profile that leans tropical, citrus, and sweet. This hybrid extract delivers euphoric, uplifted effects with a creative edge, making it a strong pick for social sessions or unwinding without going fully sedated. If you're looking for a premium live rosin at your dispensary that hits on both taste and effect, Gakolina #9 is worth the reach."
019db8e5-c2a8-764f-ba41-4a581f4bf5bc,710LABS,LIVE ROSIN BADDER [1G] PAPAYA FUMEZ #17 - 1 G,EXTRACT,1G,HYBRID,68.35%,,55.05,,False,710labs-710labs-live-rosin-badder-1g-papaya-fumez-17,https://d14jfwlo68bhyr.cloudfront.net/products/1775063783332-ad2b3f49-003b-46ee-8de0-0366f31f7125.webp,,
01a063e0-0538-7b5f-8d81-6f75628687a2,710LABS,LIVE ROSIN BADDER [1G] SHERB FUMEZ #1 - 1 G,EXTRACT,1G,HYBRID,65.25%,,55.05,,False,710labs-710labs-live-rosin-badder-1g-sherb-fumez-1,https://d14jfwlo68bhyr.cloudfront.net/products/1778076923787-184a63eb-3790-41e8-bc98-07e8435e94d1.webp,,
019fa332-2639-7810-9c3b-b41f9f2ab665,710LABS,LIVE ROSIN BADDER [1G] SOUR TANGIE + RICK JAMEZ #3 - 1 G,EXTRACT,1G,,66.20%,,55.05,,False,710labs-710labs-live-rosin-badder-1g-sour-tangie-rick-jamez-3,https://d14jfwlo68bhyr.cloudfront.net/products/1785343933389-64c552c9-2877-4ffd-8b10-9def7364c286.webp,,"710 Labs' Sour Tangie + Rick Jamez #3 live rosin badder is a solventless cannabis extract that delivers the sharp citrus and diesel funk these two strains are known for, pressed into a creamy, workable badder consistency. Expect an uplifting, clear-headed effect profile typical of Sour Tangie-forward genetics, making this 1g extract a strong pick for daytime dabs when you want potency without the couch. If you're shopping a dispensary for a premium solventless concentrate from a trusted brand, 710 Labs consistently sets the standard."
0196f8fa-92e6-7a41-b9cf-9c03809bd5ba,710LABS,LIVE ROSIN BADDER [1G] STRAWBERRY GUAVA #9 - 1 G,EXTRACT,1G,HYBRID,70.93%,,55.05,,False,710labs-710labs-live-rosin-badder-1g-strawberry-guava-9,https://d1hhy58mqsa6c3.cloudfront.net/916928a7-444e-4ad3-bfd0-b799e8385e4d/69f33abd-3e35-4bff-8982-27e61c9cb4b3,,"710 Labs' Strawberry Guava #9 live rosin badder is a 1g solventless cannabis concentrate cold-cured to a smooth, workable consistency that preserves the strain's tropical and sweet terpene profile. As a hybrid extract, it delivers a relaxing yet uplifted effect — a solid pick for unwinding without fully checking out. If you're looking for a premium, full-flavor dab at the dispensary, this is one worth reaching for."
019f87d6-969e-7b36-85e9-8b33f59bc3f6,710LABS,LIVE ROSIN BADDER [1G] THE RUCKER #1 + PIELATTI - 1 G,EXTRACT,1G,,67.11%,,55.05,,False,710labs-710labs-live-rosin-badder-1g-the-rucker-1-pielatti,https://d14jfwlo68bhyr.cloudfront.net/products/1784733299399-fb9dc9db-4933-460e-9117-24bd29e42d90.webp,,"710 Labs' The Rucker #1 + Pielatti live rosin badder is a solventless cannabis concentrate pressing two coveted strains into one gram of rich, terpene-forward extract, clocking in at over 67% THC with a THCA content pushing nearly 73%. The badder consistency makes it easy to work with — smooth, scoopable, and packed with the fresh-frozen flavor complexity that 710 Labs is known for at the dispensary level. Best suited for experienced concentrate consumers looking for a potent, full-spectrum session with serious depth."
0197bcf9-ef02-745b-92e2-f0773bc9a7a8,710LABS,LIVE ROSIN BADDER [1G] TROPICANNA GRAPE CAKE #11 - 1 G,EXTRACT,1G,HYBRID,67.14%,,55.05,,False,710labs-710labs-live-rosin-badder-1g-tropicanna-grape-cake-11,https://d1hhy58mqsa6c3.cloudfront.net/916928a7-444e-4ad3-bfd0-b799e8385e4d/d051e1c2-0962-4cc6-86b6-0bde8626005a,,"This premium solventless live rosin badder from 710Labs delivers the full flavor profile of Tropicanna Grape Cake #11 with sweet tropical and citrus notes that shine through the creamy, spreadable consistency. The hybrid strain provides a balanced experience that starts euphoric and creative, then settles into focused relaxation — perfect for dabbing or vaping when you want both mental clarity and physical relief."
01951af4-089f-71ae-841d-1acd71730759,710LABS,PERSY BADDER [1G] GRAPEFRUIT OG,EXTRACT,1G,HYBRID,67.76%,,70.05,,False,710labs-710labs-persy-badder-1g-grapefruit-og,https://d14jfwlo68bhyr.cloudfront.net/e7GdtJSSzL.avif,,"This premium 710Labs live rosin badder delivers the classic citrusy punch of Grapefruit OG in a creamy, full-spectrum cannabis concentrate. The hybrid strain offers a balanced experience that's perfect for dabbing enthusiasts seeking top-shelf quality and rich terpene profiles. Expect bright grapefruit flavors with earthy undertones in this solventless extract."
01951af4-08c2-776b-9d4a-2355925f8832,710LABS,PERSY BADDER [1G] SOUR TANGIE - 1 G,EXTRACT,1G,HYBRID,64.69%,,70.05,,False,710labs-710labs-persy-badder-1g-sour-tangie,https://d14jfwlo68bhyr.cloudfront.net/banners/1772538761813-7d23b35d-5cad-4459-b79b-bf3b83e89ce5.webp,,"This premium 710Labs Persy Badder live rosin concentrate delivers the bright, citrusy essence of Sour Tangie in a smooth, terpene-rich extract that's perfect for dabbing. The hybrid effects provide an uplifting, energetic buzz that's ideal for daytime use or creative sessions. Crafted using 710Labs' signature solventless extraction process, this 1-gram concentrate offers potent THC levels with exceptional flavor preservation."
01a063e0-a5f9-702d-9f01-08208e487d4e,710LABS,PERSY BADDER [1G] THE RUCKER #1 - 1 G,EXTRACT,1G,,63.96%,,70.05,,False,710labs-710labs-persy-badder-1g-the-rucker-1,,,
01951af4-0936-7b46-87af-ef38dcbb42a1,710LABS,PERSY ROSIN [1G] SUPER FREAK - 1 G,EXTRACT,1G,HYBRID,59.81%,,70.05,,False,710labs-710labs-persy-rosin-1g-super-freak,https://d14jfwlo68bhyr.cloudfront.net/JRlG2Lguwq.webp,,"This premium 710Labs live rosin concentrate delivers a balanced hybrid experience with sweet, pine, and citrus flavors that shine through the solventless extraction process. Super Freak provides focused creativity and uplifting euphoria that transitions into gentle relaxation, making it perfect for daytime productivity or evening wind-down sessions. The fresh-frozen extraction preserves maximum terpenes for clean, potent dabs that showcase this strain's complex flavor profile."
019e1861-7e39-7382-bd10-6e7f14528bb8,710LABS,PERSY SAUCE [1G] PAPAYA FUMEZ #17 - 1 G,EXTRACT,1G,HYBRID,66.35%,,75.05,,False,710labs-710labs-persy-sauce-1g-papaya-fumez-17,https://d14jfwlo68bhyr.cloudfront.net/products/1779115778959-da948a1d-09de-4fed-9368-fd4b451b3d7f.webp,,"This premium 710Labs Persy Sauce live rosin concentrate delivers potent hybrid effects with 69.93% THC, crafted from the exotic Papaya Fumez #17 strain. The full-spectrum extract preserves natural terpenes and cannabinoids for a rich, flavorful dabbing experience that balances relaxation with mental clarity. Perfect for concentrate connoisseurs seeking top-shelf cannabis quality and clean, solventless extraction methods."
01a063e2-9abe-78fc-855e-f133aca7cb14,710LABS,RSO OIL [1G] TERP QUEST #27 - 1 G,EXTRACT,1G,,62.80%,,35.04,,False,710labs-710labs-rso-oil-1g-terp-quest-27,,,
019da29e-1aa0-7e7b-a853-cfb4d4d79401,AY PAPI,LIVE ROSIN [1G] LYCHEE BERRY - 1 G,EXTRACT,1G,HYBRID,66.67%,0.15%,65.05,,False,ay-papi-ay-papi-live-rosin-1g-lychee-berry,https://d14jfwlo68bhyr.cloudfront.net/products/1776865712331-e99afac6-acbd-43be-8bcb-910955082cde.webp,,"This premium live rosin concentrate from AY PAPI delivers the exotic tropical sweetness of Lychee Berry in a potent, full-spectrum extract. The hybrid strain offers a balanced cannabis experience with rich terpene preservation from the solventless extraction process. Perfect for dabbing enthusiasts seeking flavorful concentrate with clean, smooth effects."
019ffc86-5701-7412-94a2-7c90abce5c61,BEAR LABS,LIVE RESIN BUDDER TIER 2 [1G] CHERRY SLUSHIE - 1 G,EXTRACT,1G,HYBRID,67.84%,0.13%,60.05,,False,bear-labs-bear-labs-live-resin-budder-tier-2-1g-cherry-slushie,https://d14jfwlo68bhyr.cloudfront.net/products/1787584222248-530af0cd-f0ce-4db0-b13d-99fe71aa7a56.webp,,"Bear Labs' Cherry Slushie live resin budder is a 67.8% THC hybrid cannabis extract with a terpene profile dominated by beta-caryophyllene, limonene, and linalool — delivering a sweet, fruity, slightly spicy character that mirrors the strain's name. The budder consistency makes it easy to work with, and the high-potency live resin process preserves the full spectrum of the plant's flavor and effects for a well-rounded, hard-hitting experience. A solid pick for concentrate enthusiasts looking for something flavorful and potent available at your dispensary."
019d8d85-e205-7694-b4ed-6bae7a327150,BEAR LABS,LIVE ROSIN TIER 2 [1G] STRAWBERRY MELT BELTZ - 1 G,EXTRACT,1G,HYBRID,66.91%,0.13%,60.05,,False,bear-labs-bear-labs-live-rosin-tier-2-1g-strawberry-melt-beltz,https://d14jfwlo68bhyr.cloudfront.net/products/1778246795583-5d9d7802-4b75-4493-997b-e3d36345fc87.webp,,"This premium Bear Labs live rosin concentrate delivers 66.9% THC in a potent hybrid experience with sweet strawberry flavors and hints of berry. The Strawberry Melt Beltz strain offers balanced effects perfect for versatile use, while the solventless extraction preserves the full terpene profile including limonene and beta-caryophyllene for a clean, flavorful dab."
01951af3-f1e8-7256-9b0f-d6d84a3eb33b,BEARD BROS PHARMS,FSO [1G] THC,EXTRACT,1G,HYBRID,73.20%,0.15%,45.05,THURSDAY – Q4 DAILY DEALS – BEARD BROS– WELLNESS,True,beard-bros-pharms-beard-bros-pharms-fso-1g-thc,https://d14jfwlo68bhyr.cloudfront.net/NGKxTprnhM.webp,,"Beard Bros Pharms High THC FSO is a 1g, whole-plant extract that defines the standard for medical cannabis. Utilizing a 20:1 THC-to-CBD ratio and Dablicator™ hardware for precision dosing, this oil is a pure, potent alternative to smoking or vaping. With an earthy, raw cannabis flavor, it is designed for experienced users and medical patients seeking powerful relief from pain, insomnia, and stress. It is a versatile, vegan-friendly solution that can be ingested directly, added to food, or applied topically."
0197ad6a-3a68-79e1-ab11-1270f3d1cd34,BEARD BROS PHARMS,RSO FULL SPECTRUM OIL [1G] 1:1 THC:CBD - 1 G,EXTRACT,1G,HYBRID,,,45.05,THURSDAY – Q4 DAILY DEALS – BEARD BROS– WELLNESS,True,beard-bros-pharms-beard-bros-pharms-rso-full-spectrum-oil-1g-11-thccbd,https://d1hhy58mqsa6c3.cloudfront.net/916928a7-444e-4ad3-bfd0-b799e8385e4d/22843adb-93e7-447e-a25d-0861099ccd03,,"This full-spectrum RSO from Beard Bros Pharms delivers a perfectly balanced 1:1 THC to CBD ratio at 35% potency each, creating harmonious effects that combine gentle euphoria with calming relaxation. The hybrid concentrate retains the complete cannabinoid and terpene profile through careful extraction, offering versatile dosing with a mess-free syringe applicator for both oral and topical use. Ideal for those seeking therapeutic balance without overwhelming psychoactive effects."
01a06e02-522d-784f-a448-0dc35c3f304d,CANNABIOTIX,LIVE ROSIN TIER 2 [1G] IN RAINBOWS - 1 G,EXTRACT,1G,HYBRID,74.13%,0.22%,45.05,,False,cannabiotix-cannabiotix-live-rosin-tier-2-1g-in-rainbows,https://d14jfwlo68bhyr.cloudfront.net/products/1784653364432-0422e27a-69d2-4174-a926-b12637bf51a1.webp,,
019a0fd2-f632-7fb2-974f-c5aa0cb4c36f,CANNABIOTIX,TERP SUGAR [1G] MANGO MILK - 1 G,EXTRACT,1G,HYBRID,76.62%,0.12%,30.05,EVERYDAY DISCOUNT - CBX TERP SUGAR - 30%,True,cannabiotix-cannabiotix-terp-sugar-1g-mango-milk,https://d1hhy58mqsa6c3.cloudfront.net/916928a7-444e-4ad3-bfd0-b799e8385e4d/28ea8b56-685d-4639-8fd8-fb9f43eba6b5,,"This Cannabiotix hybrid live resin terp sugar delivers creamy tropical mango flavors with sweet undertones at 79.8% THC. The energizing and creative effects make this concentrate perfect for daytime dabbing when you want to stay productive and inspired. Made using fresh-frozen cannabis to preserve the full terpene profile, this sugar wax offers potent THC content with smooth, flavorful vapor."
01988607-a438-7070-8b46-6a68bdcb7e4f,CHICO'S BEST,MYSTIC WAX [1G] CHILL WEDDING PIE - 1 G,EXTRACT,1G,INDICA,71.23%,0.12%,20.05,EVERYDAY DISCOUNT - CHICO'S BEST - 30% OFF,True,chicos-best-chicos-best-mystic-wax-1g-chill-wedding-pie,https://d1hhy58mqsa6c3.cloudfront.net/916928a7-444e-4ad3-bfd0-b799e8385e4d/1fe380c0-2809-4f1b-b8d0-4cd013fffe71,,"Relax and unwind with Chico's Best Mystic Wax, a potent indica concentrate that delivers a smooth, calming experience. This 1g wax features a delightful Chill Wedding Pie aroma and flavor profile, perfect for an evening of deep relaxation."
0197ad45-0b63-75f0-941a-7b01599580dd,CHICO'S BEST,MYSTIC WAX [1G] INSPIRE GALACTIC GAS - 1 G,EXTRACT,1G,SATIVA,71.13%,0.11%,20.05,EVERYDAY DISCOUNT - CHICO'S BEST - 30% OFF,True,chicos-best-chicos-best-mystic-wax-1g-inspire-galactic-gas,https://d1hhy58mqsa6c3.cloudfront.net/916928a7-444e-4ad3-bfd0-b799e8385e4d/6ce47776-924b-44db-b321-4648312632e3,,"This full-spectrum sativa wax delivers an uplifting, cerebral high perfect for creative tasks or social gatherings. The Galactic Gas strain's pungent, fuel-like aroma and flavor provide a unique sensory experience. Enjoy this potent cannabis concentrate for a focused, energetic boost."
01a049b0-cab8-7b33-bce6-183d68124e76,GREENLINE,LIVE RESIN BADDER [1G] ORANGE TREE - 1 G,EXTRACT,1G,,80.48%,0.13%,15.05,,False,greenline-greenline-live-resin-badder-1g-orange-tree,https://d14jfwlo68bhyr.cloudfront.net/products/1788881408963-5e023aff-7abd-4e1c-a099-8cbf8e480ccc.webp,,"Greenline's Orange Tree live resin badder is a 1g cannabis extract made from fresh-frozen flower, preserving the strain's natural terpene profile for a rich, true-to-plant experience. Expect the sweet, citrusy aroma Orange Tree is known for — bright orange and earthy undertones that translate directly into every dab. A smooth, flavorful concentrate well-suited for experienced cannabis consumers looking for potent effects and full-spectrum flavor from a quality dispensary extract."
01a049b1-7d83-7289-88c8-30337bff12f7,GREENLINE,LIVE RESIN SUGAR [1G] JACK DIESEL - 1 G,EXTRACT,1G,,83.00%,0.08%,15.05,,False,greenline-greenline-live-resin-sugar-1g-jack-diesel,https://d14jfwlo68bhyr.cloudfront.net/products/1788881600008-69e2e569-8fc0-45ae-bb73-8f42ae77b283.webp,,"Greenline's Jack Diesel live resin sugar is a high-potency cannabis extract clocking in at 83% THC, made by flash-freezing fresh plant material to lock in the full terpene profile of this fuel-forward, sativa-leaning strain. Expect the sharp, diesel-drenched aroma Jack Diesel is known for, with a texture that's easy to work with whether you're dabbing or topping a bowl. This 1g concentrate from your dispensary's extract shelf is a solid pick for experienced consumers chasing a fast-acting, clear-headed kick."
019982b6-3e5f-77f5-8a6b-314b839d4ac2,ICED,SUGAR DIAMONDS [1G] LEMON TREE - 1 G,EXTRACT,1G,SATIVA,77.16%,0.16%,15.05,,False,iced-iced-sugar-diamonds-1g-lemon-tree,https://d1hhy58mqsa6c3.cloudfront.net/916928a7-444e-4ad3-bfd0-b799e8385e4d/23638727-30cc-43e2-ad97-3111fec40af5,,"Elevate your sativa experience with ICED's SUGAR DIAMONDS [1G] LEMON TREE. This premium cannabis concentrate delivers a potent, cerebral high with a bright, citrus-forward aroma and flavor. Enjoy the uplifting, creative effects of this sativa-dominant extract anytime you need a boost."
01a05ca4-c25f-758c-a2d9-a853389abfc1,MOON VALLEY,LIVE ROSIN COLD CURE [1G] ORANGE MALT - 1 G,EXTRACT,1G,,68.05%,0.29%,80.05,MOON VALEY - 30% OFF CONCENTRATES,True,moon-valley-moon-valley-live-rosin-cold-cure-1g-orange-malt,,,
019db8f1-4eb6-7913-80ea-bf920f36ff35,NASHA,PRESSED HASH BLUE [1.2G] PAPAYA BOMB - 1 G,EXTRACT,1G,HYBRID,59.13%,0.19%,35.04,,False,nasha-nasha-pressed-hash-blue-1-2g-papaya-bomb,https://d14jfwlo68bhyr.cloudfront.net/products/1776979775790-f6383e30-b3ae-42d5-b4f8-9dacc2cc0e56.webp,,"This premium NASHA pressed hash delivers the tropical essence of Papaya Bomb in a potent, solventless concentrate perfect for dabbing or vaporizing. The hybrid strain offers a balanced experience that's ideal for both creative sessions and relaxed evenings. Crafted using traditional hash-making techniques, this full-spectrum extract preserves the natural terpenes and cannabinoids for an authentic cannabis experience."
019df3b0-d657-7cf5-baf2-21051a2e8e04,NASHA,PRESSED HASH RED [1.2G] OG HEADBAND - 1.2 G,EXTRACT,1.2G,INDICA,58.58%,0.18%,32.04,,False,nasha-nasha-pressed-hash-red-1-2g-og-headband,https://d14jfwlo68bhyr.cloudfront.net/products/1778690007046-17fb8a4f-f3bd-4ec7-9968-de1c2d121f26.webp,,"This premium NASHA pressed hash delivers the classic OG Headband indica experience with 58.6% THC potency in a traditional solventless concentrate. The rich, earthy hash provides deep relaxation and sedating effects perfect for evening use. Each 1.2-gram brick offers old-school cannabis concentrate craftsmanship with the heavy-hitting body effects that make OG Headband a legendary indica strain."
019e1850-2090-7039-9326-f4cabede5305,NASHA,UNPRESSED HASH ORANGE [1.2G] PAPAYA JUICE - 1.2 G,EXTRACT,1.2G,SATIVA,64.14%,0.21%,30.05,,False,nasha-nasha-unpressed-hash-orange-1-2g-papaya-juice,https://d14jfwlo68bhyr.cloudfront.net/products/1778689448192-ca316a7b-d608-40a1-88ae-57a17ea1cb59.webp,,"This premium unpressed hash from NASHA delivers the tropical essence of Papaya Juice sativa strain with 64% THC potency for an uplifting, energetic experience. The solventless concentrate maintains the full terpene profile and cannabinoid spectrum, making it perfect for dabbing enthusiasts who want clean, flavorful hits that inspire creativity and focus. Ideal for daytime use when you need motivation with a smooth, fruity finish."
019edba3-9733-79eb-b419-432c67754744,OAKLAND EXTRACTS,COLD CURE LIVE ROSIN [1G] LEMON POUNDCAKE - 1 G,EXTRACT,1G,HYBRID,73.11%,0.29%,30.05,,False,oakland-extracts-oakland-extracts-cold-cure-live-rosin-1g-lemon-poundcake,https://d14jfwlo68bhyr.cloudfront.net/products/1781878892992-4f3d6f7e-1966-492c-b3b2-34216e7b2b89.webp,,"Oakland Extracts' Lemon Poundcake cold cure live rosin delivers a rich, dessert-forward concentrate experience — think bright citrus zest layered over buttery, doughy sweetness — in a solventless 1g extract that preserves the full terpene profile of the fresh cannabis plant. At 73% THC with an impressive 82% THCA, this potent hybrid hits hard and clean, making it a go-to for concentrate enthusiasts who want maximum effect without compromise. Best enjoyed when you have time to settle in, this dispensary-exclusive rosin from Oakland Extracts is the kind of quality that speaks for itself."
019efc3c-d219-7d70-90cc-cb69a5587b24,OAKLAND EXTRACTS,COLD CURE LIVE ROSIN [1G] MIMOSA MINTZ - 1 G,EXTRACT,1G,HYBRID,74.13%,0.28%,30.05,,False,oakland-extracts-oakland-extracts-cold-cure-live-rosin-1g-mimosa-mintz,https://d14jfwlo68bhyr.cloudfront.net/products/1782308446789-4c65e1b4-8ccc-4191-9912-14dc0c7b350e.webp,,
019efc37-ca54-7097-83df-ed1860ccf7e8,OAKLAND EXTRACTS,COLD CURE LIVE ROSIN [1G] STRAWPAYA BOMBLADA - 1 G,EXTRACT,1G,INDICA,69.88%,0.29%,30.05,,False,oakland-extracts-oakland-extracts-cold-cure-live-rosin-1g-strawpaya-bomblada,https://d14jfwlo68bhyr.cloudfront.net/products/1782308459256-2184040d-77c9-4839-b734-5a053c80549a.webp,,
01a04abd-0b04-792d-8c84-7d2131db5dcc,PUNCH EXTRACTS,BHO BADDER [1G] GAVEL DROP - 1 G,EXTRACT,1G,,70.20%,0.20%,22.05,VALUE MENU - 30% OFF,True,punch-extracts-punch-extracts-bho-badder-1g-gavel-drop,https://d14jfwlo68bhyr.cloudfront.net/products/1787578189360-a74d8b11-f9df-4505-b66c-75b868b8150a.webp,,
01a014e1-073a-7e0a-99e1-2721bc539b3e,PUNCH EXTRACTS,BHO BADDER [1G] STRAWBERRY COUGH - 1 G,EXTRACT,1G,,78.77%,0.18%,22.05,VALUE MENU - 30% OFF,True,punch-extracts-punch-extracts-bho-badder-1g-strawberry-cough,https://d14jfwlo68bhyr.cloudfront.net/products/1787578332672-d744aa6b-6734-42f3-88a7-68784d2baf5f.webp,,"Punch Extracts' Strawberry Cough BHO badder delivers a terpene-rich cannabis concentrate experience packed into every dab — expect sweet, fruity strawberry flavor with that classic skunky undertone that Strawberry Cough is known for. This 1g badder from Punch Extracts has a smooth, workable consistency that loads easily and hits hard at the recommended dab temp of 450–550°F. A go-to extract for concentrate fans who want big flavor and potent effects in one satisfying session."
01a014d7-a7de-7aeb-b61c-3db7e475301c,PUNCH EXTRACTS,BHO SHATTER [1G] MAC LEMONS - 1 G,EXTRACT,1G,,78.88%,0.13%,22.05,VALUE MENU - 30% OFF,True,punch-extracts-punch-extracts-bho-shatter-1g-mac-lemons,https://d14jfwlo68bhyr.cloudfront.net/products/1787578459206-9a74c3a4-e805-4ff5-bd1c-c48ca19eff73.webp,,"Punch Extracts' MAC Lemons BHO shatter is a terpene-rich cannabis concentrate built for dab enthusiasts who want clean, flavorful hits from a trusted dispensary brand. Expect the bright, zesty citrus character of the MAC Lemons strain to come through clearly — best experienced at 500–550°F to preserve the full terpene profile without scorching. This 1g shatter is a solid pick for concentrate lovers who want a premium BHO extract with bold flavor and consistent quality."
019fa380-a0ae-7af8-9a0b-29d4cf375b55,PUNCH EXTRACTS,BHO SHATTER [1G] SWEET SENSI - 1 G,EXTRACT,1G,,76.91%,0.11%,22.05,VALUE MENU - 30% OFF,True,punch-extracts-punch-extracts-bho-shatter-1g-sweet-sensi,https://d14jfwlo68bhyr.cloudfront.net/products/1785337933694-01825bb5-e417-41f7-8df9-f143fff9e659.webp,,"Punch Extracts' Sweet Sensi BHO shatter delivers a terpene-rich cannabis concentrate experience with a potent 76.9% THC profile that hits hard and clean. This premium 1g shatter from your dispensary's extract menu is best dabbed at 500–550°F to unlock its full flavor and smooth vapor. A high-potency pick for concentrate enthusiasts who want a powerful, flavorful dab session."
01a08d56-43c9-75a8-9ddf-9c4b3b93f6fd,PUNCH EXTRACTS,FLASH - LIVE ROSIN BADDER TIER 2 [1G] CNDY FUMEZ X STRAW GUAVA 2025 - 1 G,EXTRACT,1G,HYBRID,68.03%,0.21%,55.05,AG FLASH ,True,punch-extracts-flash-punch-extracts-live-rosin-badder-tier-2-1g-cndy-fumez-x-straw-guava-2025,,,
01a08d56-43d2-72f8-b881-c78bbb06b8b6,PUNCH EXTRACTS,FLASH - LIVE ROSIN BADDER TIER 3 [1G] BLUE NERDZ - 1 G,EXTRACT,1G,HYBRID,71.30%,0.12%,45.05,AG FLASH ,True,punch-extracts-flash-punch-extracts-live-rosin-badder-tier-3-1g-blue-nerdz,,,
019b99fa-9208-7d0a-9ee5-9671298761a7,PUNCH EXTRACTS,LIVE ROSIN BADDER TIER 1 [1G] FAYGO RED POP - 1 G,EXTRACT,1G,HYBRID,71.90%,0.15%,60.05,,False,punch-extracts-punch-extracts-live-rosin-badder-tier-1-1g-faygo-red-pop,https://d14jfwlo68bhyr.cloudfront.net/banners/1772458794794-25e65a40-6679-4d75-8a71-8bba34990ec8.webp,,"This premium live rosin badder from Punch Extracts delivers potent hybrid effects with 73.5% THC, crafted using fresh-frozen Faygo Red Pop cannabis for maximum flavor preservation. The smooth, badder-like consistency makes this concentrate perfect for dabbing, offering a balanced experience that's ideal for both relaxation and social activities. Expect rich terpene profiles and clean extraction quality that showcases the unique characteristics of this tier 1 rosin concentrate."
019c05db-eb2a-7a2b-9bcb-3ee2f8983e94,PUNCH EXTRACTS,LIVE ROSIN BADDER TIER 2 [1G] CNDY FUMEZ X STRAW GUAVA 2025 - 1 G,EXTRACT,1G,HYBRID,68.03%,0.21%,55.05,,False,punch-extracts-punch-extracts-live-rosin-badder-tier-2-1g-cndy-fumez-x-straw-guava-2025,https://d14jfwlo68bhyr.cloudfront.net/banners/1772458974560-40acbac7-d201-42fd-8eee-4f2daefe0088.webp,,"This premium live rosin badder from Punch Extracts delivers the unique flavor profile of Cndy Fumez crossed with Straw Guava in a smooth, concentrate form perfect for dabbing. The hybrid strain offers a balanced cannabis experience with tropical and candy-like notes that make this Tier 2 extract a standout choice for concentrate enthusiasts. At 1 gram, you get exceptional quality and potency in this solventless rosin that preserves the full terpene profile of the original flower."
019c05d9-1152-7966-a91c-3c74d54922f3,PUNCH EXTRACTS,LIVE ROSIN BADDER TIER 3 [1G] BLUE NERDZ - 1 G,EXTRACT,1G,HYBRID,71.30%,0.12%,45.05,,False,punch-extracts-punch-extracts-live-rosin-badder-tier-3-1g-blue-nerdz,https://d14jfwlo68bhyr.cloudfront.net/banners/1772460482741-8af33721-a976-4b88-985a-cae1f1fe6c55.webp,,"This premium live rosin badder from Punch Extracts delivers a potent 71.3% THC experience with the balanced effects of a Blue Nerdz hybrid strain. The solventless extraction preserves the full spectrum of cannabinoids and terpenes, creating a smooth, flavorful concentrate perfect for dabbing or vaporizing. Expect a well-rounded high that combines cerebral stimulation with physical relaxation, making this cannabis extract ideal for both daytime creativity and evening wind-down sessions."
019b99ee-8b4e-74c5-b2dc-27043aebbcd5,PUNCH EXTRACTS,LIVE ROSIN BADDER TIER 3 [1G] HIVE - 1 G,EXTRACT,1G,HYBRID,72.20%,0.14%,45.05,,False,punch-extracts-punch-extracts-live-rosin-badder-tier-3-1g-hive,https://d14jfwlo68bhyr.cloudfront.net/banners/1772459167739-f7da9250-6e37-44ed-8c25-e176e1bb5492.webp,,"This premium live rosin badder from Punch Extracts delivers a potent 72.2% THC experience with the balanced effects of a hybrid strain. The Hive strain offers smooth, flavorful dabs perfect for concentrate enthusiasts seeking quality cannabis extraction without breaking the bank."
019b99f4-4385-7bb1-9d13-e69261313d88,PUNCH EXTRACTS,LIVE ROSIN BADDER TIER 3 [1G] POMEGRANATE SQUEEZE - 1 G,EXTRACT,1G,HYBRID,71.70%,0.10%,45.05,,False,punch-extracts-punch-extracts-live-rosin-badder-tier-3-1g-pomegranate-squeeze,https://d14jfwlo68bhyr.cloudfront.net/banners/1772459235863-41b68991-5633-4414-9b8d-46954a0565aa.webp,,"This premium live rosin badder from Punch Extracts delivers the full-spectrum essence of Pomegranate Squeeze in a smooth, creamy concentrate that's perfect for dabbing. The hybrid strain offers balanced effects with rich, fruity flavors that cannabis connoisseurs will appreciate. Ideal for experienced users seeking potent, solventless extraction quality."
01a014a5-e80f-72cc-8430-331191da181c,PUNCH EXTRACTS,LIVE ROSIN BADDER TIER 4 [1G] BERRY LIME - 1 G,EXTRACT,1G,,70.40%,0.18%,30.05,,False,punch-extracts-punch-extracts-live-rosin-badder-tier-4-1g-berry-lime,https://d14jfwlo68bhyr.cloudfront.net/products/1787578688735-44743042-2c9f-490e-aabf-8aa93ae89005.webp,,"Punch Extracts' Berry Lime live rosin badder is an entry-level cannabis concentrate that delivers genuine rosin quality at an accessible price point. This 1g extract carries the bright, fruit-forward character you'd expect from the Berry Lime strain — sweet berry notes layered with a zesty citrus finish. A solid pick for concentrate newcomers or anyone shopping the dispensary menu for an everyday dab that doesn't sacrifice flavor."
019db8cf-d5f7-78f3-817b-78d72af29c9c,RAW GARDEN,DIAMONDS [1G] LEEROY'S ROMULAN - 1 G,EXTRACT,1G,HYBRID,84.90%,,32.04,,False,raw-garden-raw-garden-diamonds-1g-leeroys-romulan,https://d14jfwlo68bhyr.cloudfront.net/products/1775146291549-ddbe24d9-bea7-4fd1-8a02-fcbb965d66d7.webp,,
01951af4-0093-783a-993b-a06cac6c3552,RAW GARDEN,LIVE RESIN SAUCE [1G] BLACK GARLIC,EXTRACT,1G,INDICA,69.70%,0.19%,23.05,,False,raw-garden-raw-garden-live-resin-sauce-1g-black-garlic,https://d14jfwlo68bhyr.cloudfront.net/banners/1767224858546-9a67bb3d-b0ba-476d-9a53-73fd0f72359d.webp,,"Raw Garden’s Black Garlic is a powerhouse Indica concentrate designed for connoisseurs who prioritize savory, ""funky"" profiles over sweet ones. As a Live Sauce, this extract features a terpene-rich, syrupy consistency with micro-crystalline THCa. Using cryogenically flash-frozen whole flower grown in California, Raw Garden preserves the raw ""funk"" of the plant, delivering a full-spectrum experience that captures the high-intensity aroma of its parents."
019eb921-6fe2-70bb-af57-3f14581055b1,RAW GARDEN,LIVE RESIN SAUCE [1G] CAP CITY KUSH - 1 G,EXTRACT,1G,HYBRID,64.90%,0.25%,23.05,,False,raw-garden-raw-garden-live-resin-sauce-1g-cap-city-kush,https://d14jfwlo68bhyr.cloudfront.net/products/1781528787646-ed077004-4c6d-4016-8444-4399dcd6a2c6.webp,,"This premium RAW GARDEN live resin sauce captures the Cap City Kush hybrid strain in its purest form, delivering a potent cannabis concentrate with rich terpene preservation. The sauce consistency offers exceptional flavor and smooth dabbing experience, perfect for concentrate enthusiasts seeking full-spectrum effects. Expect balanced hybrid effects that provide both mental clarity and physical relaxation, making this extract ideal for any time of day."
01951af3-fc50-7a05-80cc-f442ab6c4c4d,RAW GARDEN,LIVE RESIN [1G] KOSHER CHEM,EXTRACT,1G,INDICA,67.50%,0.30%,23.05,,False,raw-garden-raw-garden-live-resin-1g-kosher-chem,https://d14jfwlo68bhyr.cloudfront.net/banners/1767377995782-47cf30ba-dc6a-4fe5-a5bf-27f89fc8e7bf.webp,,"The Raw Garden Kosher Chem Live Resin (1G) is a premium, full-spectrum concentrate crafted from freshly frozen cannabis to preserve its rich terpene profile and potency. Kosher Chem delivers pungent, earthy, and diesel-forward flavors with subtle citrus and herbal undertones, creating a bold and aromatic experience. Effects are typically relaxing and euphoric, combining a soothing body high with a pleasant cerebral uplift, making it ideal for evening use, stress relief, or unwinding after a long day. Perfect for dabbing or vaporizing, this 1-gram live resin offers consistent potency, smooth hits, and rich flavor every session."
01951af4-05c2-728e-bf1f-442af72da349,RAW GARDEN,LIVE SAUCE [1G] FUNK N FIRE,EXTRACT,1G,HYBRID,64.50%,0.20%,23.05,,False,raw-garden-raw-garden-live-resin-sauce-1g-funk-n-fire,https://d14jfwlo68bhyr.cloudfront.net/banners/1767380681206-ed2cb033-5e63-4e12-be1e-7323e14d10b6.webp,,This Raw Garden live sauce concentrate delivers the signature Funk N Fire hybrid strain in a potent 1-gram extract perfect for dabbing enthusiasts. The balanced hybrid effects make this cannabis concentrate ideal for versatile use throughout the day. Raw Garden's live sauce extraction process preserves the full terpene profile for maximum flavor and potency.
019e709a-8919-7cec-a1d0-03a95e42e234,SLUGGERS,LIVE ROSIN [1G] BUBBLE BATH - 1 G,EXTRACT,1G,INDICA,66.09%,0.13%,38.04,,False,sluggers-sluggers-live-rosin-1g-bubble-bath,https://d14jfwlo68bhyr.cloudfront.net/products/1781879699017-77e359b8-0041-45b5-b345-e45b0cf7949a.webp,,"Sluggers' Bubble Bath live rosin is a 1g indica extract pressing in at 66% THC, with an impressive 73% THCA that signals serious potency for concentrate enthusiasts. True to its name, this cannabis extract delivers a deeply relaxing, full-body indica experience best suited for unwinding at the end of the day. Picked up at your local dispensary, Bubble Bath live rosin is the kind of slow, heavy hitter that pairs well with a couch, a quiet evening, and nothing on the agenda."
019e709a-8923-7f02-a4f1-5929430207b0,SLUGGERS,LIVE ROSIN [1G] GRAPES & CREAM - 1 G,EXTRACT,1G,HYBRID,67.61%,0.11%,38.04,,False,sluggers-sluggers-live-rosin-1g-grapes-cream,https://d14jfwlo68bhyr.cloudfront.net/products/1781879773520-8c129e1a-75a7-48c7-a735-c84c50a9f352.webp,,"Sluggers' Grapes & Cream live rosin is a 1g hybrid cannabis extract pressing in at a potent 67.6% THC, made for concentrate lovers who want full-spectrum flavor without the solvent. Expect the kind of rich, dessert-forward profile the name promises — sweet grape and creamy vanilla notes that translate cleanly into smooth, well-rounded effects. A solid pick from the dispensary shelf whether you're winding down in the evening or settling into a creative, relaxed headspace."
019e709a-8928-71a2-93ec-7763c2b96e22,SLUGGERS,LIVE ROSIN [1G] HURRICANE SZN - 1 G,EXTRACT,1G,SATIVA,66.53%,0.11%,38.04,,False,sluggers-sluggers-live-rosin-1g-hurricane-szn,https://d14jfwlo68bhyr.cloudfront.net/products/1781879806306-54cfe215-9502-405b-a85c-f7c96d35e8c2.webp,,"Sluggers' Hurricane SZN live rosin is a sativa cannabis extract that hits hard at 66.53% THC, pressing fresh-frozen flower into a full-spectrum, solventless concentrate that preserves the strain's natural terpene complexity. This 1g extract is built for daytime sessions when you want a clear-headed, energetic effect without sacrificing the rich, nuanced flavor that only live rosin delivers. Pick it up at the dispensary and see why Sluggers has become a go-to name for premium cannabis concentrates."
01951af3-de38-755b-8d9a-6c3c7dc34d0c,STIIIZY,CURATED LIVE RESIN SAUCE [1G] BERRY SUNDAE - 1 G,EXTRACT,1G,SATIVA,71.81%,0.15%,20.05,"EVERYDAY DISCOUNT - STIIIZY– INFUSED FLOWER, NON-INFUSED FLOWER, PREROLLS, EXTRACT, BATTERIES - 15% OFF",True,stiiizy-stiiizy-curated-live-resin-sauce-1g-berry-sundae,https://d14jfwlo68bhyr.cloudfront.net/cwXZnkpUGe.webp,,"STIIIZY Berry Sundae Curated Live Resin (1g) A masterfully preserved ""berry-and-gas"" powerhouse. This 1g jar of curated live resin is a potent sativa-dominant hybrid, testing at a massive 83%+ THC. It features a terpene-rich sauce consistency and a ""loud"" profile of sweet berry jam, pungent diesel, and subtle tartness. Expect a vibrant, happy euphoria paired with calm alertness and productive energy. Clean-tested and flash-frozen for maximum terpene preservation, Berry Sundae is the ultimate fuel for an active, flavor-focused lifestyle."
01951af3-de2a-76fa-80de-69c1e4c9c8a5,STIIIZY,CURATED LIVE RESIN [1G] BLUEBERRY BLAST,EXTRACT,1G,HYBRID,73.56%,0.15%,24.55,"EVERYDAY DISCOUNT - STIIIZY– INFUSED FLOWER, NON-INFUSED FLOWER, PREROLLS, EXTRACT, BATTERIES - 15% OFF",True,stiiizy-stiiizy-curated-live-resin-1g-blueberry-blast,https://d14jfwlo68bhyr.cloudfront.net/ZU4JnX2Pfo.webp,,"STIIIZY Blueberry Blast Curated Live Resin (1g) A masterfully preserved ""berry-and-haze"" powerhouse. This 1g jar of curated live resin is a potent sativa, testing at a robust 79.5% THC. It features a terpene-rich sauce consistency and a ""loud"" profile of sweet wild blueberries, tropical fruit, and earthy musk. Expect a vibrant, happy euphoria paired with focused energy and a clean, motivating finish. Clean-tested and flash-frozen for maximum terpene preservation, Blueberry Blast is the ultimate ""fuel"" for the active Sativa lover."
01951af4-01b1-7b8a-ad85-e5cabb7b806a,STIIIZY,LIVE ROSIN BADDER [1G] APPLEBERRY KUSH,EXTRACT,1G,INDICA,61.96%,0.14%,32.04,"EVERYDAY DISCOUNT - STIIIZY– INFUSED FLOWER, NON-INFUSED FLOWER, PREROLLS, EXTRACT, BATTERIES - 15% OFF",True,stiiizy-stiiizy-live-rosin-badder-1g-appleberry-kush,https://d14jfwlo68bhyr.cloudfront.net/buLG31TFqm.webp,,"This potent indica live rosin badder from STIIIZY delivers 66% THC for deep relaxation and creative calm. Appleberry Kush concentrate offers a smooth, full-spectrum cannabis experience perfect for unwinding after a long day. The premium extraction process preserves maximum terpenes and cannabinoids in this 1-gram badder format."
01951af4-01d3-7532-a935-e0ffcf84877a,STIIIZY,LIVE ROSIN BADDER [1G] PRESIDENTIAL OG,EXTRACT,1G,HYBRID,68.37%,0.16%,32.04,"EVERYDAY DISCOUNT - STIIIZY– INFUSED FLOWER, NON-INFUSED FLOWER, PREROLLS, EXTRACT, BATTERIES - 15% OFF",True,stiiizy-stiiizy-live-rosin-badder-1g-presidential-og,https://d14jfwlo68bhyr.cloudfront.net/ida0V0ZoIK.webp,,"This premium live rosin badder from STIIIZY delivers the full-spectrum experience of Presidential OG hybrid strain with 68.9% THC potency. The solventless extraction preserves rich terpenes and cannabinoids for smooth, flavorful dabs that provide balanced effects perfect for any time of day. Presidential OG's renowned genetics offer versatile cannabis concentrate effects that satisfy both novice and experienced users."
01951af4-01da-73af-854b-221b18c1fc32,STIIIZY,LIVE ROSIN BADDER [1G] SUNSET GELATO,EXTRACT,1G,INDICA,66.63%,0.12%,32.04,"EVERYDAY DISCOUNT - STIIIZY– INFUSED FLOWER, NON-INFUSED FLOWER, PREROLLS, EXTRACT, BATTERIES - 15% OFF",True,stiiizy-stiiizy-live-rosin-badder-1g-sunset-gelato,https://d14jfwlo68bhyr.cloudfront.net/TzqeMoW8vQ.webp,,"This premium live rosin badder from STIIIZY captures the essence of Sunset Gelato indica strain through solventless extraction, delivering a creamy, badder-like consistency perfect for dabbing. The concentrate offers relaxing indica effects ideal for evening use, with the classic dessert-like profile that makes Sunset Gelato a dispensary favorite. Each 1-gram portion provides potent THC levels in a full-spectrum cannabis extract that preserves the strain's natural terpenes and flavor compounds."
01951af3-e439-7888-a634-9fa5da4fc17d,710LABS,FLOWER [14G] SB 36 #1,FLOWER,14G,HYBRID,21.20%,,175.05,,False,710labs-710labs-flower-14g-sb-36-1,https://d14jfwlo68bhyr.cloudfront.net/mX9QzkRjPA.webp,,"710 Labs – SB36 #1 (14 g Pre‑Pack) is a small-batch, in-house hybrid (Tangerine × The Hook) with a fruity, citrusy “Starburst / tangerine candy” aroma and musky finish. It has a moderate THC (~17.9%) for a mellow but uplifting and relaxing high. The effects lean toward a gentle, relaxed euphoria — perfect for laid-back sessions. Expect sweet citrus terpenes, candy-like notes, and a rich, flavorful smoke."
01a063e1-a686-7910-86ce-6eb82271730a,710LABS,FLOWER [3.5G] LMNO-Z - 3.5 G,FLOWER,3.5G,,28.92%,,45.05,,False,710labs-710labs-flower-3-5g-lmnoz,,,
019db8d5-1a0d-7d6c-a2f2-09a7e2e3ccee,710LABS,FLOWER [3.5G] MACHIAVELLI KUSH - 3.5 G,FLOWER,3.5G,HYBRID,26.84%,,45.05,,False,710labs-710labs-flower-3-5g-machiavelli-kush,https://d14jfwlo68bhyr.cloudfront.net/banners/1773414780863-09eeeb99-30a4-42bb-94db-d82206f3af1b.webp,,
01a066d5-a326-7596-8cbe-9d05ab606b67,ALIEN LABS,FLOWER [10G] PSYOP - 10 G,FLOWER,10G,,27.35%,0.08%,110.05,,False,alien-labs-alien-labs-flower-10g-psyop,https://d14jfwlo68bhyr.cloudfront.net/products/1788870197550-7b5e9cce-7f68-443d-a9bb-0134e37dfc56.webp,,"Alien Labs' Psyop is a premium indoor cannabis flower crossing Planetary OG and Runtz with Dark Web #9, landing at a hefty 27.35% THC — built for those who want to unwind deeply without losing the thread of a creative thought. The indica-leaning hybrid carries the creamy, sweet genetics of Runtz alongside the earthy weight of OG, making it a go-to for late-day comfort and quiet mental exploration. This 10g pre-pack from Alien Labs is the kind of dispensary flower that earns a permanent spot in the rotation."
01967a8d-aba1-7886-b0dd-1e2a7c8b7532,ALIEN LABS,FLOWER [3.5G] BRAIN WASH - 3.5 G,FLOWER,3.5G,HYBRID,28.65%,0.16%,52.05,,False,alien-labs-alien-labs-flower-3-5g-brain-wash,https://d1hhy58mqsa6c3.cloudfront.net/916928a7-444e-4ad3-bfd0-b799e8385e4d/613b743f-6c07-4ada-ba3e-cf9b4b1c8dad,,"Alien Labs Brain Wash – 3.5 g A potent, small-batch hybrid from Alien Labs, Brain Wash (Oz Kush × Z #18) offers a mind‑expanding yet calming experience. With THC levels in the high 20s to low 30s, this flower delivers a spicy, citrusy, and minty aroma that transitions into a smooth, buttery inhale and an earthy, tangy exhale. The high is both cerebral and relaxing — perfect for creative thinking, mental clarity, or mellowing out without losing focus."
01a03a10-50da-70f9-9bf7-38793218fead,ALIEN LABS,FLOWER [3.5G] PSYOP - 3.5 G,FLOWER,3.5G,,27.35%,0.08%,52.05,,False,alien-labs-alien-labs-flower-3-5g-psyop,https://d14jfwlo68bhyr.cloudfront.net/products/1788870254473-7bd6cdee-9b73-4087-804d-ed72cf25c7cb.webp,,"Alien Labs' Psyop is a potent premium indoor cannabis flower bred from the cross of Planetary OG x Runtz and Dark Web #9, coming in at a heavy-hitting 27% THC — the kind of number that demands respect from even seasoned dispensary shoppers. Expect the dense, resin-drenched buds this lineage is known for, blending the fuel-forward earthiness of OG with the sweet, candy-like finish Runtz brings to every cross it touches. This 3.5g eighth is built for evening use when you want to fully unwind and sink in — not a flower to underestimate."
01951af4-0681-71f8-b337-29315947d718,ALMORA FARM,MILLED FLOWER [14G] HYBRID BLEND,FLOWER,14G,HYBRID,21.58%,0.11%,30.05,,False,almora-farm-almora-farm-milled-flower-14g-hybrid-blend,https://d14jfwlo68bhyr.cloudfront.net/FMjm3Bkuj2.webp,,"The ALMORA FARM Milled Flower Hybrid Blend [14G] is a Mid-to-High Potency Hybrid blend of Almora's sun-grown flower, presented in a convenient, ready-to-use pre-ground format. It features a reliable, well-rounded flavor profile of Earthy Herbs, Spice, and Citrus. The effects are Balanced, Euphoric, and Functional, providing a pleasant mental lift and gentle body calm, making it an excellent, cost-effective choice for daily consumers seeking versatility and ease of use."
01951af4-0683-7f24-b1d9-8311002c7e09,ALMORA FARM,MILLED FLOWER [14G] SATIVA BLEND,FLOWER,14G,SATIVA,23.25%,0.07%,30.05,,False,almora-farm-almora-farm-milled-flower-14g-sativa-blend,https://d14jfwlo68bhyr.cloudfront.net/RsvNW1Tl6l.webp,,"The ALMORA FARM Milled Flower Sativa Blend [14G] is a Mid-to-High Potency Sativa blend of Almora's sun-grown flower, presented in a convenient, ready-to-use pre-ground format. It features a reliable, bright flavor profile of Zesty Citrus, Pine, and Herbal Spice. The effects are powerfully Uplifting, Energetic, and Focusing, providing a functional mental rush and mood elevation, making it an excellent, cost-effective choice for consumers seeking daytime energy and creativity."
01951af4-0686-7037-ba73-66f3ad04c5d0,ALMORA FARM,MILLED FLOWER [28G] HYBRID BLEND,FLOWER,28G,HYBRID,23.79%,0.10%,55.05,VALUE MENU - 30% OFF,True,almora-farm-almora-farm-milled-flower-28g-hybrid-blend,https://d14jfwlo68bhyr.cloudfront.net/I68Aot1fFs.webp,,"The ALMORA FARM Milled Flower Hybrid Blend [28G] is a Mid-to-High Potency Hybrid blend of Almora's sun-grown flower, presented in a convenient, ready-to-use pre-ground, full ounce format for maximum value. It features a reliable, well-rounded flavor profile of Earthy Herbs, Spice, and Citrus. The effects are Balanced, Euphoric, and Functional, providing a pleasant mental lift and gentle body calm, making it an excellent, cost-effective choice for daily consumers seeking versatility, ease of use, and bulk savings."
01951af4-0687-7060-a748-3bfcdfae790c,ALMORA FARM,MILLED FLOWER [28G] INDICA BLEND,FLOWER,28G,INDICA,24.95%,0.10%,55.05,VALUE MENU - 30% OFF,True,almora-farm-almora-farm-milled-flower-28g-indica-blend,https://d14jfwlo68bhyr.cloudfront.net/ET5QHCUgKu.webp,,"The ALMORA FARM Milled Flower Indica Blend [28G] is a Mid-to-High Potency Indica blend of Almora's sun-grown flower, presented in a convenient, ready-to-use pre-ground, full ounce format for maximum value. It features a reliable, pungent flavor profile of Dank Earth, Spice, and Herbal Notes. The effects are powerfully Relaxing, Tranquilizing, and Sedative, providing a full body calm and stress relief, making it an excellent, cost-effective choice for consumers seeking reliable, bulk relief and deep evening unwinding."
019a1261-2039-7513-b842-5579c6090c99,ASTRONAUTS,FLOWER [28G] SPACE DROPZ - 28 G,FLOWER,28G,HYBRID,23.86%,0.08%,65.05,,False,astronauts-astronauts-flower-28g-space-dropz,https://d1hhy58mqsa6c3.cloudfront.net/916928a7-444e-4ad3-bfd0-b799e8385e4d/73eabf34-9c4d-406d-829d-0b32ab061d8e,,"Astronauts’ Space Dropz (28 g) is a high-potency, sun-grown outdoor flower from their space-themed line. It can test up to ~30% THC, depending on the batch. Its terpene profile — dominated by myrcene, linalool, and caryophyllene — suggests a blend of relaxing and slightly spicy floral aromas. The effects are reported to be uplifting, euphoric, energetic, and creative, with a strong focus component. This makes Space Dropz a good choice for users seeking a mentally stimulating but potent high in a value-friendly 28 g pack."
01951af3-e50e-7eab-b9ca-f655403c68f7,ASTRONAUTS,FLOWER [28G] SPACE LEMON CHERRY,FLOWER,28G,HYBRID,28.84%,0.06%,65.05,,False,astronauts-astronauts-flower-28g-space-lemon-cherry,https://d14jfwlo68bhyr.cloudfront.net/KlW4Uu2VHl.webp,,"Astronauts’ Space Lemon Cherry (28 g) is a sun-grown, likely indica-leaning flower that blends tart lemon zest with the sweetness of ripe cherries, plus faint dessert-cake and nutty undertones. It typically tests in the low‑to-mid‑20% THC range, though some listings report very high values. Its terpene profile (myrcene, linalool, caryophyllene) supports a relaxing and uplifting experience — great for creative downtime or mellow afternoons. The high sets in quickly and can last a few hours, making it a good choice for those who want both flavor and a smooth, balanced high."
01951af3-e511-794b-b123-75d963cbaaae,ASTRONAUTS,FLOWER [28G] SPACE MILKS,FLOWER,28G,INDICA,24.47%,0.08%,65.05,,False,astronauts-astronauts-flower-28g-space-milks,https://d14jfwlo68bhyr.cloudfront.net/0a77U0ZAqc.webp,,"Astronauts’ Space Milks (28 g) is a sun-grown indica-hybrid flower in a full-ounce pack. It typically tests around 24–26% THC, depending on the batch. The effects lean toward relaxation, balance, and mild euphoria, with reports of hunger as well. Because it’s part of the Astronauts “value” outdoor line, it's great for users who want good potency and a smooth, calming high without paying premium prices."
01951af3-e516-7a79-b6c0-b7245e633b12,ASTRONAUTS,FLOWER [28G] SPACE SLUSHIE - 28 G,FLOWER,28G,HYBRID,31.40%,0.07%,65.05,,False,astronauts-astronauts-flower-28g-space-slushie,https://d14jfwlo68bhyr.cloudfront.net/IGWbr7ju1w.webp,,"Astronauts’ Space Slushie (28 g) is a sun-grown, indica‑leaning flower that tests at ~28% THC. It features a terpene mix (myrcene, caryophyllene, humulene, pinene) that suggests a relaxing, calming high with potential for mild body comfort. The effects are likely soothing, making it suitable for winding down. Given the full-ounce pack, it’s a good-value option for potency and effect."
01955d88-6fe2-7fd1-8dd3-ed300b1dbc4a,ASTRONAUTS,FLOWER [3.5G] SPACE BLASTERZ - 3.5 G,FLOWER,3.5G,HYBRID,21.59%,0.06%,17.05,VALUE MENU - 30% OFF,True,astronauts-astronauts-flower-3-5g-space-blasterz,https://d1hhy58mqsa6c3.cloudfront.net/916928a7-444e-4ad3-bfd0-b799e8385e4d/d28f577b-e787-458c-842a-30ab51fdeea8,,"ASTRONAUTS SPACE BLASTERZ (3.5G FLOWER) is a potent, sun-grown Hybrid known for its highly euphoric, functional, and well-balanced effects. This value-focused flower delivers a ""loud"" and memorable candy flavor profile—a punchy mix of Sweet, Sugary Candy and Sharp, Sour Citrus/Tropical Fruit. It is an ideal daytime/mid-day strain for experienced users seeking fun, stress-free relaxation."
0195d4e7-6e3a-703c-82c1-48d199474046,ASTRONAUTS,FLOWER [3.5G] SPACE DROPZ - 3.5 G,FLOWER,3.5G,SATIVA,27.10%,0.06%,17.05,VALUE MENU - 30% OFF,True,astronauts-astronauts-flower-3-5g-space-dropz,https://d1hhy58mqsa6c3.cloudfront.net/916928a7-444e-4ad3-bfd0-b799e8385e4d/fe478a20-7b41-4175-b9fb-a9cc11fb6412,,"ASTRONAUTS SPACE DROPZ (3.5G FLOWER) is a potent, sun-grown Hybrid known for its highly euphoric, functional, and well-balanced effects. This value-focused flower delivers a Loud, Sweet, and Tangy Candy/Tropical Fruit flavor profile. It is an ideal daytime/mid-day strain for experienced users seeking fun, stress-free relaxation."
01951af3-ee27-7f05-a03f-ae64d3ae250d,ASTRONAUTS,FLOWER [3.5G] SPACE JAWCRUSHERS - 3.5 G,FLOWER,3.5G,HYBRID,28.44%,0.06%,17.05,VALUE MENU - 30% OFF,True,astronauts-astronauts-flower-3-5g-space-jawcrushers,https://d14jfwlo68bhyr.cloudfront.net/qsQnwmkQCG.webp,,"The ASTRONAUTS Space Jawcrushers flower is a popular strain from the brand's sun-grown (outdoor) flower line, cultivated by Traditional. This line is specifically designed to offer a great experience—including amazing flavor and a potent high—at a value price, by applying the same quality genetics and nutritional care as their indoor products. The strain is often labeled as an Indica or Indica-Dominant Hybrid, offering a more relaxing profile. The packaging promises a ""galactic adventure"" with an ""unexplored universe of flavors and aromas."""
01951af3-ee30-7eba-995e-da200c88fdae,ASTRONAUTS,FLOWER [3.5G] SPACE SLUSHIE,FLOWER,3.5G,,31.40%,0.07%,17.05,VALUE MENU - 30% OFF,True,astronauts-astronauts-flower-3-5g-space-slushie,https://d14jfwlo68bhyr.cloudfront.net/hGd2I3OEpg.webp,,"The ASTRONAUTS Space Slushie flower is a distinct and highly flavorful product from Traditional's sun-grown (outdoor) flower line, renowned for delivering potent, quality strains at a great value. This strain is typically classified as an Indica or Indica-Dominant Hybrid, designed to offer a cosmic, full-body experience that is both fun and relaxing. It is often noted for a high THC content, which contributes to its potent effects."
019aefeb-ac1a-764c-837c-d0f0af3bf6e9,BIG TREE,FLOWER [3.5G] PAPAYA RUNTZ - 3.5 G,FLOWER,3.5G,HYBRID,22.46%,0.19%,18.05,SUPER VALUE MENU – 50% OFF,True,big-tree-big-tree-flower-3-5g-papaya-runtz,https://d14jfwlo68bhyr.cloudfront.net/banners/1770218605252-971f1641-c952-4f5f-9307-db17c779a4e1.webp,,"This potent hybrid cannabis flower from Big Tree delivers a balanced experience with 23.3% THC that's perfect for any time of day. Papaya Runtz combines the tropical sweetness you'd expect from its name with well-rounded effects that ease both body and mind. At 3.5 grams, this pre-packed flower offers excellent value for dispensary customers seeking quality hybrid cannabis without the premium price."
019db8d7-63e0-70ca-b298-9b1b3b2f1884,CAM,FLOWER [7G] GG#4 - 7 G,FLOWER,7G,HYBRID,25.22%,0.15%,85.05,,False,cam-cam-flower-7g-gg4,https://d14jfwlo68bhyr.cloudfront.net/products/1783020392199-3bc66388-ab0c-4b6a-9592-bdab16d4a911.webp,,
019fcc5e-a78f-70ba-aca4-4ea3894fece0,CAM,PRIVATE RESERVE FLOWER [3.5G] AGENT ORANGE - 3.5 G,FLOWER,3.5G,,27.88%,0.24%,52.05,,False,cam-cam-private-reserve-flower-3-5g-agent-orange,https://d14jfwlo68bhyr.cloudfront.net/products/1786631720282-1dffd887-cc55-4739-8536-7e7797bc0097.webp,,"CAM's Agent Orange Private Reserve flower comes in at a potent 27.87% THC, making this 3.5g pre-pack a hard-hitting option for cannabis consumers who want serious results from their dispensary purchase. True to its name, Agent Orange typically delivers bright citrus-forward aroma with energizing, mood-lifting qualities that suit daytime use, creative sessions, or social hangs. If you're looking for a high-THC flower that punches above its price point, this one from CAM belongs in your rotation."
019db8f2-0df1-736e-9284-79b765f08989,CAM,PRIVATE RESERVE FLOWER [3.5G] LEMON SHORTBREAD - 3.5 G,FLOWER,3.5G,SATIVA,26.67%,0.23%,52.05,,False,cam-cam-private-reserve-flower-3-5g-lemon-shortbread,https://d14jfwlo68bhyr.cloudfront.net/banners/1771610875673-b50df940-40da-4dda-b2da-c69ccdff2699.webp,,
01951af3-ecc3-7678-93d1-43d375b7fcad,CANNABIOTIX,FLOWER [3.5G] L'ORANGE,FLOWER,3.5G,SATIVA,25.65%,0.08%,55.05,,False,cannabiotix-cannabiotix-flower-3-5g-lorange,https://d14jfwlo68bhyr.cloudfront.net/banners/1773490121293-a71eafa6-911c-46b0-936c-62e4e4df13db.webp,,"The Cannabiotix L'Orange is a 3.5-gram (eighth-ounce) jar of their premium, indoor-grown flower. CBX strains are known for their dense structure, heavy trichome coverage, and intense potency, ensuring a top-shelf experience. L'Orange is particularly noted for its high concentration of the terpene Limonene, which drives its unique sensory profile."
019d698c-3cf2-7f43-8e82-fae945a43f43,CANNABIOTIX,FLOWER [3.5G] ZAALANDER - 3.5 G,FLOWER,3.5G,HYBRID,28.16%,0.16%,55.05,,False,cannabiotix-cannabiotix-flower-3-5g-zaalander,https://d14jfwlo68bhyr.cloudfront.net/products/1777298962420-c3a6b5c0-0923-4bb6-8978-e4103574fe60.webp,,"This premium Cannabiotix hybrid flower delivers a balanced cannabis experience that's perfect for any time of day. Zaalander's carefully cultivated genetics provide smooth, well-rounded effects that appeal to both seasoned enthusiasts and newcomers alike. Each 3.5-gram package contains dispensary-quality flower that showcases Cannabiotix's commitment to exceptional cultivation and curing standards."
019f19cd-b0f1-7368-a3ba-5dbfa565b95c,CHICO'S BEST,POTCORN FLOWER [14G] COMBO WHITE RUNTZ - 14 G,FLOWER,14G,HYBRID,24.57%,0.16%,50.05,EVERYDAY DISCOUNT - CHICO'S BEST - 30% OFF,True,chicos-best-chicos-best-potcorn-flower-14g-combo-white-runtz,https://d14jfwlo68bhyr.cloudfront.net/products/1783870365003-95d6cb48-cdf0-4843-922f-210315a895e5.webp,,"Chico's Best White Runtz smalls pack 14 grams of this popular hybrid cannabis flower into a value-friendly format, testing at ~24.6% THC for a potent, well-rounded experience. White Runtz is known for its sweet, candy-like flavor profile and balanced hybrid effects that blend relaxing body ease with an uplifting, mood-boosting head high. A solid pick from the dispensary shelf whether you're unwinding after a long day or keeping the vibe going with friends."
019f7b9f-6a6e-7e7b-827a-45a91bb3f96d,CHICO'S BEST,POTCORN FLOWER [14G] INSPIRE XJ-13 - 14 G,FLOWER,14G,,32.11%,0.16%,50.05,EVERYDAY DISCOUNT - CHICO'S BEST - 30% OFF,True,chicos-best-chicos-best-potcorn-flower-14g-inspire-xj13,,,
019f7b9e-7638-7042-8d6a-5f578e2be181,CHICO'S BEST,POTCORN FLOWER [28G] CHILL MJ MINTZ - 28 G,FLOWER,28G,,23.80%,0.08%,80.05,EVERYDAY DISCOUNT - CHICO'S BEST - 30% OFF,True,chicos-best-chicos-best-potcorn-flower-28g-chill-mj-mintz,https://d14jfwlo68bhyr.cloudfront.net/products/1787155699290-ad2ae4b1-e671-4f1a-bb26-90ebb1bf5e04.webp,,"Chill MJ Mintz is a pre-pack smalls cannabis flower from Chico's Best, offered here in a generous 28g format for those who want to stock up without breaking the bank. The ""Mintz"" lineage typically brings a cool, minty sweetness balanced by earthy, creamy undertones — a smooth smoke that leans toward relaxed, laid-back sessions."
019ffac9-3176-7611-9102-6aa82065ed81,CHICO'S BEST,POTCORN FLOWER [28G] COMBO PURPLE DIESEL - 28 G,FLOWER,28G,,24.03%,0.10%,80.05,EVERYDAY DISCOUNT - CHICO'S BEST - 30% OFF,True,chicos-best-chicos-best-potcorn-flower-28g-combo-purple-diesel,https://d14jfwlo68bhyr.cloudfront.net/products/1787155778918-b0e17fee-fd68-480c-a2f4-7b2853b099ee.webp,,"Combo Purple Diesel is a cannabis flower from Chico's Best, available as a 28g pre-pack of smalls — a solid ounce-sized haul for everyday smokers who want quantity without sacrificing quality. True to its diesel lineage, expect a fuel-forward, pungent aroma with deep purple-strain undertones that hint at something earthy and complex."
019f14a0-fa8e-7aba-abf9-c2e5c4e2fe5e,CHICO'S BEST,POTCORN FLOWER [3.5G] CHILL CREME CAKE - 3.5 G,FLOWER,3.5G,,24.31%,0.11%,16.05,EVERYDAY DISCOUNT - CHICO'S BEST - 30% OFF,True,chicos-best-chicos-best-potcorn-flower-3-5g-chill-creme-cake,https://d14jfwlo68bhyr.cloudfront.net/products/1783870480261-31479ec2-0e69-4338-8ae6-698fc961cd75.webp,,
01a01022-2b8d-7573-84f9-b16fda52458f,CHICO'S BEST,POTCORN FLOWER [3.5G] CHILL ROOT BEER FREEZE - 3.5 G,FLOWER,3.5G,,19.54%,,16.05,EVERYDAY DISCOUNT - CHICO'S BEST - 30% OFF,True,chicos-best-chicos-best-potcorn-flower-3-5g-chill-root-beer-freeze,https://d14jfwlo68bhyr.cloudfront.net/products/1787155927561-618c5ab9-cd38-4791-b50d-b11a52df6206.webp,,"Chill Root Beer Freeze from Chico's Best is a pre-pack smalls cannabis flower that delivers exactly what the name promises — a cool, creamy root beer aroma with a sweet, nostalgic finish on every exhale. This 3.5g eighth is a great pick for unwinding at the end of the day, offering a laid-back session without a lot of fuss."
01a04994-0219-7b74-9a54-4a3577d2cbe9,CHICO'S BEST,POTCORN FLOWER [3.5G] COMBO CHERRY CHEESECAKE - 3.5 G,FLOWER,3.5G,,25.49%,,16.05,EVERYDAY DISCOUNT - CHICO'S BEST - 30% OFF,True,chicos-best-chicos-best-potcorn-flower-3-5g-combo-cherry-cheesecake,https://d14jfwlo68bhyr.cloudfront.net/products/1788955829679-2737f5d2-8458-45a4-88ab-88c0dcca86cd.webp,,"Combo Cherry Cheesecake from Chico's Best is a pre-pack smalls cannabis flower that delivers exactly what the name promises — sweet cherry and creamy cheesecake flavors in every bowl. This 3.5g everyday flower is a solid dispensary pick when you want a flavorful, approachable smoke without breaking the bank."
019f19c3-e711-7104-96d0-89ccdeebd5a1,CHICO'S BEST,POTCORN FLOWER [7G] COMBO LEMON CHERRY SHERBET - 7 G,FLOWER,7G,,33.56%,0.14%,30.05,EVERYDAY DISCOUNT - CHICO'S BEST - 30% OFF,True,chicos-best-chicos-best-potcorn-flower-7g-combo-lemon-cherry-sherbet,https://d14jfwlo68bhyr.cloudfront.net/products/1783870577789-6a9d30df-c22c-4f04-b7a1-664e3a16c93f.webp,,
019f7b96-c787-78db-a394-5a5a72b080b9,CHICO'S BEST,POTCORN FLOWER [7G] INSPIRE BLUE DREAM - 7 G,FLOWER,7G,,24.84%,0.10%,30.05,EVERYDAY DISCOUNT - CHICO'S BEST - 30% OFF,True,chicos-best-chicos-best-potcorn-flower-7g-inspire-blue-dream,https://d14jfwlo68bhyr.cloudfront.net/products/1787156180121-c8aa0adc-e55e-44c2-a745-4dedf22e4af7.webp,,"Chico's Best Inspire Blue Dream is a 24.84% THC cannabis flower packed into a 7g pre-pack smalls format. Blue Dream is a classic sativa-leaning strain known for its smooth, balanced effects: uplifting and clear-headed without being overwhelming, making it a go-to for daytime use, creative sessions, or staying social. Expect the signature Blue Dream profile — sweet, berry-forward with subtle earthy undertones."
019fb995-2910-70fa-bef0-1a3b2b850414,CHICO'S BEST,SMOKE OUT FLOWER [14G] CHILL LEMON CHERRY SHERBET - 14 G,FLOWER,14G,,26.70%,0.10%,65.05,EVERYDAY DISCOUNT - CHICO'S BEST - 30% OFF,True,chicos-best-chicos-best-smoke-out-flower-14g-chill-lemon-cherry-sherbet,https://d14jfwlo68bhyr.cloudfront.net/products/1787156225687-b5833dc7-ab06-474f-a846-ed15563ec2c2.webp,,"Lemon Cherry Sherbet from Chico's Best brings the sweet, fruity flavor profile its name promises — think bright citrus and ripe cherry layered over a creamy, dessert-like finish. This 14g pre-pack of cannabis flower is a solid grab for sessions where you want something flavorful and smooth, whether you're winding down in the evening or just chilling with friends."
01951af3-eac9-7969-9334-d8b3a6969541,CLAYBOURNE CO,FLOWER [3.5G] APPLES & BANANAS,FLOWER,3.5G,HYBRID,22.68%,0.08%,45.05,,False,claybourne-co-claybourne-co-flower-3-5g-apples-bananas,https://d14jfwlo68bhyr.cloudfront.net/b1woKYyYVf.webp,,"Private Stock is now Classic Cuts - A selection of classic and modern classic varieties curated from a lineage of tried and true genetics. Always hand-trimmed, always grown indoors. Available in 3.5g & select 1g strains.   ___________  Apples and Bananas (Platinum Cookies x GDP x Gelatti) is a Sativa dominant hybrid that offers a fruity aroma, rich with apples and spices. The banana is harder to make out in the midst of gassy fumes and a strong pine odor. The flavor of sour apples and spices mix with the funky taste of gas and pine for a unique flavor. Users have reported a powerful cerebral euphoria, with a numbing body buzz. This versatile hybrid can very easily be used to wake and bake, or as a late night snack. Apples and Bananas is a versatile hybrid that reviewers say could fit the needs of many users, especially those looking for potency!"
01951af3-ecad-7deb-95e4-f549da3eef78,CLAYBOURNE CO,FLOWER [3.5G] KING LOUIS OG,FLOWER,3.5G,INDICA,30.34%,0.12%,45.05,,False,claybourne-co-claybourne-co-flower-3-5g-king-louis-og,https://d14jfwlo68bhyr.cloudfront.net/9EAto8S3Wj.webp,,"Private Stock is now Classic Cuts - A selection of classic and modern classic varieties curated from a lineage of tried and true genetics. Always hand-trimmed, always grown indoors. Available in 3.5g & select 1g strains.   _____  King Louis OG has dense nugs, an overwhelming piney smell, and an earthy musk that will have you thinking of your last forest adventure. Bred in part from OG Kush, Louis OG has a very similar spicy kush aroma."
01951af3-ed45-7460-bc8b-5e1b1c95766e,CLAYBOURNE CO,FLOWER [3.5G] MULE FUEL,FLOWER,3.5G,INDICA,30.11%,0.11%,45.05,,False,claybourne-co-claybourne-co-flower-3-5g-mule-fuel,https://d14jfwlo68bhyr.cloudfront.net/uxH4YvyBfv.webp,,"Private Stock is now Classic Cuts - A selection of classic and modern classic varieties curated from a lineage of tried and true genetics. Always hand-trimmed, always grown indoors. Available in 3.5g & select 1g strains.   _____  Mule Fuel (GMO X Lurch) is an Indica with heavy full-body effects. The high kicks off with uplifting cerebral effects that boosts your mood and pushes out negative thoughts. The effects work their way throughout the entire body and drop into heavy couch lock and sedation. Mule Fuel has a sweet, spicy, herbal, and light skunky profile."
01951af3-f28b-721c-b01d-16a22877d199,CLAYBOURNE CO,GOLD CUTS ULTRA PREMIUM FLOWER [3.5G] COBRA KUSH,FLOWER,3.5G,INDICA,32.02%,0.09%,55.05,,False,claybourne-co-claybourne-co-gold-cuts-ultra-premium-flower-3-5g-cobra-kush,https://d14jfwlo68bhyr.cloudfront.net/banners/1764179220418-3b9e7f66-76a6-4eb6-910a-43d741a905e1.webp,,"Exclusive and unique genetics from Claybourne’s breeding and selection program. Gold Cuts are hand-trimmed on the stem, using minimal touch processing for maximum trichome preservation. _____  Cobra Kush strikes first and strikes hard! This Gold Cut smashes all the boxes with its powerful gas, cake, and sweet profile. Its structure is dense and frosty, an impressive specimen ready with heavy hits. Prepare to throw down because Cobra Kush packs a euphoric and relaxing body high that just might put you out cold!  Lineage: Kush, GSC. Profile: Vanilla, Gas, Cake."
01951af3-f293-7b1b-9c2a-56f79beb8b4b,CLAYBOURNE CO,GOLD CUTS ULTRA PREMIUM FLOWER [3.5G] THE JUDGE,FLOWER,3.5G,INDICA,31.65%,0.11%,55.05,,False,claybourne-co-claybourne-co-gold-cuts-ultra-premium-flower-3-5g-the-judge,https://d14jfwlo68bhyr.cloudfront.net/banners/1764179370601-17c2e424-1803-470b-8045-e81529b73422.webp,,"Exclusive and unique genetics from Claybourne’s breeding and selection program. Gold Cuts are hand-trimmed on the stem, using minimal touch processing for maximum trichome preservation. _____  We call this strain “The Judge” because it frickin’ rules. The Judge is an indica with a distinct diesel aroma juxtaposed by its coffee and plum flavor. The pungent smell, coming from its Chem Dawg lineage, is offset by the fact it’s our highest testing strain ever, proving that The Judge is indeed stern, but more than fair.  Lineage: Kush, Chem Dawg, Sour Diesel. Profile: Diesel, Funk, Pungent."
01951af4-0b88-7cd8-b9b7-23f29f478a9a,CLAYBOURNE CO,PREMIUM FLOWER SMALLS [14G] KING LOUIS OG,FLOWER,14G,INDICA,25.72%,0.07%,110.05,,False,claybourne-co-claybourne-co-premium-flower-smalls-14g-king-louis-og,https://d14jfwlo68bhyr.cloudfront.net/banners/1764187354939-d53e3869-a7fa-4b39-a60b-42627259385b.webp,,"'The Original' Premium Small Buds - Packed with hand-trimmed, premium indoor small buds perfect for those looking for higher quantities of bud. Available in 7g, 14g, & 28g jars. _____  King Louis OG has dense nugs, an overwhelming piney smell, and an earthy musk that will have you thinking of your last forest adventure. Bred in part from OG Kush, Louis OG has a very similar spicy kush aroma."
01951af4-0b8d-7e1b-b00f-1aa60964c55d,CLAYBOURNE CO,PREMIUM FLOWER SMALLS [14G] MULE FUEL,FLOWER,14G,INDICA,24.55%,0.07%,110.05,,False,claybourne-co-claybourne-co-premium-flower-smalls-14g-mule-fuel,https://d14jfwlo68bhyr.cloudfront.net/banners/1764196255070-f33e5232-6eb3-472b-80a4-36d00e070bfe.webp,,"'The Original' Premium Small Buds - Packed with hand-trimmed, premium indoor small buds perfect for those looking for higher quantities of bud. Available in 7g, 14g, & 28g jars. _____  Mule Fuel (GMO X Lurch) is an Indica with heavy full-body effects. The high kicks off with uplifting cerebral effects that boosts your mood and pushes out negative thoughts. The effects work their way throughout the entire body and drop into heavy couch lock and sedation. Mule Fuel has a sweet, spicy, herbal, and light skunky profile."
01951af4-0b90-7e20-b278-0a3f62cd0a9f,CLAYBOURNE CO,PREMIUM FLOWER SMALLS [14G] WEDDING CAKE,FLOWER,14G,HYBRID,23.61%,0.09%,110.05,,False,claybourne-co-claybourne-co-premium-flower-smalls-14g-wedding-cake,https://d14jfwlo68bhyr.cloudfront.net/banners/1764197084012-81a06f62-4e6a-4fea-9516-e9395f02d76a.webp,,"'The Original' Premium Small Buds - Packed with hand-trimmed, premium indoor small buds perfect for those looking for higher quantities of bud. Available in 7g, 14g, & 28g jars. _____  Wedding Cake, also known as Pink Cookies, is the cross of Triangle Kush and Animal Mints. This delectable treat is rich with tangy sweet earth and pepper. Enjoy this double dose of dense dankness with care, as certain farms have noted extremely high THC content."
01a03438-7cc8-7c8a-b695-84bd109e84db,CONNECTED CANNABIS CO,FLOWER [10G] ONYX - 10 G,FLOWER,10G,,26.80%,0.22%,110.05,,False,connected-cannabis-co-connected-cannabis-co-flower-10g-onyx,,,
019e8465-e298-7ca4-9326-1c8e428c8ac0,CONNECTED CANNABIS CO,FLOWER [3.5G] JUICI - 3.5 G,FLOWER,3.5G,SATIVA,31.53%,0.37%,52.05,,False,connected-cannabis-co-connected-cannabis-co-flower-3-5g-juici,https://d14jfwlo68bhyr.cloudfront.net/products/1782835613116-c3dd64f9-7b30-420f-b47a-2b50e5de4430.webp,,"Connected Cannabis Co's Juici is a high-potency sativa flower coming in at over 33% THC, built for daytime sessions when you want mental clarity and an upbeat, energized headspace. The name hints at what you can expect from the smoke — bright, fruit-forward notes with a fresh, juicy finish that makes each bowl or roll an easy one. Pick up this 3.5g pre-pack from the dispensary menu when you're after a hard-hitting sativa cannabis strain from one of California's most respected brands."
01a03440-ca7e-7f91-9ba9-20727289ccb6,CONNECTED CANNABIS CO,FLOWER [3.5G] ONYX - 3.5 G,FLOWER,3.5G,,26.25%,0.23%,52.05,,False,connected-cannabis-co-connected-cannabis-co-flower-3-5g-onyx,https://d14jfwlo68bhyr.cloudfront.net/products/1788955222003-337e4058-5110-453b-8a59-c3fc76eb4435.webp,,"Connected Cannabis Co's Onyx flower comes in at a potent 27.75% THC, making this 3.5g pre-pack a strong choice for experienced cannabis consumers looking for a heavy, long-lasting session. No flavor or terpene data is on file yet, but Onyx has a reputation for dense, resinous buds that deliver a powerful, full-body effect best suited for evening unwinding. Grab it at the dispensary and check back as more details on this Connected Cannabis Co strain become available."
019d1cd3-a6ed-7260-9397-b2afda22ae05,DELIGHTED,MINIS FLOWER SMALLS [14G] BLUE LOBSTER - 14 G,FLOWER,14G,HYBRID,,,60.05,,False,delighted-delighted-minis-flower-smalls-14g-blue-lobster,https://d14jfwlo68bhyr.cloudfront.net/products/1774529595526-3a41e756-1cc1-4e0e-8471-4a0771370c0d.webp,,"This Blue Lobster hybrid from Delighted offers premium cannabis flower in convenient small bud format, delivering a half-ounce of quality at an accessible price point. The balanced hybrid effects make it perfect for any time of day, whether you're looking to unwind after work or stay productive during creative projects. These pre-packed smalls provide the same potency and flavor profile as full-size buds while maximizing value for dispensary customers seeking quality cannabis flower."
0199b640-da2d-709c-ae51-d53bc3890a39,DELIGHTED,PREMIUM FLOWER [3.5G] EGO TRIP - 3.5 G,FLOWER,3.5G,HYBRID,26.17%,0.09%,30.05,,False,delighted-delighted-premium-flower-3-5g-ego-trip,https://d1hhy58mqsa6c3.cloudfront.net/916928a7-444e-4ad3-bfd0-b799e8385e4d/658a1355-b9e4-4be9-9646-1086c95d02fe,,"The DELIGHTED Premium Flower line offers a standard-sized purchase (3.5g) of the intensely potent Ego Trip hybrid. This modern elite strain is known for delivering a high that is incredibly strong, fast-acting, and deeply immersive, immediately commanding the user's attention. The buds are typically dense, sticky, and visually appealing, often displaying dark greens and purples blanketed in thick trichomes.  Its aroma is a bold, complex blend: a core of pungent chemical gas, sharp skunk, and musky earth is aggressively layered with contrasting notes of sweet, creamy vanilla, nutty baked dough, and subtle fruit. The high is powerful and immediate, starting with a wave of intense, soaring cerebral euphoria that instantly quiets mental clutter while creating a pronounced sense of mental haze and bliss. This rush quickly settles into a profound, full-bodied, tranquilizing melt that makes limbs heavy and eases chronic discomfort. This strain is an excellent choice for experienced users seeking a potent, well-rounded high, effective systemic relief, and a uniquely pungent, satisfying evening smoke."
019fa5ed-b67b-7e33-96c8-32968d610678,ELLIS GREENS,FLOWER [7G] FOUR Z'S - 7 G,FLOWER,7G,INDICA,23.83%,0.08%,55.05,EVERYDAY DISCOUNT - ELLIS GREENS 30% OFF,True,ellis-greens-ellis-greens-flower-7g-four-zs,https://d14jfwlo68bhyr.cloudfront.net/products/1784940465140-20656d30-8dcc-473e-9fc3-ac88ac84bc30.webp,,
019db8d6-f13b-75cc-b3f2-9a6eb105dd04,ELLIS GREENS,FLOWER [7G] GPZ - 7 G,FLOWER,7G,HYBRID,23.38%,0.03%,55.05,EVERYDAY DISCOUNT - ELLIS GREENS 30% OFF,True,ellis-greens-ellis-greens-flower-7g-gpz,https://d14jfwlo68bhyr.cloudfront.net/products/1775875545385-04753517-2591-4832-820b-2096de2bafa0.webp,,
019db8d7-81ed-7531-a999-14d8783ae4cb,ELLIS GREENS,FLOWER [7G] KING BLING - 7 G,FLOWER,7G,INDICA,28.49%,0.10%,55.05,EVERYDAY DISCOUNT - ELLIS GREENS 30% OFF,True,ellis-greens-ellis-greens-flower-7g-king-bling,https://d14jfwlo68bhyr.cloudfront.net/banners/1770955869544-9e8417ff-b273-4603-a812-2fdf6bb75276.webp,,
01a04ff7-bd65-7df1-baaa-4945e7a8ed7b,ELLIS GREENS,FLOWER [7G] OG BOBBY JOHNSON - 7 G,FLOWER,7G,,30.37%,0.08%,55.05,EVERYDAY DISCOUNT - ELLIS GREENS 30% OFF,True,ellis-greens-ellis-greens-flower-7g-og-bobby-johnson,,,
019db8d7-3bfa-7b04-bb72-05919ef550a3,ELLIS GREENS,FLOWER [7G] SHERBANGER - 7 G,FLOWER,7G,INDICA,25.10%,0.04%,55.05,EVERYDAY DISCOUNT - ELLIS GREENS 30% OFF,True,ellis-greens-ellis-greens-flower-7g-sherbanger,https://d14jfwlo68bhyr.cloudfront.net/banners/1770955928667-359f0219-a712-4710-acf4-3017305624c7.webp,,
019f8401-1bb5-794f-b44c-5e637509a57f,ELLIS GREENS,FLOWER [7G] XXX OG - 7 G,FLOWER,7G,INDICA,28.76%,0.10%,55.05,EVERYDAY DISCOUNT - ELLIS GREENS 30% OFF,True,ellis-greens-ellis-greens-flower-7g-xxx-og,https://d14jfwlo68bhyr.cloudfront.net/products/1785077000145-d4977dc8-8933-4352-9b45-d4a29c2fa40d.webp,,"XXX OG has a Sweet, earthy yet pungent at the same time, with pine and lemon notes after taste."
019f5ba0-1c74-7260-8d22-8a7e41dd6670,GELATO,BAGGIE BUDS FLOWER [3.5G] PURPLE PUNCH - 3.5 G,FLOWER,3.5G,,22.57%,0.19%,20.05,,False,gelato-gelato-baggie-buds-flower-3-5g-purple-punch,https://d14jfwlo68bhyr.cloudfront.net/products/1784560814411-43085700-1c26-4437-8178-c3ecd1f1778c.webp,,"Gelato's Purple Punch Baggie Buds deliver a potent 22.57% THC cannabis flower in a convenient 3.5g pre-pack, making it an easy grab for indica lovers at the dispensary. Purple Punch is known for its sweet, grape-forward flavor with hints of blueberry muffin — smooth on the inhale and deeply relaxing on the exhale. This is a classic end-of-day flower, best suited for unwinding, melting stress, and settling in for a restful night."
019f5b9d-5dac-70f3-a946-43441ac24d43,GELATO,BAGGIE BUDS FLOWER [3.5G] SUNSET COOKIES - 3.5 G,FLOWER,3.5G,,23.43%,0.11%,20.05,,False,gelato-gelato-baggie-buds-flower-3-5g-sunset-cookies,https://d14jfwlo68bhyr.cloudfront.net/products/1784560852050-748e437a-11b5-4914-8bc9-9e966d7960f9.webp,,"Sunset Cookies from Gelato is a potent cannabis flower coming in at 23.4% THC, making this 3.5g pre-pack a solid pick for experienced consumers looking for a heavy, satisfying session. True to its name, this strain delivers the sweet, dessert-forward flavor profile you'd expect from a Cookies cross — think rich, doughy sweetness with an earthy finish. Best enjoyed in the evening when you're ready to unwind and settle in."
019f5ba3-1e6c-76ed-a14f-09a89d22af05,GELATO,BAGGIE BUDS FLOWER [3.5G] TANGIE - 3.5 G,FLOWER,3.5G,,23.24%,0.15%,20.05,,False,gelato-gelato-baggie-buds-flower-3-5g-tangie,https://d14jfwlo68bhyr.cloudfront.net/products/1784560880654-d6db804a-3398-465c-be7f-2f74fc252737.webp,,"Tangie cannabis flower from Gelato brings the classic citrus-forward strain to a convenient 3.5g pre-pack, testing at a potent 23.2% THC with just 0.15% CBD. Known for its bright, tangerine-dominant aroma and uplifting character, Tangie is a go-to daytime flower for those who want a energetic, mood-boosting session without the heavy sedation. Pick this one up at the dispensary when you need something flavorful and functional to get the day moving."
01a049b2-050a-7787-8ad4-43821d37ca03,GREENLINE,FLOWER [14G] APPLE FRITTER X C99 - 14 G,FLOWER,14G,,32.39%,0.10%,80.05,,False,greenline-greenline-flower-14g-apple-fritter-x-c99,,,
01a049b2-7263-7221-b06f-b7bc2fb6556b,GREENLINE,FLOWER [14G] DONNY BURGER - 14 G,FLOWER,14G,,33.59%,0.07%,80.05,,False,greenline-greenline-flower-14g-donny-burger,https://d14jfwlo68bhyr.cloudfront.net/products/1788881088769-dd44a5ca-6df4-4d61-9ed3-27fc0e2c4900.webp,,"Donny Burger from Greenline is a heavy-hitting cannabis flower that comes in at a massive 33.59% THC, making this 14g pre-pack one of the more potent options you'll find at the dispensary. Known for its savory, gassy aroma with hints of burger-like earthiness and a fuel-forward finish, this strain is best saved for evening use when you're ready to fully unwind. If you're chasing serious relaxation and deep body effects, Donny Burger delivers."
01a049b3-d60d-78cf-99a4-de3e19e45556,GREENLINE,FLOWER [3.5G] DOSI-ORANGE #9 - 3.5 G,FLOWER,3.5G,SATIVA,27.41%,0.05%,35.04,,False,greenline-greenline-flower-3-5g-dosiorange-9,https://d14jfwlo68bhyr.cloudfront.net/products/1788881202032-1d989d85-50e5-488c-857a-184ad35ab539.webp,,"Dosi-Orange #9 from Greenline is a high-potency sativa cannabis flower coming in at nearly 27.5% THC, making this 3.5g pre-pack a strong pick for daytime sessions when you want energy and focus without feeling weighed down. The name hints at what's in the bag — expect the sweet, citrusy orange notes of its lineage blended with the earthy depth of Dosidos. A solid choice if you're browsing the dispensary menu for a sativa flower that punches above its weight."
01a049b2-37a9-7041-bf5a-3d1e3e6e8f34,GREENLINE,FLOWER [3.5G] HASH BURGER - 3.5 G,FLOWER,3.5G,,35.17%,0.11%,35.04,,False,greenline-greenline-flower-3-5g-hash-burger,https://d14jfwlo68bhyr.cloudfront.net/products/1788881229235-90280b8c-8647-4fed-a0ee-88e4369d6be5.webp,,"Hash Burger is a heavy-hitting cannabis flower from Greenline, known for its dense, resinous buds and the kind of deep, doughy aroma you'd expect from its name — think earthy hash funk layered with subtle diesel undertones. This 3.5g pre-pack is best saved for evening sessions when you're ready to unwind and settle in. A go-to at the dispensary for fans of potent, old-school indica-leaning flower with serious bag appeal."
01a049b1-b8c4-77fe-885d-8964be080cda,GREENLINE,FLOWER [3.5G] WATERMELON RUNTZ - 3.5 G,FLOWER,3.5G,,28.90%,0.10%,35.04,,False,greenline-greenline-flower-3-5g-watermelon-runtz,https://d14jfwlo68bhyr.cloudfront.net/products/1788881340203-882c6198-53b6-43f0-baf7-5376057bc8b2.webp,,"Watermelon Runtz from Greenline is a pre-packed 3.5g cannabis flower known for its sweet, fruity profile that lives up to its candy-forward name — expect a smooth smoke with notes of ripe watermelon and sugary citrus. This strain is a popular pick for unwinding in the evening or settling into a relaxed, feel-good headspace without feeling pinned down. Grab this eighth from the dispensary menu and see why Watermelon Runtz has become a go-to flower for flavor chasers."
019db8d1-c99d-798c-b448-1ccf62fdfdc7,HUMBOLDT FAMILY FARMS,FLOWER [21G] HIGH TIDE OG - 21 G,FLOWER,21G,INDICA,22.65%,0.09%,100.05,,False,humboldt-family-farms-humboldt-family-farms-flower-21g-high-tide-og,https://d14jfwlo68bhyr.cloudfront.net/products/1778603194343-dff43647-093c-4b3f-9507-8784c4345dd2.webp,,"This potent indica flower from Humboldt Family Farms delivers a two-wave cannabis experience that mirrors its oceanic name—starting with euphoric, creative energy before settling into deep physical relaxation. High Tide OG's lemony pine aroma and sweet citrus-kush flavor profile make it perfect for evening sessions when you want social uplift followed by calming body effects. At 32.8% THC, this dispensary favorite transitions from bright cerebral stimulation to gentle, stoney calm that's ideal for winding down."
019610b4-50c7-7925-9d9d-56fe06ef3f75,HUMBOLDT FAMILY FARMS,FLOWER [21G] MAUI WAUI - 21 G,FLOWER,21G,SATIVA,23.96%,0.07%,100.05,,False,humboldt-family-farms-humboldt-family-farms-flower-21g-maui-waui,https://d1hhy58mqsa6c3.cloudfront.net/916928a7-444e-4ad3-bfd0-b799e8385e4d/b3cad823-f5c8-4f5e-bc75-d2ebbbc58434,,"Humboldt Family Farms Maui Waui – 21 g - A classic sativa pre-pack with ~21.8% THC, grown by HFF under sungrown conditions. Expect tropical citrus and musky spice aromas with woody-herbal flavors. The high is uplifting, creative, and focused — yet gently relaxing enough for mellow downtime or reflective sessions."
019d50a4-44de-7054-997d-ea0c162d405a,HUMBOLDT FAMILY FARMS,FLOWER [7G] CHICKEN N' WAFFLES - 7 G,FLOWER,7G,HYBRID,32.09%,0.17%,40.04,,False,humboldt-family-farms-humboldt-family-farms-flower-7g-chicken-n-waffles,,,
019c298c-46be-74ca-a708-5880fb182e8b,HUMBOLDT FAMILY FARMS,FLOWER [7G] WHITE LIGHTNING - 7 G,FLOWER,7G,INDICA,24.67%,0.08%,40.04,,False,humboldt-family-farms-humboldt-family-farms-flower-7g-white-lightning,https://d14jfwlo68bhyr.cloudfront.net/products/1776358299376-ba56b630-8165-437c-90ea-6440c561eb02.webp,,"Unwind with this potent indica-dominant flower from Humboldt Family Farms. White Lightning's dense, trichome-covered buds deliver a deeply relaxing experience with a sweet, earthy aroma. Enjoy this full-spectrum cannabis flower for a tranquil, nighttime experience."
019f1482-7b71-72e9-b359-5a7ce2d3339d,HUMO,FLOWER [7G] CEREZA OG - 7 G,FLOWER,7G,INDICA,25.50%,0.20%,35,,False,humo-humo-flower-7g-cereza-og,https://d14jfwlo68bhyr.cloudfront.net/products/1788396329535-265c22c1-4664-40ca-9ad1-e8247cb58266.webp,,"Sit back and unwind with a bowl of dark chocolate and tart cherries. This Indica cross features forest-green nugs with amber trichomes that deliver a lasting, creative buzz. It’s the perfect choice for managing stress while maintaining a happy, focused head."
019f1485-7dc0-7473-a85a-6d7de0201a4f,HUMO,FLOWER [7G] LIMONADA - 7 G,FLOWER,7G,SATIVA,25.51%,0.24%,35,,False,humo-humo-flower-7g-limonada,,,
019f147f-f046-710c-bf6c-b05251a2e6df,HUMO,FLOWER [7G] PAPAYA - 7 G,FLOWER,7G,SATIVA,25.37%,0.28%,35,,False,humo-humo-flower-7g-papaya,,,
019a5537-5aea-708a-97c1-886bfc2e1d88,ICED,INFUSED FLOWER [3.5G] BLUE DREAM - 3.5 G,FLOWER,3.5G,SATIVA,38.16%,0.06%,40.04,,False,iced-iced-infused-flower-3-5g-blue-dream,https://d1hhy58mqsa6c3.cloudfront.net/916928a7-444e-4ad3-bfd0-b799e8385e4d/90535f25-5351-4eae-a88c-d6ecaa4e3582,,"The Blue Dream flavor profile is sweet and fruity, but the ICED infusion adds an extreme level of potency to the experience. Dominant scent of Sweet, Ripe Blueberries and Fruity Berry, with classic notes of Spicy Haze and Earthy Pine. Tastes distinctly of sweet berries and candied fruit on the inhale, leaving a smooth, herbal, and lightly spicy finish on the exhale. The flower is covered in a heavy ""frost"" of white/clear crystals (THC-A Diamonds) that boost both the visual appeal and the potency. The infusion pushes the famous, balanced effects of Blue Dream into the ""ultra-potent"" category, giving users a massive dose of both cerebral energy and physical comfort."
0197f57e-f760-7342-896e-5b1d10011712,ICED,INFUSED FLOWER [3.5G] GELONADE - 3.5 G,FLOWER,3.5G,HYBRID,41.49%,0.03%,40.04,,False,iced-iced-infused-flower-3-5g-gelonade,https://d1hhy58mqsa6c3.cloudfront.net/916928a7-444e-4ad3-bfd0-b799e8385e4d/16d637fa-8f85-4b30-aef2-ad34393a5edf,,"ICED Infused Flower Gelonade [3.5G] is an Extremely High-Potency Sativa-Dominant Hybrid (Lemon Tree x Gelato #41) that is heavily coated in THC-A Diamonds to achieve 30%-45%+ Total Cannabinoids. It features a sharp, decadent flavor profile of Intense Lemon Zest, Sweet Citrus, and Creamy Vanilla. The effects are powerfully Euphoric, Energetic, and Focusing, providing an immense, clear-headed mental boost, making it a premium choice for experienced consumers seeking maximum functional lift and inspiration."
01993994-c6ec-7a83-92be-f1486d982476,ICED,INFUSED FLOWER [3.5G] RUNTZ - 3.5 G,FLOWER,3.5G,INDICA,36.35%,,40.04,,False,iced-iced-infused-flower-3-5g-runtz,https://d1hhy58mqsa6c3.cloudfront.net/916928a7-444e-4ad3-bfd0-b799e8385e4d/79460001-27d5-44b4-9080-ab66ab3efe3f,,"ICED Infused Flower Runtz [3.5G] is an Extremely High-Potency Balanced Hybrid (Zkittlez x Gelato) that is heavily coated in THC-A Diamonds to achieve 30%-45%+ Total Cannabinoids. It features a famous, delicious flavor profile of Sugary Candy, Tart Tropical Fruit, and Creamy Vanilla. The effects are powerfully Euphoric, Relaxing, and Uplifting, providing an immense mental lift alongside a pleasant body high, making it a premium choice for experienced consumers seeking maximum potency and balanced relief."
0199bfef-2503-75d5-859a-207e580609c2,LOLO,BLACK BAG FLOWER [14G] APPLES & BANANAS X GARY PAYTON - 14 G,FLOWER,14G,HYBRID,26.30%,0.17%,105.05,,False,lolo-lolo-black-bag-flower-14g-apples-bananas-x-gary-payton,https://d14jfwlo68bhyr.cloudfront.net/banners/1771960976631-a501be04-01c8-43ee-93ce-f498c200f061.webp,,"LOLO’s Apples & Bananas × Gary Payton 14 g Black Bag is a juicy, fruit-forward hybrid with crisp apple and tropical banana notes, backed by a gassy, herbal complexity. It delivers a balanced high — uplifting and clear-minded with a gentle body relaxation — making it great for both creative moments and mellow hangouts."
019f42ab-3270-750f-b2f4-2e0fe16d3208,LOLO,BLACK BAG FLOWER [14G] BLUEBERRY HAZE - 14 G,FLOWER,14G,SATIVA,28.38%,0.22%,105.05,,False,lolo-lolo-black-bag-flower-14g-blueberry-haze,https://d14jfwlo68bhyr.cloudfront.net/products/1784127267475-faf137c1-2c8d-457e-993c-b60373d0598a.webp,,"LOLO's Blueberry Haze is a potent sativa cannabis flower packed into a 14g Black Bag, testing at 28.4% THC with sweet ripe blueberry, fresh citrus, and a light herbal spice on the nose — exactly what you'd expect from this classic Blueberry x Haze cross. The effects are smooth and uplifting, delivering calm euphoria and gentle mental clarity without any heavy sedation, making it a go-to daytime flower for creative sessions, social hangs, or a mellow berry-forward buzz. Pick this one up at the dispensary when you want a high-THC sativa that keeps you centered and functional throughout the day."
01a01b2e-9337-79bb-9b79-335434462240,LOLO,BLACK BAG FLOWER [14G] DONACHELLO - 14 G,FLOWER,14G,HYBRID,27.61%,0.10%,105.05,,False,lolo-lolo-black-bag-flower-14g-donachello,https://d14jfwlo68bhyr.cloudfront.net/products/1788877782570-618c98e0-34f6-4c8b-a215-95f2b58c8b6e.webp,,"A cross between Pink Runtz and Lemon Cherry Gelato, Donachello is a potent hybrid cannabis flower from LOLO that clocks in at 27.6% THC — built for seasoned consumers who want serious strength with dessert-forward flavor. Expect the sweet, creamy, fruit-forward profile you'd expect from its lineage: bright cherry and citrus up front with a smooth, gelato-like finish. This 14g Black Bag pre-pack is a solid pick for evening unwinding or a deeply relaxing session when you want to sink in and stay there."
019f6ba7-da64-77f2-b676-ea2b319e582b,LOLO,BLACK BAG FLOWER [14G] GRAPE HEADBAND - 14 G,FLOWER,14G,INDICA,26.84%,0.15%,105.05,,False,lolo-lolo-black-bag-flower-14g-grape-headband,https://d14jfwlo68bhyr.cloudfront.net/products/1784646185757-90d3ddab-0702-4917-a3cf-a803a814b186.webp,,"LOLO's Grape Headband is a fruit-forward indica flower that opens with ripe blueberry, earthy pine, and a touch of herbal spice, finishing with sweet dark fruit and a soft, gassy exhale. This cannabis strain — a cross of Blueberry Headband and OGKB — brings a mellow wave of euphoria that settles into steady body relaxation without feeling heavy or abrupt. A solid pick from the dispensary for unwinding at the end of the day, this 14g pre-pack delivers classic kush depth with a smooth, grounded finish."
019e896f-b507-7227-9af8-fd9976a27f33,LOLO,BLACK BAG FLOWER [14G] KMINTZ - 14 G,FLOWER,14G,INDICA,26.34%,0.18%,105.05,,False,lolo-lolo-black-bag-flower-14g-kmintz,https://d14jfwlo68bhyr.cloudfront.net/products/1780933994598-94017df8-1a33-45b7-b065-1773322469d0.webp,,"This potent indica flower from LOLO delivers a heavy-hitting 26% THC that's perfect for evening relaxation and deep sleep. Kmintz brings classic minty undertones with earthy notes, making it an ideal choice for unwinding after a long day. The generous 14-gram pre-pack offers excellent value for cannabis enthusiasts seeking consistent, dispensary-quality indica effects."
019fd69d-bacf-7600-999e-48ad1568e542,LOLO,FLOWER [3.5G] LEMON MERINGUE - 3.5 G,FLOWER,3.5G,SATIVA,26.32%,0.07%,22.05,,False,lolo-lolo-flower-3-5g-lemon-meringue,https://d14jfwlo68bhyr.cloudfront.net/products/1786553658798-0e208826-8230-4fe4-998c-b08a26a515b6.webp,,"LOLO's Lemon Meringue is a bright, citrus-forward sativa cannabis flower that delivers tart lemon zest, smooth vanilla cream, and a light cookie finish on every inhale. Crossed from Lemon Skunk and Cookies 'N Cream, this 3.5g pre-pack brings energizing focus, uplifting euphoria, and a creative spark that makes it a natural fit for daytime use, social hangs, or any project that needs momentum. Pick it up at the dispensary if you're after a flavorful, refreshing sativa that keeps things lively without weighing you down."
019e8970-e85c-7fd3-9f2c-ba0ebb9336de,LOLO,FLOWER [3.5G] PEANUT BUTTER CAKE - 3.5 G,FLOWER,3.5G,HYBRID,27.70%,0.19%,22.05,,False,lolo-lolo-flower-3-5g-peanut-butter-cake,https://d14jfwlo68bhyr.cloudfront.net/products/1780934062443-ea7646e3-bbf6-4dde-9b61-8234a670b204.webp,,"This potent hybrid cannabis flower from LOLO delivers 26.6% THC in a rich, dessert-inspired strain that lives up to its name. Peanut Butter Cake offers a satisfying balance of relaxation and euphoria, making it perfect for evening sessions when you want to unwind without being completely sedated. The 3.5-gram pre-pack provides premium dispensary-quality flower with consistent potency and freshness."
01a038e6-9e44-7e82-ad7e-dc9892751b3b,LOLO,FLOWER [3.5G] TRES DAWG - 3.5 G,FLOWER,3.5G,INDICA,27.05%,0.23%,22.05,,False,lolo-lolo-flower-3-5g-tres-dawg,https://d14jfwlo68bhyr.cloudfront.net/products/1788877933163-36022cd6-23a0-4545-8059-ff32c8fad8ff.webp,,"Tres Dawg from LOLO is a bold, old-school indica flower bred from Afghani and Chemdawg BX1, hitting with a pungent mix of earth, skunk, diesel, and peppery spice that's unmistakably Chemdawg-forward. This 3.5g cannabis pre-pack delivers a heavy-bodied, deeply relaxing experience — expect a calm mental state and strong physical ease that slows everything down in the best way. A go-to indica at the dispensary for low-key evenings when you're ready to unwind and stay there."
0198c027-e1dd-7f9c-acfd-e8b7b1676f2e,LOLO,PREGROUND FLOWER [21G] CHERRY ICEEZ - 21 G,FLOWER,21G,INDICA,27.50%,0.17%,38.04,VALUE MENU - 30% OFF,True,lolo-lolo-preground-flower-21g-cherry-iceez,https://d1hhy58mqsa6c3.cloudfront.net/916928a7-444e-4ad3-bfd0-b799e8385e4d/5ed962bb-0001-4786-8bc0-1f44f808f403,,"The Lolo Preground Flower line offers a high-value, large-format (21g) option for easy consumption. Cherry Iceez is a potent Indica-Dominant Hybrid celebrated for its distinctively vibrant, sweet, and cool aroma. This strain is designed to provide the bright, sweet, and sometimes tart taste of ripe cherries followed by a unique, refreshing, and cooling menthol or minty finish—the ""Iceez"" effect. The preground format makes it ideal for quickly rolling joints or packing bowls for a smooth, unique session. The high is immediate and profoundly soothing, starting with a wave of euphoria and mental happiness that rapidly transitions into a deep, lasting body calm, making it an excellent choice for experienced users seeking evening comfort and tranquility in bulk."
01a0151c-3071-73ea-b808-900081527d50,LOLO,PREGROUND FLOWER [21G] PEANUT BUTTER CAKE - 21 G,FLOWER,21G,HYBRID,27.56%,0.24%,38.04,VALUE MENU - 30% OFF,True,lolo-lolo-preground-flower-21g-peanut-butter-cake,https://d14jfwlo68bhyr.cloudfront.net/products/1787582308329-ae2e5f11-bd82-4294-8620-693ec18b923d.webp,,"LOLO's Peanut Butter Cake pre-ground flower is a balanced hybrid cannabis strain crossed from Ice Cream Cake and Peanut Butter Breath, delivering a rich aroma of roasted nuts, sweet vanilla, and earthy kush with a creamy peanut butter flavor and subtle gassy finish. Effects bring a smooth blend of euphoric uplift and relaxed body ease that keeps the headspace calm and clear — versatile enough for daytime use or winding down in the evening. This 21g value-menu option from LOLO is an easy grab for anyone who wants a flavorful, well-rounded hybrid without the prep work."
019fd680-4357-710a-95c8-477cb48790e7,LOLO,PREGROUND FLOWER [21G] TROPICANA CHERRIES - 21 G,FLOWER,21G,SATIVA,25.01%,0.23%,38.04,VALUE MENU - 30% OFF,True,lolo-lolo-preground-flower-21g-tropicana-cherries,https://d14jfwlo68bhyr.cloudfront.net/products/1786554011831-4ee56d06-2058-4212-951d-7709cb02b7c4.webp,,"LOLO's Tropicana Cherries pre-ground flower delivers a bright punch of orange zest and ripe cherry with a smooth, nutty finish — a sativa cannabis strain born from Tropicana Cookies and Cherry Cookies that's as flavorful as it is functional. Expect an energized, mood-lifting head effect with just enough body ease to keep things comfortable, making this a solid pick for creative sessions or social daytime use. At 21 grams, this dispensary value-menu staple is an easy way to stock up on an expressive, well-rounded sativa."
019f9090-7a82-7bce-ad8a-46b921dfb032,LUMPY'S,FLOWER [14G] PASSION IVY - 14 G,FLOWER,14G,HYBRID,29.09%,0.08%,100.05,THURSDAY – Q4 DAILY DEALS – LUMPYS – FLOWER,True,lumpys-lumpys-flower-14g-passion-ivy,https://d14jfwlo68bhyr.cloudfront.net/products/1781802537838-927d1399-9892-4dae-adb5-3290821d5372.webp,,"Passion Ivy from Lumpy's is a hybrid cannabis flower available in a convenient 14g pre-pack, ideal for stocking up on a strain worth keeping around. No lab data is available at this time, so ask your budtender for the latest potency details on this Lumpy's drop. A solid half-ounce pick for hybrid lovers browsing the dispensary menu for trusted, quality flower."
01a02003-3f55-7ff7-8667-2cebdfba7110,LUMPY'S,FLOWER [3.5G] BERRY JEALOUS - 3.5 G,FLOWER,3.5G,,29.37%,0.09%,35.04,THURSDAY – Q4 DAILY DEALS – LUMPYS – FLOWER,True,lumpys-lumpys-flower-3-5g-berry-jealous,,,
019b7095-66d1-7d7e-adfd-76653353ef6b,LUMPY'S,FLOWER [3.5G] ZOASTY - 3.5 G,FLOWER,3.5G,HYBRID,33.47%,0.12%,35.04,THURSDAY – Q4 DAILY DEALS – LUMPYS – FLOWER,True,lumpys-lumpys-flower-3-5g-zoasty,https://d14jfwlo68bhyr.cloudfront.net/products/1776801180164-e73c7d43-d49a-4b16-8e64-6244a8895ce1.webp,,"Zoasty	Peanut Butter Toast x Zoap	  Indica	LIMONENE	CARYOPHYLLENE	LINALOOL	  Zoasty (Peanut Butter Toast x Zoap) is an Indica that blends toasted nutty warmth with that clean, fruity ‘zoap’ smell up front. Mid-draw swings between peanut-butter toast and creamy tropical sweetness, then lands with warm spice and a soft floral finish that keeps it surprisingly smooth. It burns even with a resin ring that builds, leaving toasted-sweet fruit on the exhale, a slow nightcap vibe."
0197f552-09f7-767b-9900-0ed5fdeabc5a,MAVEN,FLOWER [3.5G] CHROME DOME - 3.5 G,FLOWER,3.5G,HYBRID,24.78%,,47.05,,False,maven-maven-flower-3-5g-chrome-dome,https://d1hhy58mqsa6c3.cloudfront.net/916928a7-444e-4ad3-bfd0-b799e8385e4d/73b206c4-2c9d-4dae-a132-f79ec73180ef,,"Maven Chrome Dome (3.5 g Flower Pre-Pack) — A high-quality sativa-leaning hybrid (Lemonheadz × Eye Candy), pheno-hunted and indoor-grown to deliver frosty, trichome-heavy buds with vibrant green, purple, and magenta hues. Aroma bursts with grapefruit and sharp lemon-zest; flavor unfolds with syrupy citrus, then deepens into touches of anise/licorice and herbal-spice nuances. With ~ 27–30% THC (depending on batch), the high comes on fast — clear, creative, euphoric, and uplifting — ideal for daytime creativity, social sessions, or energizing tasks without heavy sedation."
0196e915-c4f5-7877-b0c5-48d009ed1be5,MAVEN,FLOWER [3.5G] FKAFL - 3.5 G,FLOWER,3.5G,HYBRID,26.09%,0.14%,47.05,,False,maven-maven-flower-3-5g-fkafl,https://d1hhy58mqsa6c3.cloudfront.net/916928a7-444e-4ad3-bfd0-b799e8385e4d/7a5901bb-f504-4ed5-ba5a-c5f802563318,,"Maven – FKAFL (3.5 g Flower) An award‑winning indoor hybrid from Maven Genetics (L.A. Rouge × The Soap), FKAFL delivers dense, frosty buds with a striking appearance — deep purples and greens covered in a thick trichome layer. Expect a sophisticated, multi‑layered aroma and taste: citrus + diesel on the first hit, with underlying red‑fruit/berry sweetness, herbal/dank undertones, and a clean lavender‑tinged exhale. Potency is solid — 28–30%+ THC — with a high that starts euphoric and uplifting, then settles into a smooth, balanced relaxation. Ideal for users looking for a refined, flavorful, and potent hybrid experience — day or night, depending on tolerance."
019ff721-ee33-7a3c-be8a-b0902a9cdefd,MR ZIPS,FLOWER [14G] BLUEBERRY - 14 G,FLOWER,14G,SATIVA,23.09%,0.07%,55.05,,False,mr-zips-mr-zips-flower-14g-blueberry,https://d14jfwlo68bhyr.cloudfront.net/products/1786720907022-363427fb-694a-4dd2-8714-5ee9aaa03de3.webp,,"Blueberry is a flavorful sativa with roots tracing back to Afghani × Thai genetics, bringing together the best of both worlds—sweet, fruity flavor and an uplifting, energetic experience. Bursting with notes of ripe blueberries, citrus, and subtle earthy spice, this cultivar delivers a smooth, aromatic smoke that keeps consumers coming back. Dense, resin-coated buds and a rich terpene profile make Blueberry a standout choice for those seeking premium-quality flower at an everyday value."
0196efe1-bfd8-7afe-b826-a971f3f2c217,MR ZIPS,FLOWER [14G] ILLEMONATI - 14 G,FLOWER,14G,SATIVA,26.73%,0.19%,55.05,,False,mr-zips-mr-zips-flower-14g-illemonati,https://d14jfwlo68bhyr.cloudfront.net/banners/1755194396883-bc091d93-911c-4046-8c4c-27e9493ca2ad.webp,,"""Illemonati"" is a sativa-leaning hybrid from the tasty parents Dosidos and Gelonade. This strain boasts a powerful citrus and gas aroma that hits hard and fast, awakening your senses and sparking a surge of creative, uplifting energy. Its lemony brightness conceals a potent punch, keeping you alert and in the know—like you’re in on a secret few others understand. With its stimulating effects and tangy flavor, ""Illemonati"" is perfect for unlocking hidden potential and staying sharp through any endeavor."
01951af3-e444-7621-accf-cbfc436c5026,MR ZIPS,FLOWER [14G] SPACE ROCKS,FLOWER,14G,INDICA,22.45%,0.18%,55.05,,False,mr-zips-mr-zips-flower-14g-space-rocks,https://d14jfwlo68bhyr.cloudfront.net/myEPR9oWrl.webp,,"Space Rocks is an indica-dominant hybrid strain known for its potent effects and delightful flavor profile. Its buds are dense and coated in a thick layer of trichomes, emitting a pungent aroma of sweet berries and fresh herbs. Space Rocks offers an out-of-this-world relaxing and euphoric high that leaves your worries and stress in a galaxy far faraway."
01a05cbf-2833-71e7-a6c3-656e5b720806,MR ZIPS,FLOWER [28G] GREEN CRACK - 28 G,FLOWER,28G,SATIVA,25.19%,0.06%,90.05,,False,mr-zips-mr-zips-flower-28g-green-crack,https://d14jfwlo68bhyr.cloudfront.net/products/1788394861895-49103622-804c-44d6-98e5-cf99748821dc.webp,,"Blast off with Astro Candy, a flavorful hybrid born from the legendary genetics of Wedding Cake and Gelato #33. This cultivar delivers a rich, dessert-inspired profile featuring notes of sweet vanilla frosting, creamy citrus, and a hint of earthy spice. Dense, frosty buds and a smooth, flavorful smoke make Astro Candy an easy choice for consumers looking for a premium everyday experience."
01951af3-e514-73ce-9fc7-f1ee0ad40c77,MR ZIPS,FLOWER [28G] SPACE ROCKS,FLOWER,28G,INDICA,23.41%,0.26%,90.05,,False,mr-zips-mr-zips-flower-28g-space-rocks,https://d14jfwlo68bhyr.cloudfront.net/fRlydr458W.webp,,"Space Rocks is an indica-dominant hybrid strain known for its potent effects and delightful flavor profile. Its buds are dense and coated in a thick layer of trichomes, emitting a pungent aroma of sweet berries and fresh herbs. Space Rocks offers an out-of-this-world relaxing and euphoric high that leaves your worries and stress in a galaxy far faraway."
019b9f1d-acbb-77c2-80ec-2787a06e4641,MR ZIPS,FLOWER [3.5G] BLACK MAGIC - 3.5 G,FLOWER,3.5G,HYBRID,25.82%,0.18%,17.05,,False,mr-zips-mr-zips-flower-3-5g-black-magic,https://d14jfwlo68bhyr.cloudfront.net/products/1786721984925-fdb5841e-7df4-4b4e-b37c-8c6bd7d50bf4.webp,,"Black Magic is a mystical mashup of Tropicana Cherry x Space Rocks, conjuring a deep, flavorful spell of citrus funk, ripe berries, and earthy sweetness wrapped in frosty purple hues. The nose hits with a swirl of tangy cherry cola and herbal gas, while the smoke lingers like incense in a velvet-draped lounge. The high casts its charm in waves — first uplifting and euphoric, then melting into a stony, cosmic calm that feels like time itself hit pause. Light up and drift — Black Magic doesn’t ask for your attention, it demands it"
019fb468-6203-7691-8c4b-ded6afc64651,MR ZIPS,FLOWER [3.5G] RUNTZ - 3.5 G,FLOWER,3.5G,,24.78%,0.46%,17.05,,False,mr-zips-mr-zips-flower-3-5g-runtz,https://d14jfwlo68bhyr.cloudfront.net/products/1788396147209-af2376e7-c12e-419b-b712-5d3ca01717d6.webp,,"Treat yourself to the sweet, dessert-like flavors of Mr. Zips Runtz, a premium indica bred from the legendary Zkittlez × Gelato lineage. This crowd-favorite strain offers a delicious blend of fruity candy, tropical citrus, and creamy vanilla with subtle earthy undertones, creating a smooth and flavorful smoke from start to finish."
019db8d4-0756-7ea1-bd10-a94a54d68fd9,MUSE,FLOWER [3.5G] G-41 - 3.5 G,FLOWER,3.5G,INDICA,27.67%,,25.05,,False,muse-muse-flower-3-5g-g41,https://d14jfwlo68bhyr.cloudfront.net/products/1775828160845-5839fbcb-254f-46d7-96db-e5ed6733b10a.webp,,
019db8d4-20b4-726d-96df-01990b358746,MUSE,FLOWER [3.5G] HEIR HEADS - 3.5 G,FLOWER,3.5G,HYBRID,31.27%,,25.05,,False,muse-muse-flower-3-5g-heir-heads,https://d14jfwlo68bhyr.cloudfront.net/products/1775484663746-8aef6d46-03e2-44df-8dbc-945779dd846a.webp,,
019db8d6-7de3-7da9-98d4-00dce1248357,MUSE,FLOWER [3.5G] SPACE ROCKS - 3.5 G,FLOWER,3.5G,SATIVA,26.79%,,25.05,,False,muse-muse-flower-3-5g-space-rocks,https://d14jfwlo68bhyr.cloudfront.net/products/1775484831832-a8641de6-ac70-4464-ac7b-8e42e6b20b38.webp,,
01988232-63c5-790d-a335-604c6230f210,OAKFRUITLAND,FLOWER JAR [7G] BISCOTTI PLUS - 7 G,FLOWER,7G,INDICA,29.95%,,50.05,,False,oakfruitland-oakfruitland-flower-jar-7g-biscotti-plus,https://d14jfwlo68bhyr.cloudfront.net/banners/1765834987061-f76ab12d-1557-417c-9e5b-51e5fcbf0bde.webp,,"The Oakfruitland Biscotti Plus flower is an elite, high-potency Indica-Dominant Hybrid strain, offered in a larger 7-gram format. Oakfruitland is a premium Oakland-based brand known for its commitment to powerful, gassy, and visually stunning flower. Biscotti Plus takes the famous flavor and structure of the original Biscotti (Gelato x GSC x South Florida OG) and intensifies its key features: the sweet dessert flavor and the potent, sedating effects."
019aa826-deda-75e6-bc40-35e8460710ae,OAKFRUITLAND,FLOWER JAR [7G] CEREAL MILK - 7 G,FLOWER,7G,HYBRID,30.17%,,50.05,,False,oakfruitland-oakfruitland-flower-jar-7g-cereal-milk,https://d14jfwlo68bhyr.cloudfront.net/products/1781737282627-ac3ee339-a9c2-4f93-8075-9b4ef6efb095.webp,,"The Oakfruitland Cereal Milk flower is an elite, high-potency Hybrid strain, offered in a larger 7-gram format. Oakfruitland is a premium Oakland-based brand known for its commitment to powerful, visually stunning flower and exotic genetics, often producing effects that are both euphoric and deeply comforting. Cereal Milk is a globally recognized, modern hybrid famed for its sweet, creamy, and distinct aroma that truly captures the scent of sugary cereal milk left in the bowl."
01951af3-ef59-7603-a801-08bfb7ec1ed9,OAKFRUITLAND,FLOWER JAR [7G] OAK-LATO,FLOWER,7G,HYBRID,30.53%,,50.05,,False,oakfruitland-oakfruitland-flower-jar-7g-oaklato,https://d14jfwlo68bhyr.cloudfront.net/products/1781737170203-260debdd-6c90-4f46-b231-9339fd6b21f8.webp,,"Oakfruitland's Oak-Lato [7G] is a very high-potency Indica-Dominant Hybrid (derived from elite Gelato genetics) that frequently tests at 27%–30%+ THC. It boasts a luxurious, complex flavor profile featuring dominant notes of Sweet Cream, Vanilla, and Dough, balanced by a classic Earthy Gas. The effects are powerfully euphoric and deeply relaxing, delivering a potent body high that brings profound tranquility and makes it an outstanding choice for evening relaxation and stress management."
01a002b8-592a-7d9a-aace-54503b125c38,OAKFRUITLAND,FLOWER JAR [7G] PANDA PANDA - 7 G,FLOWER,7G,,33.00%,,55.05,,False,oakfruitland-oakfruitland-flower-jar-7g-panda-panda,https://d14jfwlo68bhyr.cloudfront.net/products/1789045959540-4a011847-2349-460c-982f-397a18287ba4.webp,,Panda Panda by OAKFRUITLAND is a 7-gram cannabis flower jar available at the dispensary for those who want to stock up on a full quarter.
01951af3-ef5b-758d-9645-fc9f103fd28b,OAKFRUITLAND,FLOWER JAR [7G] PANDORA'S BOX - 7 G,FLOWER,7G,INDICA,30.19%,,50.05,,False,oakfruitland-oakfruitland-flower-jar-7g-pandoras-box,https://d14jfwlo68bhyr.cloudfront.net/products/1781737426439-f0c3a520-63e9-4756-a159-2bed2b29ad89.webp,,"Oakfruitland's Pandora's Box [7G] is a very high-potency Hybrid (LA Pop Rocks x Purple Push Pop) that routinely tests near 30% THC. This premium, indoor-grown flower is famous for its loud aroma and flavor of Sweet Candy Gas and Cream. It delivers a beautifully balanced high that is intensely Uplifting and Creative while simultaneously inducing a state of deep physical Relaxation and Bliss, making it an outstanding, versatile choice for both daytime functionality and evening unwinding."
019ddea1-af05-7e7e-8f6a-ab2857bf2398,OAKFRUITLAND,FLOWER [14G] BISCOTTI PLUS - 14 G,FLOWER,14G,HYBRID,30.71%,,110.05,,False,oakfruitland-oakfruitland-flower-14g-biscotti-plus,https://d14jfwlo68bhyr.cloudfront.net/products/1778254119971-4dbf6b48-a39c-42a3-8b7c-bd574f4d8094.webp,,"This premium Oakfruitland hybrid flower delivers 30.4% THC in hand-selected, whole buds that showcase the beloved Biscotti Plus strain's rich, dessert-like profile. Perfect for experienced cannabis users seeking potent effects, this 14-gram jar preserves freshness and quality from your first session to your last."
019db8d0-dedc-7e7d-8017-be113204555e,OAKFRUITLAND,FLOWER [14G] CEREAL MILK - 14 G,FLOWER,14G,HYBRID,29.30%,,110.05,,False,oakfruitland-oakfruitland-flower-14g-cereal-milk,https://d14jfwlo68bhyr.cloudfront.net/products/1781737250679-60de0246-49a9-4ba4-9af0-024c203c6ec6.webp,,
01a002b8-53f6-7377-9672-635a47dd10b0,OAKFRUITLAND,FLOWER [14G] PRE 98 BUBBA KUSH - 14 G,FLOWER,14G,INDICA,30.65%,,110.05,,False,oakfruitland-oakfruitland-flower-14g-pre-98-bubba-kush,https://d14jfwlo68bhyr.cloudfront.net/products/1789046102715-064e0a4a-8019-4b6d-9d8d-d4a0155015e9.webp,,"Pre 98 Bubba Kush is a classic indica cannabis flower known for its heavy, sedating effects and earthy, coffee-tinged aroma with hints of chocolate and spice — a go-to nighttime strain for deep relaxation and unwinding. This OAKFRUITLAND 14g pre-pack brings you a generous half-ounce of one of the most legendary kush varieties available at the dispensary. Best suited for evening use when you're ready to sink into the couch and let the stress of the day go."
019e845f-5dd5-7ad9-90a4-e4d9c6a035fb,OAKFRUITLAND,FLOWER [3.5G] J1 - 3.5 G,FLOWER,3.5G,HYBRID,29.08%,,35.04,,False,oakfruitland-oakfruitland-flower-3-5g-j1,https://d14jfwlo68bhyr.cloudfront.net/products/1781547764438-6f0764d0-ae39-4cb8-a9be-5e24c57f8384.webp,,"J1 is a classic sativa-dominant hybrid cannabis flower known for its energizing, clear-headed effects that make it a go-to for daytime sessions and creative pursuits. This OAKFRUITLAND 3.5g pre-pack delivers the strain's signature bright, piney aroma with hints of citrus that seasoned dispensary shoppers will recognize immediately. If you're looking for a hybrid flower that keeps you functional and focused without weighing you down, J1 is a solid pick."
01951af3-ed50-7cbe-86ae-b8216f84ae64,OAKFRUITLAND,FLOWER [3.5G] OAK-LATO,FLOWER,3.5G,INDICA,31.13%,,35.04,,False,oakfruitland-oakfruitland-flower-3-5g-oaklato,https://d14jfwlo68bhyr.cloudfront.net/products/1781737026246-d2abd958-4cff-49f5-8fa1-8736765ad90d.webp,,"Oak‑Lato (3.5 g Flower by Oakfruitland) — a hybrid (Lemon Cherry Gelato × Gelato 41) with ~ 30–31% THC, delivering dense, resin‑rich buds with a sweet + creamy + berry + earthy flavor/aroma profile. Expect smooth, gelato‑like smoke, layered taste (sweetness, berry/cherry, earth, subtle dough/wood undertones), and a balanced high: uplifted, happy, relaxed — suitable for both comfy chill‑outs and creative/social sessions. A good “all‑rounder” flower: flavorful, potent, and versatile."
019ecc46-f45e-7035-968b-669ce52e00c6,PACIFIC STONE,FLOWER [14G] FROSTED CHEM - 14 G,FLOWER,14G,HYBRID,23.68%,0.12%,60.05,,False,pacific-stone-pacific-stone-flower-14g-frosted-chem,https://d14jfwlo68bhyr.cloudfront.net/products/1782837624924-16bf8240-e2d7-4bf7-8249-b12caf17d082.webp,,"Pacific Stone's Frosted Chem is a hybrid cannabis flower that leans on its Chemdog lineage to deliver a sharp, fuel-forward aroma with earthy, skunky undertones that serious flower fans will recognize immediately. This pre-pack half-ounce (14g) is a solid dispensary staple for those who want a well-rounded hybrid session — think clear-headed enough to stay functional, but with enough body to take the edge off. A reliable, no-frills pick from Pacific Stone when you want quality cannabis at a consistent price point."
0199a04c-4ffb-7fa5-9266-02b844aed202,PACIFIC STONE,FLOWER [14G] GMO - 14 G,FLOWER,14G,INDICA,20.41%,0.15%,60.05,,False,pacific-stone-pacific-stone-flower-14g-gmo,https://d1hhy58mqsa6c3.cloudfront.net/916928a7-444e-4ad3-bfd0-b799e8385e4d/87d460f1-cdc0-49f1-9902-63ad79cd1c75,,"Pacific Stone GMO (14 g) is a budget-friendly but potent greenhouse-grown indica-leaning flower. The 14 g pre-pack (“smalls”) offers a strong THC profile (~23–24%) in some batches, with a classic diesel, earthy, and herbal aroma. Thanks to Pacific Stone’s greenhouse quality and hand-finished curing, you can expect a solid, relaxing body high with a smooth smoke — ideal for evening use or mellowing out without breaking the bank."
019d20e7-45ec-7f78-b571-62254069b4b3,PACIFIC STONE,FLOWER [7G] POMELO - 7 G,FLOWER,7G,INDICA,24.66%,0.13%,35.04,,False,pacific-stone-pacific-stone-flower-7g-pomelo,https://d14jfwlo68bhyr.cloudfront.net/products/1775744097023-83599867-5bec-43e6-9f51-b34186491a57.webp,,"This potent indica flower from Pacific Stone delivers 24.7% THC for deep relaxation and stress relief. Pomelo's citrusy aroma hints at its refreshing yet sedating effects, making it ideal for evening wind-down or nighttime use. Perfect for cannabis consumers seeking a heavy-hitting indica to melt away tension and promote restful sleep."
01a033c7-54bd-72bd-808e-ebc07df90d45,PREFERRED GARDENS,FLOWER [14G] DURBAN POISON - 14 G,FLOWER,14G,,25.18%,0.10%,80.05,,False,preferred-gardens-preferred-gardens-flower-14g-durban-poison,https://d14jfwlo68bhyr.cloudfront.net/products/1788226107021-6ebd88fe-3bd8-442d-8c83-7dd1767b2ecc.webp,,"Durban Poison Genetics: Landrace (Unknown Genetics) Type: Sativa  Our Mixed Light Durban Poison thrives under California sunshine, bringing out bright pine aromas and vibrant herbal haze flavors. The result is a smooth, flavorful smoke with uplifting sativa effects that inspire creativity, sharpen focus, and provide long-lasting daytime energy."
019db8d1-f5cf-7f64-b981-59427eea75db,PREFERRED GARDENS,FLOWER [14G] VERZACE - 14 G,FLOWER,14G,HYBRID,25.06%,0.12%,80.05,,False,preferred-gardens-preferred-gardens-flower-14g-verzace,https://d14jfwlo68bhyr.cloudfront.net/products/1775149652292-f4532ff1-200c-4487-af22-f63e5d3cc7cf.webp,,"Verzace Genetics: Wavy × Bebecita Type: Indica Hybrid Verzace blends sweet berry flavor with fragrant floral notes, delivering a euphoric, creative high that keeps you uplifted and inspired."
019db8d2-0ec2-74d4-b393-5fd327f29a44,PREFERRED GARDENS,FLOWER [14G] ZNACKZ - 14 G,FLOWER,14G,HYBRID,25.63%,0.21%,80.05,,False,preferred-gardens-preferred-gardens-flower-14g-znackz,https://d14jfwlo68bhyr.cloudfront.net/products/1775149674378-7dcd1b1b-1ff5-4e8f-b4fc-fa22ccc6374c.webp,,"Znackz Genetics: Chauffeur x Runtz Type: Indica Powerful Indica featuring sweet powdered candy and dank cookie flavors with deeply sedating, full-body effects."
019db8d3-e3a2-7e19-89b1-465d46cfe1db,PREFERRED GARDENS,FLOWER [3.5G] DURBAN POISON - 3.5 G,FLOWER,3.5G,HYBRID,26.46%,0.31%,30.05,,False,preferred-gardens-preferred-gardens-flower-3-5g-durban-poison,https://d14jfwlo68bhyr.cloudfront.net/products/1775149736290-f8edcd0c-3cbf-4527-b22e-9db0aa95506b.webp,,"Durban Poison Genetics: Landrace (Unknown Genetics)  Type: Sativa Durban Poison delivers crisp pine and classic haze flavors with an uplifting, focused high that inspires creativity and all-day energy."
01a03f04-434a-7ada-a027-37339a455b64,PREFERRED GARDENS,FLOWER [3.5G] GUSHERS - 3.5 G,FLOWER,3.5G,,24.56%,0.17%,30.05,,False,preferred-gardens-preferred-gardens-flower-3-5g-gushers,https://d14jfwlo68bhyr.cloudfront.net/products/1788226605183-8b25d3c8-c12f-4245-8c5c-5bcf28e04d4a.webp,,"Gushers Genetics: Gelato #41 × Triangle Kush Type: Hybrid (Indica-leaning)  Our Mixed Light Gushers flourishes under California sunshine, producing resin-rich flower with vibrant terpene expression. Tropical fruit, creamy gelato, candy sweetness, and earthy fuel combine for a rich, flavorful smoke backed by balanced hybrid effects that uplift the mind while gently relaxing the body. A true expression of premium California mixed-light cultivation."
01a03f04-43a5-7fac-a824-37439724d49d,PREFERRED GARDENS,FLOWER [3.5G] ZOAP - 3.5 G,FLOWER,3.5G,INDICA,24.16%,0.12%,30.05,,False,preferred-gardens-preferred-gardens-flower-3-5g-zoap,https://d14jfwlo68bhyr.cloudfront.net/products/1788226793320-c6c303da-8fb4-46df-96b8-8b19db2e01af.webp,,"Zoap Genetics: Rainbow Sherb × Pink Guava Type: Hybrid  Our Mixed Light Zoap flourishes under California sunshine, producing vibrant terpene expression and resin-rich flower. Tropical fruit, sweet candy, and creamy floral notes come together in a rich, flavorful smoke backed by balanced hybrid effects that keep the mind uplifted and the body comfortably relaxed."
01a033a6-fdd4-796d-a2d3-ab3c0713bac0,PREFERRED GARDENS,PREMIUM INDOOR FLOWER [3.5G] BLUEFIN - 3.5 G,FLOWER,3.5G,,26.40%,0.21%,50.05,,False,preferred-gardens-preferred-gardens-premium-indoor-flower-3-5g-bluefin,https://d14jfwlo68bhyr.cloudfront.net/products/1788226823634-a6cb0bc9-eab9-441e-8a04-79852b9de495.webp,,"Blue Fin Genetics: OZK x Zkittlez  Type: Hybrid Indoor-grown Blue Fin produces dense, resin-coated buds loaded with vibrant terpene expression and exceptional bag appeal. Sweet candy berry aromas blend with sharp gas and cool earthy mint, creating a smooth and flavorful smoking experience. Expect euphoric cerebral effects followed by relaxing body comfort that makes this Hybrid enjoyable any time of day."
01a033a3-0d50-74d7-9e86-672af2bd34a9,PREFERRED GARDENS,PREMIUM INDOOR FLOWER [3.5G] LEMON UP - 3.5 G,FLOWER,3.5G,HYBRID,26.37%,0.30%,50.05,,False,preferred-gardens-preferred-gardens-premium-indoor-flower-3-5g-lemon-up,https://d14jfwlo68bhyr.cloudfront.net/products/1788227085079-0ea24c99-2be9-43a9-a1fc-02eadc56417b.webp,,"Lemon Up Genetics: Lemon Tree × TK BX2 Type: Sativa  Indoor-grown Lemon Up produces dense, resin-rich buds bursting with vibrant citrus terpenes and exceptional bag appeal. Sharp kush aromas blend seamlessly with fresh lemon zest, delivering a crisp, flavorful smoke that provides an energetic cerebral lift, uplifting euphoria, and long-lasting daytime enjoyment."
01951af3-e3bc-7ed6-8ca6-6dfb1c0a94fb,PURE BEAUTY,FLOWER [14G] CHERRY TART,FLOWER,14G,INDICA,24.74%,,110.05,,False,pure-beauty-pure-beauty-flower-14g-cherry-tart,https://d14jfwlo68bhyr.cloudfront.net/banners/1762372364076-787737ed-6d0e-4de7-b947-eafa26629eab.webp,,"""WITH A SUGARY COATING OF TRICHOMES, A BEAUTIFUL BUD STRUCTURE AND A NOSE LIKE SWEET CHERRY AND FRESH BAKED PIE, CHERRY TART WILL HAVE YOU COMING BACK FOR SECONDS… AND THIRDS… AND HEY, WHY NOT FOURTHS?  PHENOTYPE: INDICA-DOMINANT HYBRID  THIS STATEMENT HAS NOT BEEN EVALUATED BY THE FOOD AND DRUG ADMINISTRATION. THIS PRODUCT IS NOT INTENDED TO DIAGNOSE, TREAT, CURE, OR PREVENT ANY DISEASE."""
01951af3-e403-7735-8e0b-87decbc354fb,PURE BEAUTY,FLOWER [14G] MIDNIGHT SNACK,FLOWER,14G,HYBRID,26.77%,0.05%,110.05,,False,pure-beauty-pure-beauty-flower-14g-midnight-snack,https://d14jfwlo68bhyr.cloudfront.net/4FZjeW0nch.webp,,"""AS ONE MAY EXPECT FROM THE CROSS, MIDNIGHT SNACK HAS A NOSE THAT IS BOTH SWEET AND PINEY WITH HINTS OF NUTTINESS. THESE FOREST GREEN BUDS ARE COVERED WITH A LAYER OF TRICHOMES THAT DELIVER A CALMING EUPHORIA THAT WILL SEND YOU INTO A DREAMLIKE SENSE OF PEACE. IF YOU HAPPEN TO WAKE UP IN THE MIDDLE OF THE NIGHT, REACH FOR THIS MIDNIGHT SNACK AND FALL BACK INTO THE CLOUDS.  PHENOTYPE: INDICA-DOMINANT HYBRID  THIS STATEMENT HAS NOT BEEN EVALUATED BY THE FOOD AND DRUG ADMINISTRATION. THIS PRODUCT IS NOT INTENDED TO DIAGNOSE, TREAT, CURE, OR PREVENT ANY DISEASE."""
01951af3-edab-7452-856b-81aafd9be5f5,PURE BEAUTY,FLOWER [3.5G] PINK PANTHER,FLOWER,3.5G,INDICA,28.53%,0.09%,47.05,,False,pure-beauty-pure-beauty-flower-3-5g-pink-panther,https://d14jfwlo68bhyr.cloudfront.net/banners/1762373494456-50a45269-4515-45de-8f6b-7d109e222a7e.webp,,"Pure Beauty – Pink Panther (3.5 g Flower): A potent indoor-farmed cannabis flower (≈ 30 % THC in many batches) with origins from the Han Solo Burger × GMO cross. Buds are dense, trichome‑rich, and give off a savory, spicy, piney/earthy aroma rather than sweet or fruity smells. When smoked or vaped, expect a robust, herbal/kush‑leaning taste and a strong high: likely a head‑buzz followed by a mellow body effect — relaxed, happy, possibly calming. Good pick for evenings or chill sessions, but due to potency it can also suit experienced users seeking a substantial buzz."
01951af3-eee8-7ab5-8362-c2fbd2ab1cb0,SLUGGERS,FLOWER [5G] EUPHORIA - 5 G,FLOWER,5G,SATIVA,27.02%,0.07%,30.05,THURSDAY – Q4 DAILY DEALS – SLUGGERS– FLOWER,True,sluggers-sluggers-flower-5g-euphoria,https://d14jfwlo68bhyr.cloudfront.net/banners/1764475840311-c7dc75b1-dcae-43b5-8d46-997e0fd8d731.webp,,"The Sluggers Euphoria is a powerful Hybrid strain selected for its exceptional ability to elevate mood and foster a strong sense of well-being. Sluggers (or Sluggers Hit) typically classifies this as a Hybrid or Sativa-Leaning Hybrid. Euphoria is a proprietary strain (or phenotype) curated by Sluggers to maximize the uplifting, giddy, and stress-relieving aspects of modern hybrid genetics."
019ae5c4-b942-7ff4-8cb7-3ff8398f40c7,SLUGGERS,FLOWER [5G] PURPLE POP ROCKS - 5 G,FLOWER,5G,INDICA,22.35%,0.05%,30.05,THURSDAY – Q4 DAILY DEALS – SLUGGERS– FLOWER,True,sluggers-sluggers-flower-5g-purple-pop-rocks,https://d14jfwlo68bhyr.cloudfront.net/banners/1764969678935-2bf6b9df-ab09-43e7-afdd-07e2335d073f.webp,,"This indica-dominant cannabis flower from Sluggers delivers the relaxing, sedating effects you'd expect from a quality nighttime strain. Purple Pop Rocks offers a smooth, mellow experience perfect for unwinding after a long day or preparing for restful sleep. The 5-gram pre-pack provides excellent value for those seeking consistent, dispensary-quality flower for evening relaxation."
019939ae-a204-7f1f-a235-39c86612f0ed,SLUGGERS,FLOWER [5G] UFOREOZ - 5 G,FLOWER,5G,HYBRID,24.95%,0.08%,30.05,THURSDAY – Q4 DAILY DEALS – SLUGGERS– FLOWER,True,sluggers-sluggers-flower-5g-uforeoz,https://d1hhy58mqsa6c3.cloudfront.net/916928a7-444e-4ad3-bfd0-b799e8385e4d/4554cc02-2a55-4540-9566-35899ff8cc17,,"The SLUGGERS UFOREOZ flower is a high-potency Indica-Dominant Hybrid strain, offered in a generous 5-gram jar format. Sluggers (or Sluggers Hit) positions this strain to deliver an exotic, flavorful, and profoundly relaxing high. UFOREOZ is a proprietary strain (or phenotype) curated by Sluggers, designed to blend sweet, creamy dessert flavors with potent, heavy-hitting Indica effects."
019e0365-d4f1-70f8-8c3b-7640f95950e0,SLUGGERS,INDOOR FLOWER [10G] 33 - 10 G,FLOWER,10G,HYBRID,25.72%,0.07%,80.05,THURSDAY – Q4 DAILY DEALS – SLUGGERS– FLOWER,True,sluggers-sluggers-indoor-flower-10g-33,https://d14jfwlo68bhyr.cloudfront.net/products/1778517346423-ff59863f-9718-428f-8563-dc820ba5a77d.webp,,This premium indoor hybrid cannabis flower from Sluggers delivers a balanced experience perfect for any time of day. The 10-gram pre-pack of strain 33 offers quality dispensary flower with the versatility that hybrid strains are known for. Expect a well-rounded high that combines the best of both indica and sativa effects.
019e0367-3a7d-7d81-81d7-a7399a175818,SLUGGERS,INDOOR FLOWER [10G] BUBBLE BATH - 10 G,FLOWER,10G,INDICA,22.44%,0.05%,80.05,THURSDAY – Q4 DAILY DEALS – SLUGGERS– FLOWER,True,sluggers-sluggers-indoor-flower-10g-bubble-bath,https://d14jfwlo68bhyr.cloudfront.net/products/1778260755843-75ec05ad-8b3d-4d2d-96c5-feee9e12aa4c.webp,,"This relaxing indica flower delivers minty, gassy, and sweet flavors that melt away stress and tension. Bubble Bath's soothing effects make it perfect for unwinding after a long day or settling into a peaceful evening at home."
019e0368-3c7f-7601-aab6-f9932318dc89,SLUGGERS,INDOOR FLOWER [10G] EUPHORIA - 10 G,FLOWER,10G,SATIVA,24.82%,0.08%,80.05,THURSDAY – Q4 DAILY DEALS – SLUGGERS– FLOWER,True,sluggers-sluggers-indoor-flower-10g-euphoria,https://d14jfwlo68bhyr.cloudfront.net/products/1778260826121-9764e519-1e71-480f-a3a4-1f645585a8f4.webp,,"This energizing sativa flower from Sluggers delivers bright citrus and pine flavors with subtle floral notes that awaken your senses and boost your mood. Euphoria's uplifting effects make it perfect for daytime use when you want to stay productive and positive. This 10-gram bag of premium indoor cannabis flower provides a joyful, clear-headed high that keeps you motivated throughout the day."
019e0367-a5a4-75f4-b6cc-e47572616098,SLUGGERS,INDOOR FLOWER [10G] FIRE OG - 10 G,FLOWER,10G,INDICA,27.69%,0.06%,80.05,THURSDAY – Q4 DAILY DEALS – SLUGGERS– FLOWER,True,sluggers-sluggers-indoor-flower-10g-fire-og,https://d14jfwlo68bhyr.cloudfront.net/products/1778260859710-9b91e260-8a87-4caa-b884-fb6567f110f4.webp,,"This potent indica delivers intense relaxation with a complex flavor profile blending pine, citrus, and earthy notes that cannabis enthusiasts crave. Fire OG's long-lasting effects make it perfect for evening wind-down sessions when you need deep, full-body relief. At 10 grams, this Sluggers indoor flower provides excellent value for those seeking a premium indica experience."
019e0366-d8a3-735f-b8bd-55b4966d0ed2,SLUGGERS,INDOOR FLOWER [10G] RUNTZ - 10 G,FLOWER,10G,HYBRID,23.75%,0.06%,80.05,THURSDAY – Q4 DAILY DEALS – SLUGGERS– FLOWER,True,sluggers-sluggers-indoor-flower-10g-runtz,https://d14jfwlo68bhyr.cloudfront.net/products/1778260931807-bf3f11b1-5c83-4a78-92b8-c4e28fc10732.webp,,"This balanced hybrid cannabis flower delivers candy-like sweetness with fruity and creamy notes that make each session enjoyable. Runtz provides a playful, uplifting high that's perfect for social occasions or when you want to add some fun to your day without being too sedating or energizing."
019da281-a420-7a88-9178-3381f3f64526,SONOMA HILLS FARM,FLOWER [14G] LAZY BEAR RESERVE - 14 G,FLOWER,14G,HYBRID,22.83%,0.07%,80.05,,False,sonoma-hills-farm-sonoma-hills-farm-flower-14g-lazy-bear-reserve,https://d14jfwlo68bhyr.cloudfront.net/products/1776263301019-a9d31640-11e3-4f76-81c7-44ca8a2c368f.webp,,
01951af3-f6dc-76cd-b46f-03173ab8948c,STIIIZY,INFUSED 40'S FLOWER [7G] BLUE BURST,FLOWER,7G,HYBRID,40.47%,0.13%,42.05,"EVERYDAY DISCOUNT - STIIIZY– INFUSED FLOWER, NON-INFUSED FLOWER, PREROLLS, EXTRACT, BATTERIES - 15% OFF",True,stiiizy-stiiizy-infused-40s-flower-7g-blue-burst,https://d14jfwlo68bhyr.cloudfront.net/products/1782165856339-879e93ab-ba3a-43ab-ab85-a4ebfb8b9d13.webp,,"STIIIZY 40's Infused Flower Blue Burst [7G] is a very high-potency Indica-Leaning Hybrid that is enhanced with THC-A Diamonds to achieve an extremely high potency (40%+ Total Cannabinoids). It features a sweet and decadent flavor profile of Ripe Blueberries, Mixed Berries, and Vanilla Cream. The effects are powerfully Euphoric, Relaxing, and Sedative, delivering an intense, full body high and mental tranquility, making it a premium choice for experienced consumers seeking maximum potency and profound evening relief."
01951af3-f6dd-7490-95dc-5a25014b6ba6,STIIIZY,INFUSED 40'S FLOWER [7G] BLUE DREAM,FLOWER,7G,SATIVA,42.25%,0.12%,42.05,"EVERYDAY DISCOUNT - STIIIZY– INFUSED FLOWER, NON-INFUSED FLOWER, PREROLLS, EXTRACT, BATTERIES - 15% OFF",True,stiiizy-stiiizy-infused-40s-flower-7g-blue-dream,https://d14jfwlo68bhyr.cloudfront.net/products/1782166016533-6953952f-e44c-4922-81bb-ce9ad9806492.webp,,"STIIIZY 40's Infused Flower Blue Dream [7G] is a very high-potency Sativa-Dominant Hybrid (Blueberry x Haze) that is heavily enhanced with THC-A Diamonds to achieve an extremely high potency (40%+ Total Cannabinoids). It features the classic sweet and smooth flavor profile of Ripe Blueberries and Earthy Haze. The effects are powerfully Euphoric, Energetic, and Soaring, providing an intense mental lift and clear-headed focus, making it a premium choice for experienced consumers seeking maximum potency and functional, high-energy relief during the day."
01951af3-f6e0-76d7-86e7-a003d41f2267,STIIIZY,INFUSED 40'S FLOWER [7G] ORANGE SUNSET - 7 G,FLOWER,7G,SATIVA,41.60%,0.12%,42.05,"EVERYDAY DISCOUNT - STIIIZY– INFUSED FLOWER, NON-INFUSED FLOWER, PREROLLS, EXTRACT, BATTERIES - 15% OFF",True,stiiizy-stiiizy-infused-40s-flower-7g-orange-sunset,https://d14jfwlo68bhyr.cloudfront.net/MRyyFEKeUk.webp,,"STIIIZY 40's Infused Flower Orange Sunset [7G] is an Extremely High-Potency Hybrid (Citrus/Sunset lineage) that is heavily enhanced with THC-A Diamonds to achieve 40%+ Total Cannabinoids. It features a sweet and decadent flavor profile of Zesty Orange, Creamy Vanilla, and Subtle Spice. The effects are powerfully Euphoric and Deeply Relaxing, providing an intense mental lift alongside a heavy body calm, making it a premium choice for experienced consumers seeking maximum potency and profound tranquil relief."
01951af3-f6e1-786e-97be-bcd1a3211ac7,STIIIZY,INFUSED 40'S FLOWER [7G] PINEAPPLE EXPRESS,FLOWER,7G,HYBRID,39.90%,0.22%,42.05,"EVERYDAY DISCOUNT - STIIIZY– INFUSED FLOWER, NON-INFUSED FLOWER, PREROLLS, EXTRACT, BATTERIES - 15% OFF",True,stiiizy-stiiizy-infused-40s-flower-7g-pineapple-express,https://d14jfwlo68bhyr.cloudfront.net/products/1781824093690-ad86b602-6b19-4daa-9019-ebf52d65b2ed.webp,,"STIIIZY 40's Infused Flower Pineapple Express [7G] is an Extremely High-Potency Hybrid (Trainwreck x Hawaiian) that is heavily enhanced with THC-A Diamonds to achieve 40%+ Total Cannabinoids. It features the famous, bright flavor profile of Sweet Pineapple, Tropical Fruit, and Pungent Pine. The effects are powerfully Euphoric, Creative, and Energetic, providing an intense mental lift alongside a pleasant body calm, making it a premium choice for experienced consumers seeking maximum potency and a powerful, balanced, functional high."
01951af3-f6e5-7b4f-a07d-a2be42b28170,STIIIZY,INFUSED 40'S FLOWER [7G] SOUR DIESEL - 7 G,FLOWER,7G,SATIVA,41.01%,0.13%,42.05,"EVERYDAY DISCOUNT - STIIIZY– INFUSED FLOWER, NON-INFUSED FLOWER, PREROLLS, EXTRACT, BATTERIES - 15% OFF",True,stiiizy-stiiizy-infused-40s-flower-7g-sour-diesel,https://d14jfwlo68bhyr.cloudfront.net/rzTdEZT6mc.webp,,"STIIIZY 40's Infused Flower Sour Diesel [7G] is an Extremely High-Potency Sativa (Chemdawg x Super Skunk lineage) that is heavily enhanced with THC-A Diamonds to achieve 40%+ Total Cannabinoids. It features the famous, aggressive flavor profile of Pungent Diesel Fuel, Sour Citrus, and Earthy Spice. The effects are powerfully Euphoric, Energetic, and Soaring, providing an intense mental lift and clear-headed focus, making it a premium choice for experienced consumers seeking maximum potency and a powerful, functional daytime high."
019b3796-21b7-798b-8bc2-6e6ca704c829,STIIIZY,INFUSED 40'S FLOWER [7G] STRAWBERRY MANGO - 7 G,FLOWER,7G,HYBRID,40.36%,0.14%,42.05,"EVERYDAY DISCOUNT - STIIIZY– INFUSED FLOWER, NON-INFUSED FLOWER, PREROLLS, EXTRACT, BATTERIES - 15% OFF",True,stiiizy-stiiizy-infused-40s-flower-7g-strawberry-mango,https://d14jfwlo68bhyr.cloudfront.net/banners/1770222296784-ae3c0b97-57be-4907-868d-0c3bb524bc31.webp,,"Expertly infused with THC-A Diamonds, Strawberry Mango 40’s Flower captures the bold and innovative touch that defines the 40’s series. Each 7G bag allows you to roll or pack your own way, delivering quality and consistency in every session."
019ecc46-29d7-7650-a2c4-18c94ba8a31b,SUNSMOKE,FLOWER [3.5G] LEGENDARY PUNCH - 3.5 G,FLOWER,3.5G,HYBRID,24.98%,0.03%,15.05,,False,sunsmoke-sunsmoke-flower-3-5g-legendary-punch,https://d14jfwlo68bhyr.cloudfront.net/products/1788350683996-e323f429-5279-465a-a237-3898d2f3aa98.webp,,"Legendary Punch from SUNSMOKE is a potent hybrid cannabis flower that clocks in at nearly 25% THC, making this 3.5g pre-pack a solid pick for experienced consumers looking for a well-rounded, hard-hitting session. Without listed flavor or terpene data, the name hints at bold, fruit-forward character — expect something punchy and satisfying whether you're unwinding in the evening or settling into a creative groove. A strong THC percentage at a dispensary-friendly price point makes this one worth grabbing."
019eb398-71fd-7797-8f67-68b32cd12eba,SUNSMOKE,FLOWER [3.5G] SPACE BURGER - 3.5 G,FLOWER,3.5G,INDICA,25.93%,0.13%,15.05,,False,sunsmoke-sunsmoke-flower-3-5g-space-burger,https://d14jfwlo68bhyr.cloudfront.net/products/1788350953661-b77d09b9-a6e5-4e3e-8c0f-39b3c267bcdb.webp,,"Space Burger from SUNSMOKE is a heavy-hitting indica flower that clocks in at nearly 26% THC, making this 3.5g pre-pack a solid choice for unwinding at the end of the day. True to its name, this cannabis strain delivers a deep, grounding body experience that's best suited for nighttime relaxation or couch sessions when you want to fully power down. Pick it up at the dispensary and see why Space Burger has moved over 100 units — the numbers speak for themselves."
019db8d6-7d7b-7df9-a4db-bca190d87372,SUNSMOKE,FLOWER [3.5G] STRAWBERRY GUAVA - 3.5 G,FLOWER,3.5G,SATIVA,23.55%,,15.05,,False,sunsmoke-sunsmoke-flower-3-5g-strawberry-guava,https://d14jfwlo68bhyr.cloudfront.net/banners/1773494156883-61fe4488-617e-42f6-80af-2f8a77d9bf3f.webp,,
019f1a05-8a31-7881-8435-aedc883de82a,TINY FIRES,FLOWER [14G] BOB HOPE - 14 G,FLOWER,14G,SATIVA,24.61%,0.04%,40.04,,False,tiny-fires-tiny-fires-flower-14g-bob-hope,,,
019f879a-7578-769d-bab8-b30d8951fc6a,TINY FIRES,FLOWER [14G] GAS FACE - 14 G,FLOWER,14G,INDICA,22.78%,0.03%,40.04,,False,tiny-fires-tiny-fires-flower-14g-gas-face,,,
019f1a33-cc35-7920-800a-d81094119f29,TINY FIRES,FLOWER [14G] SPELL CASTER - 14 G,FLOWER,14G,HYBRID,22.88%,0.03%,40.04,,False,tiny-fires-tiny-fires-flower-14g-spell-caster,,,
01951af3-eb06-797e-a668-b9967546324e,TRADITIONAL,FLOWER [3.5G] BLUE DONUT,FLOWER,3.5G,INDICA,25.21%,0.05%,40.04,EVERYDAY DISCOUNT - TRADITIONAL - 3.5G FLOWER - 30% OFF,True,traditional-traditional-flower-3-5g-blue-donut,https://d14jfwlo68bhyr.cloudfront.net/QY53ZGsFI5.webp,,"Traditional Blue Donut (3.5 g) is a relaxing indica flower made from Biscotti backcross × OG × Gelato. It delivers a sweet, blueberry‑candy flavor and a dreamy, euphoric high — perfect for mellowing out with a creative or blissful edge. Potency can be quite strong (up to ~30%+ THC in some batches)."
01951af3-eb34-7d33-8747-4d3672279d71,TRADITIONAL,FLOWER [3.5G] CAICOS,FLOWER,3.5G,SATIVA,28.34%,0.06%,40.04,EVERYDAY DISCOUNT - TRADITIONAL - 3.5G FLOWER - 30% OFF,True,traditional-traditional-flower-3-5g-caicos,https://d14jfwlo68bhyr.cloudfront.net/X4iGflilcl.webp,,"Traditional – Caicos (3.5 g) A potent (~30.5% THC) tropical-leaning sativa from Traditional. With Irene Backcross genetics, it delivers a fruity-diesel aroma and distinct flavor notes of lychee, pine, and gas. The high is uplifting and happy, evoking beachy, tropical vibes — strong but energetic. Ideal for daytime use when you want to feel both creative and relaxed."
01a08264-c494-7e3b-b6ce-89fdeaf627c2,TRADITIONAL,FLOWER [3.5G] HIGH OCTANE - 3.5 G,FLOWER,3.5G,,35.53%,0.08%,40.04,EVERYDAY DISCOUNT - TRADITIONAL - 3.5G FLOWER - 30% OFF,True,traditional-traditional-flower-3-5g-high-octane,https://d14jfwlo68bhyr.cloudfront.net/products/1788958102085-a8169414-d704-415d-b81c-380078aeae69.webp,,"High Octane cannabis flower from Traditional delivers a hard-hitting 35.5% THC that lives up to its name — this is a heavy-hitter best saved for winding down at the end of the day. Each 3.5g pre-pack is built for experienced consumers who want potent, full-bodied effects without compromise. Pick it up at the dispensary or order online and see why High Octane keeps selling out."
01989f4d-1a54-7365-aee6-1cb85e0eed36,TRADITIONAL,FLOWER [3.5G] JAWCRUSHERS - 3.5 G,FLOWER,3.5G,HYBRID,26.47%,0.05%,40.04,EVERYDAY DISCOUNT - TRADITIONAL - 3.5G FLOWER - 30% OFF,True,traditional-traditional-flower-3-5g-jawcrushers,https://d1hhy58mqsa6c3.cloudfront.net/916928a7-444e-4ad3-bfd0-b799e8385e4d/4c53fca8-2800-4019-abea-782cd03363ce,,"The Traditional Jawcrushers is a 3.5-gram (eighth-ounce) package of their premium, exotic indoor flower. Traditional is committed to growing premium strains in state-of-the-art facilities, focusing on high potency and rich terpene profiles. The name ""Jawcrushers"" implies a powerful, heavy-hitting experience."
019ebc6d-a552-74e7-8bfa-547c7b54a84f,TRADITIONAL,MINIS FLOWER SMALLS [15G] COTTON CENSORED - 15 G,FLOWER,15G,HYBRID,24.99%,0.06%,105.05,,False,traditional-traditional-minis-flower-smalls-15g-cotton-censored,https://d14jfwlo68bhyr.cloudfront.net/products/1784904942632-d3561cc0-ffc7-4164-add0-38e3721023b6.webp,,"Traditional's Cotton Censored hybrid cannabis flower comes packed as a 15g smalls format — an easy way to stock up on a potent, high-THC strain testing at nearly 25% THC without paying top-shelf prices. Smalls deliver the same quality flower in a smaller bud size, making this pre-pack one of the better value picks at the dispensary. A balanced hybrid profile makes Cotton Censored a versatile choice whether you're unwinding in the evening or keeping a low-key social session going."
019ebc6e-07a2-7746-af26-a41b2acd2b49,TRADITIONAL,MINIS FLOWER SMALLS [15G] GELATO - 15 G,FLOWER,15G,HYBRID,23.38%,0.04%,105.05,,False,traditional-traditional-minis-flower-smalls-15g-gelato,https://d14jfwlo68bhyr.cloudfront.net/products/1784905031075-5d2718d9-7780-44a8-9765-6360f358f600.webp,,"Traditional's Gelato smalls pack 28.93% THC into a 15g bag of hybrid cannabis flower, making it one of the more potent options you'll find at this price point. Gelato is known for its creamy, dessert-forward aroma with hints of sweet citrus and earthy undertones — smooth on the inhale and balanced in effect, landing somewhere between relaxed and euphoric. A solid pick for unwinding in the evening or settling into a creative, low-key session without committing to a full-priced eighth."
019f6c24-b332-73d3-9d3d-fff11b9d1527,TRADITIONAL,MINIS FLOWER SMALLS [15G] OG - 15 G,FLOWER,15G,,36.27%,0.08%,105.05,,False,traditional-traditional-minis-flower-smalls-15g-og,https://d14jfwlo68bhyr.cloudfront.net/products/1784905456067-18625cdb-86d7-4ff1-8a87-59af4ec4ac5e.webp,,"Traditional's OG cannabis flower in a 15g smalls pack delivers the classic indica experience heavy smokers know and love — a loud nose of citrus, pine, and sweet kush with a flavor that hits like lemons drenched in gas. Expect a heavy body high with a surprisingly social head effect that works just as well for a relaxed night in as it does for going out. If you want premium indoor flower in a volume that actually lasts, this is the stash upgrade worth grabbing from the dispensary menu."
019e03b9-bbd4-75e3-bbc9-fb2b8d9c34ae,TRADITIONAL,MINIS FLOWER SMALLS [15G] STRAWBERRY MILKSHAKE - 15 G,FLOWER,15G,SATIVA,33.47%,0.08%,105.05,,False,traditional-traditional-minis-flower-smalls-15g-strawberry-milkshake,https://d14jfwlo68bhyr.cloudfront.net/products/1778512822514-d68a816a-2418-453d-84b9-973b04d43739.webp,,"This potent sativa flower delivers 31.5% THC in convenient small buds perfect for daytime use. Strawberry Milkshake offers an uplifting, energetic high that's ideal for staying productive and creative throughout your day."
01951af4-06d2-7545-9252-13b15d09ba03,TRADITIONAL,MINIS FLOWER SMALLS [5G] COTTON CENSORED,FLOWER,5G,HYBRID,24.09%,0.05%,40.04,,False,traditional-traditional-minis-flower-smalls-5g-cotton-censored,https://d14jfwlo68bhyr.cloudfront.net/7hi5GaTGVH.webp,,"The TRADITIONAL Minis Flower Smalls Cotton Censored [5G] is a High-Potency Indica-Dominant Hybrid (Sweet/Dessert lineage) offered in a value-driven small buds format. It features a delicious, unique flavor profile of Sweet Cotton Candy, Creamy Vanilla, and Earthy Spice. The effects are powerfully Euphoric, Tranquilizing, and Relaxing, providing an immense mental lift alongside a profound, melting body calm, making it an excellent choice for experienced consumers seeking reliable, potent evening relief."
01951af4-06d3-7bde-8bf2-0039b5e49f83,TRADITIONAL,MINIS FLOWER SMALLS [5G] GELATO,FLOWER,5G,INDICA,23.38%,0.04%,40.04,,False,traditional-traditional-minis-flower-smalls-5g-gelato,https://d14jfwlo68bhyr.cloudfront.net/m3rZBJS8BU.webp,,"The TRADITIONAL Minis Flower Smalls Gelato [5G] is a Very High-Potency Indica-Dominant Hybrid (Sunset Sherbet x Thin Mint GSC) offered in a value-driven small buds format. It features a delicious, complex flavor profile of Sweet Creamy Berry, Citrus, and Pungent Gas. The effects are powerfully Euphoric, Balanced, and Relaxing, providing an immense mental lift alongside a comfortable body calm, making it an excellent choice for experienced consumers seeking reliable, potent, and versatile relief."
01982df0-c6b1-7c3a-a05b-7d643566d496,TRADITIONAL,MINIS FLOWER SMALLS [5G] JAWCRUSHERS - 5 G,FLOWER,5G,HYBRID,20.44%,0.05%,40.04,,False,traditional-traditional-minis-flower-smalls-5g-jawcrushers,https://d1hhy58mqsa6c3.cloudfront.net/916928a7-444e-4ad3-bfd0-b799e8385e4d/004800f5-0725-40c6-b68f-82454644bf95,,"The TRADITIONAL Minis Flower Smalls Jawcrushers [5G] is a Very High-Potency Indica-Dominant Hybrid (Exotic Candy/Fuel lineage) offered in a value-driven small buds format. It features a complex flavor profile of Sour Fruit Candy, Pungent Diesel, and Spice. The effects are powerfully Euphoric, Tranquilizing, and Sedative, providing an immense mental lift alongside a profound, melting body calm, making it an excellent choice for experienced consumers seeking reliable, potent evening relief and a loud flavor experience."
019f6be2-4732-7bfc-96c9-23d6f9839250,UPNORTH,FLOWER [3.5G] BLUE DIESEL - 3.5 G,FLOWER,3.5G,,33.25%,0.14%,45.05,THURSDAY – Q4 DAILY DEALS – UPNORTH– FLOWER,True,upnorth-upnorth-flower-3-5g-blue-diesel,https://d14jfwlo68bhyr.cloudfront.net/products/1785990345972-321f22e1-cf92-4102-ad3e-170193c657b9.webp,,"Blue Diesel from UPNORTH is a high-potency cannabis flower clocking in at over 32% THC, making this 3.5g pre-pack a strong choice for experienced consumers looking for a hard-hitting session. True to its Diesel lineage, expect a fuel-forward aroma with the sweet, fruity undertones that Blue strains are known for. Best enjoyed in the evening when you can fully settle in, this flower is available now at the dispensary with 10% off for online pickup orders."
01951af3-ebbf-7b49-9892-b835f6cbd23b,UPNORTH,FLOWER [3.5G] DURBAN POISON,FLOWER,3.5G,SATIVA,32.01%,0.13%,45.05,THURSDAY – Q4 DAILY DEALS – UPNORTH– FLOWER,True,upnorth-upnorth-flower-3-5g-durban-poison,https://d14jfwlo68bhyr.cloudfront.net/banners/1766519342515-e08c0589-3fbf-49a0-9270-d5481265329a.webp,,"UpNorth Durban Poison — 3.5 g Premium Sativa Flower - A heritage‑landrace sativa built for energy, focus, and clarity. Expect crystal‑coated, resin‑rich buds with a fresh pine/earthy/herbal aroma and subtle citrus or sweet‑herb undertones. On inhale, enjoy a clean, uplifting smoke of pine, herbal spice, and fresh forest‑like flavor; exhale finishes smooth with earthy‑wood and herbal notes. The high is clear‑headed, euphoric, motivating, and energizing — ideal for daytime use, creative projects, social outings, or productive sessions. This is classic sativa: awake, alert, and ready for anything."
019ae0d8-9ca6-7a55-99fa-b412f015f8aa,UPNORTH,FLOWER [3.5G] JUNGLE JUICE - 3.5 G,FLOWER,3.5G,HYBRID,29.17%,0.09%,45.05,THURSDAY – Q4 DAILY DEALS – UPNORTH– FLOWER,True,upnorth-upnorth-flower-3-5g-jungle-juice,https://d14jfwlo68bhyr.cloudfront.net/banners/1766520037363-895e6f9c-49e2-425f-bfda-573784521baa.webp,,"This UPNORTH hybrid cannabis flower delivers a balanced experience perfect for any time of day. Jungle Juice offers versatile effects that blend the best of both indica and sativa characteristics, making it ideal for social gatherings or creative pursuits. The 3.5-gram pre-pack provides premium flower quality from a trusted dispensary brand."
01951af3-ed4b-748b-94eb-a616eaa16899,UPNORTH,FLOWER [3.5G] NF1,FLOWER,3.5G,HYBRID,33.28%,0.08%,45.05,THURSDAY – Q4 DAILY DEALS – UPNORTH– FLOWER,True,upnorth-upnorth-flower-3-5g-nf1,https://d14jfwlo68bhyr.cloudfront.net/banners/1766520536850-9a39596d-e618-4166-9ae6-819105a372cb.webp,,"NF1 is a smooth cross of Northern Lights and Chemdawg, offers a fresh blend of pine and citrus with a subtle sweetness that keeps things interesting without becoming overwhelming. The effect is balanced—calming enough to relax but clear enough to stay focused. With dense, sparkling buds and bright orange pistils, it’s a reminder that sometimes the best experiences come from the smallest details. For those who appreciate a steady, sharp high without the slowdown, this one earns its place as a go-to time and again."
01a0873b-62b2-7dec-9c6f-7e7c8926f451,UPNORTH,FLOWER [3.5G] NORTHERN LIGHTS - 3.5 G,FLOWER,3.5G,,33.49%,0.12%,45.05,THURSDAY – Q4 DAILY DEALS – UPNORTH– FLOWER,True,upnorth-upnorth-flower-3-5g-northern-lights,,,
01951af3-edd2-7b9c-8e24-0fd1ebe13ae6,UPNORTH,FLOWER [3.5G] PURPLE ZAZA,FLOWER,3.5G,INDICA,33.59%,0.09%,45.05,THURSDAY – Q4 DAILY DEALS – UPNORTH– FLOWER,True,upnorth-upnorth-flower-3-5g-purple-zaza,https://d14jfwlo68bhyr.cloudfront.net/banners/1766521574904-ee9965dd-3cf9-4b12-b0ba-d956431101b9.webp,,"The UPNORTH - FLOWER [3.5G] PURPLE ZAZA is a premium, high-potency cannabis flower from the renowned cultivator UpNorth Humboldt. This specific strain is consistently described as an Indica-Dominant Hybrid and is highly regarded for its striking visual appeal, featuring vibrant purple hues and a heavy coating of frosty trichomes. Genetically, it is often cited as a cross of Zaza x Runtz, combining modern, dessert-style sweetness with potent effects. It boasts a rich and enticing aroma that blends sweet, fruity, and grape notes with earthy, sometimes spicy or diesel undertones. Consumers choose Purple Zaza for its deeply relaxing and soothing effects that help ease physical tension and stress, often providing a clear-headed calm before leading to eventual sedation, making it an excellent and flavorful choice for powerful evening relaxation and insomnia relief."
019d8cfb-f570-784e-afd7-1fe381813ac8,WEST COAST CURE,INDOOR FLOWER [28G] LEMON CHERRY GELATO - 28 G,FLOWER,28G,HYBRID,28.82%,0.07%,110.05,,False,west-coast-cure-west-coast-cure-indoor-flower-28g-lemon-cherry-gelato,https://d14jfwlo68bhyr.cloudfront.net/products/1776269756157-071a34b1-42c8-4f25-a606-3ff73701ba2e.webp,,"This indica-leaning hybrid from West Coast Cure delivers a bold fusion of citrus and diesel flavors with floral earth undertones, powered by limonene and caryophyllene terpenes. You'll experience energized yet cerebral effects that spark creativity while maintaining the relaxing qualities of quality cannabis flower. Perfect for daytime use when you want mental stimulation without heavy sedation."
019d8cff-ae45-788b-99cf-57b2a7e76a60,WEST COAST CURE,INDOOR FLOWER [28G] PAPAYA PUNCH - 28 G,FLOWER,28G,HYBRID,28.38%,0.07%,110.05,,False,west-coast-cure-west-coast-cure-indoor-flower-28g-papaya-punch,https://d14jfwlo68bhyr.cloudfront.net/products/1776269814962-d5bcf490-3136-4bfe-aa8c-8847b30a1f16.webp,,"This indica-leaning hybrid cannabis flower delivers tropical flavors of mango and papaya with a spicy kiwi finish that'll transport your taste buds. Perfect for unwinding after work, Papaya Punch produces sedative effects that melt away stress and cultivate a deeply relaxed mindset."
019d8cfc-da26-7e32-9169-539e3afda02a,WEST COAST CURE,INDOOR FLOWER [28G] WHITE GUSHERS - 28 G,FLOWER,28G,HYBRID,22.32%,0.05%,110.05,,False,west-coast-cure-west-coast-cure-indoor-flower-28g-white-gushers,https://d14jfwlo68bhyr.cloudfront.net/products/1776269880673-e9f36844-08f8-44ee-9828-35089ce5fe08.webp,,"This premium hybrid cannabis flower from West Coast Cure delivers a rich terpene profile dominated by limonene and myrcene, creating bold citrus and earthy flavors that hit both nose and palate. Dense, trichome-covered buds provide a smooth, calming high that balances relaxation with clarity and creative inspiration. Perfect for those seeking quality indoor flower with complex flavors and a well-rounded cannabis experience."
019fa35e-7785-7365-bfb9-b2d8d8dc79f4,WEST COAST TREEZ,FLOWER SMALLS [14G] AMARETTO DI LIMON - 14 G,FLOWER,14G,HYBRID,28.94%,0.08%,45.05,,False,west-coast-treez-west-coast-treez-flower-smalls-14g-amaretto-di-limon,https://d14jfwlo68bhyr.cloudfront.net/products/1786113073757-6434ca56-5af4-41bc-9659-61a5e7740e2f.webp,,"West Coast Treez brings Amaretto Di Limon to the dispensary shelf as a potent hybrid cannabis flower, testing at a hefty 28.94% THC with THCA at 25.13%. The name delivers on its promise — expect a sweet, nutty amaretto character layered with bright citrus on both the nose and the palate, making this a flavorful half-ounce pickup for experienced consumers. This hybrid smalls pack is a solid choice for unwinding in the evening or settling into a creative, relaxed headspace without fully checking out."
01a044cf-6000-7139-9c34-e722f69e3193,WEST COAST TREEZ,FLOWER SMALLS [14G] SUGAR BOMB - 14 G,FLOWER,14G,INDICA,27.39%,0.06%,45.05,,False,west-coast-treez-west-coast-treez-flower-smalls-14g-sugar-bomb,https://d14jfwlo68bhyr.cloudfront.net/products/1782309270683-32ee7fc3-950a-40d7-a178-7ae2837ee7f4.webp,,
0198683e-adb6-703a-9ea6-cbdb3114976b,WEST COAST TREEZ,FLOWER SMALLS [3.5G] BLUE DREAM - 3.5 G,FLOWER,3.5G,SATIVA,28.56%,0.04%,17.05,VALUE MENU - 30% OFF,True,west-coast-treez-west-coast-treez-flower-smalls-3-5g-blue-dream,https://d1hhy58mqsa6c3.cloudfront.net/916928a7-444e-4ad3-bfd0-b799e8385e4d/d39c71ab-9ecd-45d4-80bb-f86a710da55c,,"West Coast Treez – Blue Dream 3.5 g Smalls is a sativa-leaning flower with ~30.4% THC, featuring a sweet blueberry and earthy aroma. It produces an uplifting, creative, and relaxing high — ideal for daytime use or when you want a clear-headed but dreamy effect. The smalls format gives you solid potency at a very accessible price."
01a044cf-601f-7c80-a698-db75d1f2844e,WEST COAST TREEZ,FLOWER SMALLS [3.5G] HASH CAKE - 3.5 G,FLOWER,3.5G,INDICA,30.21%,0.09%,17.05,VALUE MENU - 30% OFF,True,west-coast-treez-west-coast-treez-flower-smalls-3-5g-hash-cake,https://d14jfwlo68bhyr.cloudfront.net/products/1788179913357-3fca805c-9a1b-487c-959c-39ccc8ff76fe.webp,,"West Coast Treez Hash Cake is a heavy-hitting indica cannabis flower coming in at over 30% THC, making this 3.5g pre-pack smalls a serious option for anyone chasing deep relaxation and a hard reset at the end of the day. True to its name, Hash Cake delivers rich, doughy, dessert-forward flavor with the kind of dense, resinous buds you'd expect from a strain built for potency. Best saved for evening use when you're ready to sink in and unwind."
019fa364-cf68-7470-bd63-929665dfa762,WEST COAST TREEZ,FLOWER SMALLS [3.5G] LEMON GAS - 3.5 G,FLOWER,3.5G,HYBRID,29.52%,0.07%,17.05,VALUE MENU - 30% OFF,True,west-coast-treez-west-coast-treez-flower-smalls-3-5g-lemon-gas,https://d14jfwlo68bhyr.cloudfront.net/products/1786113168388-b5178918-47d5-401c-af8c-d8fad7d640e6.webp,,"West Coast Treez brings the Lemon Gas hybrid cannabis flower in a 3.5g smalls pack — a high-THC option sitting at nearly 30% THC that delivers a bold, fuel-forward punch with bright citrus notes underneath. Expect a fast-hitting, well-rounded hybrid effect that works equally well for unwinding after a long day or sparking a creative, social session. Solid potency at a dispensary-friendly price point, making this one of the sharper value picks on the menu."
01a044cf-6024-7905-b900-3f0195f90b4d,WEST COAST TREEZ,FLOWER SMALLS [3.5G] LEMON MERINGUE - 3.5 G,FLOWER,3.5G,SATIVA,30.53%,0.08%,17.05,VALUE MENU - 30% OFF,True,west-coast-treez-west-coast-treez-flower-smalls-3-5g-lemon-meringue,https://d14jfwlo68bhyr.cloudfront.net/products/1788179953511-967704b9-56b2-456f-bd99-7b598c58c31d.webp,,"West Coast Treez brings the Lemon Meringue strain to the value menu as a 3.5g bag of smalls — a sativa cannabis flower hitting a potent 30.5% THC that's built for daytime energy, creative focus, and social sessions. True to its name, expect bright citrus and sweet dessert notes on the nose and palate, making each session as refreshing as it is uplifting. A solid pick at the dispensary for sativa fans who want high-THC flower without the premium price tag."
01a08293-5a67-766d-b684-35e0179c0a1e,WOOD WIDE,FLOWER [3.5G] DUTCH TREAT - 3.5 G,FLOWER,3.5G,,33.23%,,45.05,,False,wood-wide-wood-wide-flower-3-5g-dutch-treat,,,
019f1aaa-7b23-74be-9dd4-0a57ea622ed8,YADA YADA,FLOWER SMALLS [10G] BLUEPHORIA - 10 G,FLOWER,10G,HYBRID,22.98%,0.11%,35.04,,False,yada-yada-yada-yada-flower-smalls-10g-bluephoria,https://d14jfwlo68bhyr.cloudfront.net/products/1782968965244-749eaead-6d71-4a01-bfd6-083274493c4d.webp,,"""THIS ONE STRIKES LIKE A BACK-ALLEY SYMPHONY, LOUD AND UNFORGETTABLE. EYES WIDE, THOUGHTS DEEP, VIBE LOCKED. A BLAST OF SWEET BERRY GAS, PINE, AND STICKY CANDY FUNK CLINGS TO YOUR TASTEBUDS AND HANGS HEAVY IN THE AIR. THE HIGH PUNCHES QUICKLY WITH A EUPHORIC RUSH, THEN SMOOTHS INTO A CHILLED BODY BUZZ THAT KEEPS YOU FLOATING WITHOUT TURNING YOU INTO FURNITURE. FLAVOR HEAVY. MIND LIFTED. NO FILLER. JUST GAS.  PHENOTYPE: HYBRID  THIS STATEMENT HAS NOT BEEN EVALUATED BY THE FOOD AND DRUG ADMINISTRATION. THIS PRODUCT IS NOT INTENDED TO DIAGNOSE, TREAT, CURE, OR PREVENT ANY DISEASE."""
01987ffd-efde-764b-9672-9c5216ef0a06,YADA YADA,FLOWER SMALLS [10G] CHAPEL OF LOVE - 10 G,FLOWER,10G,INDICA,19.40%,0.10%,35.04,,False,yada-yada-yada-yada-flower-smalls-10g-chapel-of-love,https://d1hhy58mqsa6c3.cloudfront.net/916928a7-444e-4ad3-bfd0-b799e8385e4d/4d336824-485f-433f-a412-7c8af2d5eb17,,"""YADA YADA - FLOWER SMALLS [10G] CHAPEL OF LOVE"" is an Indica cannabis strain known for providing full-body relief and a heavy calm. Its flavor profile is described as a complex mix of sweet and sharp notes. The flavor is a combination of candy and vanilla, described as smooth and buttery like cake. This sweetness is balanced by sharp notes of peppermint and pine. The strain is known for delivering full-body relaxation, a heavy calm, and a clear mind. It is often described as feeling sedated, happy, and euphoric, and is commonly used for relaxation and sleep. This product specifically consists of ""smalls"" (smaller buds). The brand Yada Yada positions itself as providing high-quality, ""easy breezy"" flower at a good price for both connoisseurs and casual users."
01951af3-efac-7e09-b3f2-b99db476abb9,YADA YADA,FLOWER SMALLS [10G] GUSH MINTS,FLOWER,10G,INDICA,20.78%,0.22%,35.04,,False,yada-yada-yada-yada-flower-smalls-10g-gush-mints,https://d14jfwlo68bhyr.cloudfront.net/iMeBOlQWrg.webp,,"YADA YADA - FLOWER SMALLS [10G] GUSH MINTS is a 10-gram package of small buds from the indica-dominant Gush Mints strain, which is a hybrid of Kush Mints, F1 Durb, and Gushers. It is described as having a relaxing and euphoric effect, with a flavor profile combining sweet candy and mint with hints of pine."
019db8d8-2b9f-7629-a585-c2bb79a97302,YADA YADA,FLOWER SMALLS [10G] TANGIE - 10 G,FLOWER,10G,SATIVA,19.40%,,35.04,,False,yada-yada-yada-yada-flower-smalls-10g-tangie,https://d14jfwlo68bhyr.cloudfront.net/products/1774501579160-1dd589fb-cd7c-4773-83b5-3b1233847084.webp,,
01951af3-f01f-7627-aab5-6890f6e6afdf,YADA YADA,FLOWER SMALLS [20G] CHERRY DOSIDOS - 20 G,FLOWER,20G,HYBRID,23.90%,0.15%,60.05,,False,yada-yada-yada-yada-flower-smalls-20g-cherry-dosidos,https://d14jfwlo68bhyr.cloudfront.net/AORFt9Ek1R.webp,,"YADA YADA Cherry Dosidos 20 g Smalls is a flavorful, indica-leaning hybrid made from Do-Si-Dos and Phantom Cookies. With THC commonly around 24–27%, it delivers a mellow but enjoyable high that combines relaxation with a subtle creative spark. Expect a dessert-like cherry flavor layered over earthy, buttery, and slightly spicy notes. Its key terpenes (caryophyllene, limonene, humulene) support a balanced, calming effect — ideal for laid-back evenings or creative downtime. The 20 g smalls format gives you a generous amount packaged for consistency and terpene preservation."
019eff2c-b589-72d1-a9ea-c228bd051792,YADA YADA,FLOWER SMALLS [5G] BLUEPHORIA - 5 G,FLOWER,5G,HYBRID,22.98%,0.11%,20.05,,False,yada-yada-yada-yada-flower-smalls-5g-bluephoria,https://d14jfwlo68bhyr.cloudfront.net/products/1782837150010-a03c3a73-9892-41af-9915-822b6d1a24a5.webp,,"""THIS ONE STRIKES LIKE A BACK-ALLEY SYMPHONY, LOUD AND UNFORGETTABLE. EYES WIDE, THOUGHTS DEEP, VIBE LOCKED. A BLAST OF SWEET BERRY GAS, PINE, AND STICKY CANDY FUNK CLINGS TO YOUR TASTEBUDS AND HANGS HEAVY IN THE AIR. THE HIGH PUNCHES QUICKLY WITH A EUPHORIC RUSH, THEN SMOOTHS INTO A CHILLED BODY BUZZ THAT KEEPS YOU FLOATING WITHOUT TURNING YOU INTO FURNITURE. FLAVOR HEAVY. MIND LIFTED. NO FILLER. JUST GAS.  PHENOTYPE: HYBRID  THIS STATEMENT HAS NOT BEEN EVALUATED BY THE FOOD AND DRUG ADMINISTRATION. THIS PRODUCT IS NOT INTENDED TO DIAGNOSE, TREAT, CURE, OR PREVENT ANY DISEASE."""
01951af3-f08b-7620-86d5-9144d609b4f2,YADA YADA,FLOWER SMALLS [5G] CHERRY DOSIDO,FLOWER,5G,HYBRID,24.62%,0.14%,20.05,,False,yada-yada-yada-yada-flower-smalls-5g-cherry-dosido,https://d14jfwlo68bhyr.cloudfront.net/products/1779316618297-61ff96d7-aa52-4e95-aca5-a17662de60f6.webp,,"Yada Yada Cherry Do‑Si‑Dos 5 g Smalls is an indica-dominant hybrid that packs a moderate-to-high THC punch (about 23–28%, depending on batch). The flavor is a mix of earthy, citrus, and berry, with a noticeable cherry aroma. Its effects are relaxed, euphoric, and a little sleepy, making it a great pick for winding down while still enjoying a clear, buzzy mental lift. The buds are well‑trimmed smalls with purple hues and frosty trichomes — a solid value offering from Yada Yada."
01951af3-f093-7328-a678-54f89ff7786f,YADA YADA,FLOWER SMALLS [5G] GUSH MINTS,FLOWER,5G,INDICA,23.72%,0.25%,20.05,,False,yada-yada-yada-yada-flower-smalls-5g-gush-mints,https://d14jfwlo68bhyr.cloudfront.net/products/1779316656633-2e1695d7-1c5e-4b2e-b8b8-e19321546d57.webp,,"YADA YADA - FLOWER SMALLS [5G] GUSH MINTS is an indica-dominant hybrid strain with a sweet, minty, and candy-like flavor profile. It is known for producing a relaxing, euphoric, and blissful full-body high. This product is sold in 5-gram bags of ""smalls,"" which are smaller-sized buds from the Gush Mints strain, and is offered by the Yada Yada brand, which emphasizes a farm-to-consumer model for affordability."
01951af4-0a4a-7a3f-88fe-2bd6b8f59b08,YADA YADA,PREGROUND FLOWER [14G] GUSH MINTS,FLOWER,14G,INDICA,19.49%,0.16%,22.05,VALUE MENU - 30% OFF,True,yada-yada-yada-yada-preground-flower-14g-gush-mints,https://d14jfwlo68bhyr.cloudfront.net/DfafAvsHmL.webp,,"The Yada Yada Preground Flower line offers a cost-effective and convenient way to enjoy potent, modern strains. Gush Mints is a highly popular, heavy Indica-Dominant Hybrid that is celebrated for its unique flavor profile—a complex fusion of creamy, sweet dough and cool, fresh mint/menthol. Genetically, it inherits the potent gassy funk from the Kush Mints side and the underlying sweetness and structure from Gelatti. The preground format makes it ideal for easily rolling joints or packing bowls. The effects are potent and deeply comforting, starting with a strong wave of euphoria and mood elevation that rapidly transitions into a profound, calming body stone, making it an excellent choice for experienced users seeking intense evening relaxation and sleep aid."
01951af4-0a4d-7469-b47c-0e08256b95a1,YADA YADA,PREGROUND FLOWER [14G] MANGO MINTALITY,FLOWER,14G,SATIVA,17.61%,0.21%,22.05,VALUE MENU - 30% OFF,True,yada-yada-yada-yada-preground-flower-14g-mango-mintality,https://d14jfwlo68bhyr.cloudfront.net/5I4l6qaeta.webp,,"The Yada Yada Preground Flower line offers a cost-effective and convenient way to enjoy potent, modern strains. Mango Mintality is a highly flavorful Hybrid that is celebrated for its unique aroma—a complex fusion of ripe, tropical fruit and cool, refreshing mint. The genetics are designed to deliver the sweet, musky notes of Mango alongside the creamy, gassy, and cool undertones of the Mints lineage (likely Gush Mints). The preground format makes it ideal for easily rolling joints or packing bowls. The high is generally well-balanced, beginning with euphoric mental uplift before transitioning into a deep, satisfying body relaxation, making it a great choice for experienced users seeking evening comfort and a uniquely layered flavor experience."
019939b8-d77e-7d9f-b023-5c59952cf101,YADA YADA,PREGROUND FLOWER [14G] SMACKERZ - 14 G,FLOWER,14G,HYBRID,18.63%,0.16%,22.05,VALUE MENU - 30% OFF,True,yada-yada-yada-yada-preground-flower-14g-smackerz,https://d1hhy58mqsa6c3.cloudfront.net/916928a7-444e-4ad3-bfd0-b799e8385e4d/eb48acbf-b237-446b-839a-40859c6221c1,,"The Yada Yada Preground Flower line offers a cost-effective and convenient way to enjoy potent, flavorful cannabis. Smackerz is an Indica-Dominant Hybrid celebrated for its intensely sweet, candy-like aroma and its heavy-hitting, comforting effects. The name likely references the powerful, smacking sweetness of its flavor. The preground format makes it ideal for easily rolling joints or packing bowls. The high is immediate and powerful, delivering a strong wave of euphoria and mental happiness before settling into a profound, warming body stone, making it an excellent choice for experienced users seeking premium flavor and deep evening relaxation."
01951af4-05f5-7bd5-899a-13757eb193b8,,LOOKAH UNICORN MINI - GREEN,MERCH,,,,,90.05,,False,,,,"This compact and stylish LOOKAH UNICORN MINI vape device in a vibrant green color is a must-have accessory for any cannabis enthusiast. Discreet and easy to use, it delivers a smooth, satisfying vapor experience wherever you go."
01951af3-d6ff-78d9-bea4-3c5a9dd2fb0c,ALMORA FARM,510 VARIALBLE VOLTAGE BATTERY & USB CHARGER,MERCH,,,,,20.05,,False,almora-farm-almora-farm-510-varialble-voltage-battery-usb-charger,https://d14jfwlo68bhyr.cloudfront.net/hAL4UAYYvm.webp,,"This variable voltage 510 battery from Almora Farm features adjustable power settings to customize your vaping experience with any compatible cannabis cartridge. The included USB charger ensures you stay powered up for consistent, reliable sessions. Perfect for cannabis enthusiasts who want control over their vapor production and flavor intensity."
0197ffa8-7362-7147-8226-a5689741b52e,BLAZY SUSAN,(E) TEA LEAF WRAPS [2PK] - ONE SIZE - 2 PACK,MERCH,,,,,3.05,,False,blazy-susan-e-tea-leaf-wraps-2pk-one-size-2-pack,,,
01997e27-b622-77a6-b38b-2c33ba061d3c,BLAZY SUSAN,BLAZY SUSAN PINK COTTON BUDS - ONE SIZE,MERCH,,,,,5,,False,blazy-susan-blazy-susan-blazy-susan-pink-cotton-buds-300ct,,,"Soft, plush cotton buds in a vibrant pink hue. These premium cotton swabs are perfect for delicate tasks around the home or for cannabis consumption. Durable and absorbent, they're a must-have accessory for any cannabis enthusiast."
0198f84b-468d-7652-af95-14fd2f0046ea,BOVEDA,BOVEDA 62% HUMIDITY CONTROL FOR FLOWER - 8G - ONE SIZE,MERCH,,,,,2.04,,False,boveda-boveda-boveda-62-humidity-control-for-flower-8g,,,Keep your cannabis flower fresh and flavorful with these 62% humidity control packs from Boveda. Simply add one to your airtight container to maintain the perfect moisture level and prevent your buds from drying out or getting too moist. Great for home storage or on-the-go use.
01951af3-dcb7-757f-8785-274e88b46537,CHICO'S BEST,CHICOS BEST - VAPE BATTERY,MERCH,,,,,21.05,EVERYDAY DISCOUNT - CHICO'S BEST - 30% OFF,True,chicos-best-chicos-best-vape-battery,https://d14jfwlo68bhyr.cloudfront.net/iIfDrIeujJ.webp,,"This adjustable vape battery features customizable temperature settings perfect for any cannabis cartridge, from distillate to live resin concentrates. The sleek outer space design makes it both functional and stylish, while the easy-to-use controls help you find your ideal vaping temperature for the best flavor and vapor production."
01951af4-0a29-7a23-9ac0-b530a82dc8f7,DABWOODS,POD BATTERY,MERCH,,,,,20.05,EVERYDAY DISCOUNT - DABWOODS - 30%,True,dabwoods-dabwoods-pod-battery,https://d1hhy58mqsa6c3.cloudfront.net/916928a7-444e-4ad3-bfd0-b799e8385e4d/a5091799-d402-49aa-b752-86b400428064,,"This sleek DABWOODS pod battery delivers reliable power and consistent performance for your vaping sessions. The compact design fits comfortably in your hand while providing the dependable functionality you need for your cannabis concentrates. Perfect for on-the-go use, this battery ensures smooth, flavorful hits every time."
01951af3-e200-76af-acef-a0272e3b2be6,ELEMENTS,"ELEMENTS CONES 1.25"" 6PK",MERCH,,,,,2.65,,False,elements-elements-cones-1-25-6pk,https://d14jfwlo68bhyr.cloudfront.net/w5eyA9k1RR.webp,,"Elevate your rolling experience with ELEMENTS CONES 1.25"" 6PK. These premium pre-rolled cones offer a convenient, consistent way to enjoy your favorite cannabis flower. Crafted with natural, unbleached materials, these cones provide a smooth, even burn for an effortless session."
01951af3-d75b-7c25-9dbe-44483e85bbaa,EMBARC,AIR FRESHENER [HIGH FROM CA],MERCH,,,,,3.04,,False,embarc-embarc-air-freshener-high-from-ca,https://d14jfwlo68bhyr.cloudfront.net/EiDczGArLW.webp,,"This stylish air freshener will elevate your space with a refreshing cannabis-inspired scent. Infused with natural terpenes, it offers an aromatic experience that's both uplifting and long-lasting. Whether you're looking to set the mood or simply enjoy a touch of cannabis-inspired ambiance, this air freshener is a unique and sophisticated way to indulge."
01951af3-d947-79f8-85bf-f9d749088b2d,EMBARC,BLACK & PINK WORLD T-SHIRT,MERCH,,,,,20.05,,False,embarc-black-pink-world-tshirt,,,"This stylish BLACK & PINK WORLD T-SHIRT from EMBARC features a bold, graphic design that makes a statement. The premium, soft-touch cotton blend is comfortable for everyday wear, whether you're running errands or hanging out with friends. This versatile tee works for any occasion and complements a wide range of personal styles."
01951af3-d94a-7259-936e-a5167536e782,EMBARC,BLACK AND WHITE MUG,MERCH,,,,,26,,False,embarc-embarc-black-and-white-mug,,,This stylish black and white ceramic mug from EMBARC is the perfect addition to your morning coffee or tea routine. The minimalist design complements any kitchen decor and makes a great gift for the cannabis enthusiast in your life.
01964a2d-d650-7b97-a302-40f7eb61fb58,EMBARC,CHEAP VACAY STICKER - ONE SIZE,MERCH,,,,,1.05,,False,embarc-embarc-cheap-vacay-sticker,https://d14jfwlo68bhyr.cloudfront.net/n4oFSVD7fr.webp,,"This fun and vibrant sticker lets you show off your love for getting away from it all. Stick it on your laptop, water bottle, or anywhere you need a little tropical vacation vibe. Whether you're daydreaming of the beach or just need a smile-inducing accessory, this Cheap Vacay sticker from EMBARC is the perfect pick-me-up."
01951af3-dfb1-75ff-a8d9-a835bd79f83f,EMBARC,DEVIL'S LETTUCE T-SHIRT MEDIUM,MERCH,,,,,33.04,,False,embarc-embarc-devils-lettuce-tshirt-medium,,,"This stylish EMBARC Devil's Lettuce t-shirt is a must-have for cannabis enthusiasts. Featuring a bold, eye-catching graphic, it's the perfect way to show off your love of the plant. Made from high-quality materials, this medium-sized tee is comfortable and durable, perfect for everyday wear."
01966e1d-2069-7bae-a8b5-db2e69d944e1,EMBARC,DEVIL'S LETTUCE TANK TOP [S] - SMALL,MERCH,,,,,30.05,,False,embarc-embarc-devils-lettuce-tank-top-s,,,"This stylish tank top from EMBARC features a playful ""Devil's Lettuce"" graphic, perfect for showing off your cannabis-friendly style. Soft, breathable fabric keeps you comfortable all day long."
019dd732-a8eb-7dfc-afe0-55b28ab5e063,EMBARC,EMBARC CIRCLE STICKER [BLUE] - ONE SIZE,MERCH,,,,,1.05,,False,embarc-embarc-embarc-circle-sticker-blue,,,
019dd732-0eb7-783b-8f73-cc153b3d5e0f,EMBARC,EMBARC CIRCLE STICKER [PINK] - ONE SIZE,MERCH,,,,,1.05,,False,embarc-embarc-embarc-circle-sticker-pink,,,
019e0098-3f63-7262-9155-5e7c986a9d2a,EMBARC,EMBARC GLOBE MINI STICKER [BLUE] - ONE SIZE,MERCH,,,,,1.05,,False,embarc-embarc-embarc-globe-mini-sticker-blue,,,
019dd73c-7110-7c0f-b3fb-6f8cdd4b20e0,EMBARC,EMBARC GLOBE MINI STICKER [GREEN] - ONE SIZE,MERCH,,,,,1.05,,False,embarc-embarc-embarc-globe-mini-sticker-green,,,
019dd73c-461d-7d69-9069-b1cc70980249,EMBARC,EMBARC GLOBE MINI STICKER [RED] - ONE SIZE,MERCH,,,,,1.05,,False,embarc-embarc-embarc-globe-mini-sticker-red,,,
019de4de-fc3a-756b-a949-f8b465138abb,EMBARC,EMBARC STICKER BOTTLE - ONE SIZE,MERCH,,,,,35.04,,False,embarc-embarc-embarc-sticker-bottle,https://d1hhy58mqsa6c3.cloudfront.net/916928a7-444e-4ad3-bfd0-b799e8385e4d/59589540-3da5-4bf4-bdc3-b4b63e3eeefe,,"Stay highdrated. Matte black. Stainless steel. Covered in Embarc (permanent) stickers like it's been everywhere you haven't. 25 fl oz of hydration for hikes, road trips, long commutes, and looking like the most interesting person in the office. Hand wash only — it's been through enough."
01951af3-e2ca-77bd-892c-9222d875486b,EMBARC,EXPLORE THE SUN T-SHIRT SHORT SLEEVE WHITE [M],MERCH,,,,,30.04,,False,embarc-embarc-explore-the-sun-tshirt-short-sleeve-white-m,,,"This crisp, classic white t-shirt features the EMBARC logo, inviting you to explore the sun and all its possibilities. Crafted from premium cotton, it's a comfortable, versatile addition to any casual wardrobe."
01951af3-f537-7347-bf4c-964c07aa1cac,EMBARC,HIGH FROM CALI STANDARD T-SHIRT SHORT SLEEVE BLACK [2XL],MERCH,,,,,30.04,,False,embarc-embarc-high-from-cali-standard-tshirt-short-sleeve-black-2xl,https://d14jfwlo68bhyr.cloudfront.net/y2n2Rt1TzE.webp,,"Wear your love for California cannabis culture with this classic black tee from EMBARC. Featuring the brand's iconic ""HIGH FROM CALI"" logo, this 100% cotton short sleeve shirt is perfect for any cannabis enthusiast."
01951af3-f53a-7e60-bbe8-2e5c96572a83,EMBARC,HIGH FROM CALI STANDARD T-SHIRT SHORT SLEEVE BLACK [L],MERCH,,,,,30.04,,False,embarc-embarc-high-from-cali-standard-tshirt-short-sleeve-black-l,https://d14jfwlo68bhyr.cloudfront.net/TNXYtcT2hN.webp,,"This stylish black t-shirt lets you show off your love for high-quality cannabis from California. The soft, breathable fabric is perfect for everyday wear, whether you're running errands or hanging out with friends. The simple ""HIGH FROM CALI"" design makes a bold statement about your passion for the Golden State's vibrant cannabis culture."
01951af3-f53b-7ecf-9ba5-b990b27443bc,EMBARC,HIGH FROM CALI STANDARD T-SHIRT SHORT SLEEVE BLACK [M],MERCH,,,,,30.04,,False,embarc-embarc-high-from-cali-standard-tshirt-short-sleeve-black-m,https://d14jfwlo68bhyr.cloudfront.net/qcEPyqd26U.webp,,"This classic black tee celebrates California cannabis culture with a simple, stylish design. Wear it with pride as a comfortable, everyday statement piece."
01951af3-f53d-718d-8fa0-1066aa2f408a,EMBARC,HIGH FROM CALI STANDARD T-SHIRT SHORT SLEEVE BLACK [S],MERCH,,,,,30.04,,False,embarc-embarc-high-from-cali-standard-tshirt-short-sleeve-black-s,https://d14jfwlo68bhyr.cloudfront.net/TGyiEAWWhZ.webp,,"This stylish black t-shirt from EMBARC lets you show off your California cannabis pride. Crafted with soft, breathable fabric, it's the perfect everyday tee to wear solo or layer up. Whether you're hitting the dispensary or just running errands, this classic short-sleeve design is a comfortable and casual cannabis-inspired look."
01951af3-f53d-7d15-a4f5-b8ae18bc234e,EMBARC,HIGH FROM CALI STANDARD T-SHIRT SHORT SLEEVE BLACK [XL],MERCH,,,,,30.04,,False,embarc-embarc-high-from-cali-standard-tshirt-short-sleeve-black-xl,https://d14jfwlo68bhyr.cloudfront.net/7Ticu4nCKO.webp,,"This stylish HIGH FROM CALI t-shirt lets you show off your love for cannabis culture. Made from high-quality materials, it's perfect for casual everyday wear or rocking at your next event."
01951af3-f53f-76f0-9d67-0ace1da4fb02,EMBARC,HIGH FROM CALI STANDARD T-SHIRT SHORT SLEEVE WHITE [2XL],MERCH,,,,,30.04,,False,embarc-embarc-high-from-cali-standard-tshirt-short-sleeve-white-2xl,https://d14jfwlo68bhyr.cloudfront.net/Ru12sFy2rR.webp,,"A comfortable, classic white t-shirt featuring the iconic ""HIGH FROM CALI"" logo. Wear this versatile tee to rep your cannabis lifestyle with pride."
01951af3-f542-7c27-930d-aea834015466,EMBARC,HIGH FROM CALI STANDARD T-SHIRT SHORT SLEEVE WHITE [L],MERCH,,,,,30.04,,False,embarc-embarc-high-from-cali-standard-tshirt-short-sleeve-white-l,https://d14jfwlo68bhyr.cloudfront.net/4F516deR21.webp,,"A comfortable, classic white t-shirt featuring the iconic ""HIGH FROM CALI"" logo. Wear this soft, breathable tee to show off your love for cannabis culture. The perfect addition to any wardrobe."
01951af3-f543-73ec-ac86-ac2e083f2236,EMBARC,HIGH FROM CALI STANDARD T-SHIRT SHORT SLEEVE WHITE [M],MERCH,,,,,30.04,,False,embarc-embarc-high-from-cali-standard-tshirt-short-sleeve-white-m,https://d14jfwlo68bhyr.cloudfront.net/1VPmJl89gB.webp,,"A classic white tee with the iconic ""HIGH FROM CALI"" logo, perfect for repping your cannabis lifestyle. This soft, breathable short-sleeve shirt is a versatile everyday essential."
01951af3-f544-740d-bdcc-4db269fe2b60,EMBARC,HIGH FROM CALI STANDARD T-SHIRT SHORT SLEEVE WHITE [S],MERCH,,,,,30.04,,False,embarc-embarc-high-from-cali-standard-tshirt-short-sleeve-white-s,https://d14jfwlo68bhyr.cloudfront.net/nPuP36rYf7.webp,,"Represent the Golden State with this classic, comfortable tee. Crafted with premium cotton, this short-sleeve shirt features a minimalist ""HIGH FROM CALI"" graphic that lets you show off your cannabis lifestyle in style."
01951af3-f545-7839-8373-181330b0306b,EMBARC,HIGH FROM CALI STANDARD T-SHIRT SHORT SLEEVE WHITE [XL],MERCH,,,,,30.04,,False,embarc-embarc-high-from-cali-standard-tshirt-short-sleeve-white-xl,https://d14jfwlo68bhyr.cloudfront.net/WRPXbudHLz.webp,,"This stylish white t-shirt from EMBARC celebrates the cannabis culture of California. Made from high-quality materials, it's the perfect casual piece to show off your love for the Golden State. Whether you're running errands or meeting friends, this comfortable short-sleeve tee is a versatile and eye-catching addition to any wardrobe."
01951af3-f554-7535-b2fa-d0df26cc3b37,EMBARC,HIGH FROM CALIFORNIA CREWNECK- L,MERCH,,,,,55.05,,False,embarc-high-from-california-crewneck-l,,,"Represent your cannabis lifestyle in style with the HIGH FROM CALIFORNIA CREWNECK. This soft, comfortable sweatshirt features a bold, eye-catching design that lets you proudly display your love for California cannabis culture."
01962158-6f19-7e76-8969-2ac93d8fd592,EMBARC,HIGH FROM TRACY MINI CANVAS TOTE - ONE SIZE,MERCH,,,,,5.05,,False,embarc-embarc-high-from-tracy-mini-canvas-tote,,,"This stylish mini canvas tote from EMBARC's High From Tracy collection is perfect for carrying your everyday essentials. The durable, lightweight fabric and roomy interior make it a versatile accessory for work, errands, or weekend adventures. Whether you're a cannabis enthusiast or simply appreciate good design, this tote adds a touch of elevated style to your look."
01951af3-f5e7-7c82-b611-9e976e794f78,EMBARC,HIGH FROM TRACY PREMIUM T-SHIRT SHORT SLEEVE VINTAGE BLACK [L],MERCH,,,,,30.04,,False,embarc-embarc-high-from-tracy-premium-tshirt-short-sleeve-vintage-black-l,https://d14jfwlo68bhyr.cloudfront.net/OXUtZUxrPi.webp,,"Represent your personal style with the HIGH FROM TRACY premium t-shirt. This vintage-inspired black tee features a bold graphic design that celebrates the cannabis lifestyle. Crafted from soft, breathable cotton, it's a comfortable and stylish addition to any casual wardrobe."
01964a45-9112-771e-adb2-6afcb26a85d5,EMBARC,HIGH FROM TRACY STICKER - ONE SIZE,MERCH,,,,,1.05,,False,embarc-embarc-high-from-tracy-sticker,https://d14jfwlo68bhyr.cloudfront.net/products/1783461379843-60a0afb1-1721-44cb-9c4e-12ef4a5fcd31.webp,,"A fun and stylish sticker featuring the iconic ""HIGH FROM TRACY"" design from EMBARC. This versatile accessory is perfect for adding a touch of cannabis culture to your laptop, water bottle, or any other surface. Show off your love for the plant with this eye-catching sticker."
019cb728-3707-7fe9-83ee-f439898625ad,EMBARC,LIGHTER [GRAY] - ONE SIZE,MERCH,,,,,3.55,,False,embarc-embarc-lighter-gray,,,
019544b7-b7a2-796f-8754-80436e06b7b7,EMBARC,PAINFULLY LOCAL HEAVYWEIGHT T-SHIRT [2XL] - 2XL,MERCH,,,,,35.04,,False,embarc-embarc-painfully-local-heavyweight-tshirt-2xl,,,"This heavyweight t-shirt from EMBARC is perfect for the discerning cannabis connoisseur. Crafted with premium materials, it's a comfortable and stylish way to show off your love for your local dispensary. Whether you're running errands or hanging out with friends, this versatile tee is sure to become a wardrobe staple."
019544b7-b7aa-7f9b-b7ca-ca584b9747ae,EMBARC,PAINFULLY LOCAL HEAVYWEIGHT T-SHIRT [3XL] - 3XL,MERCH,,,,,35.04,,False,embarc-embarc-painfully-local-heavyweight-tshirt-3xl,,,"This heavyweight t-shirt from EMBARC is a comfortable, high-quality option for cannabis enthusiasts. The classic design features the brand's ""Painfully Local"" logo, making it a great choice for representing your love of all things cannabis. Whether you're wearing it around town or to your next dispensary visit, this 3XL t-shirt is sure to become a wardrobe staple."
019544b7-b7be-7660-901f-9dc9119c6830,EMBARC,PAINFULLY LOCAL HEAVYWEIGHT T-SHIRT [L] - LARGE,MERCH,,,,,35.04,,False,embarc-embarc-painfully-local-heavyweight-tshirt-l,https://d1hhy58mqsa6c3.cloudfront.net/916928a7-444e-4ad3-bfd0-b799e8385e4d/e3349249-c91a-4bac-a36a-72778ad91154,,"A comfortable, high-quality t-shirt featuring the EMBARC brand's iconic ""Painfully Local"" design. Made with soft, durable heavyweight cotton, this t-shirt is perfect for everyday wear and showcasing your local pride."
019544b7-b7cc-7d03-ad9b-c248e6b8d485,EMBARC,PAINFULLY LOCAL HEAVYWEIGHT T-SHIRT [M] - MEDIUM,MERCH,,,,,35.04,,False,embarc-embarc-painfully-local-heavyweight-tshirt-m,,,"This cozy EMBARC Painfully Local heavyweight t-shirt is a must-have for any cannabis enthusiast's wardrobe. Made from soft, durable fabric, it's perfect for everyday wear or as a conversation starter at your local dispensary. Whether you're relaxing at home or out with friends, this medium-sized tee lets you show off your love for all things cannabis in style."
019544b7-b7d8-7fdd-b17c-d20eb16eae42,EMBARC,PAINFULLY LOCAL HEAVYWEIGHT T-SHIRT [S] - SMALL,MERCH,,,,,35.04,,False,embarc-embarc-painfully-local-heavyweight-tshirt-s,,,"You'll look and feel great in this premium EMBARC Painfully Local Heavyweight T-Shirt. Crafted from soft, durable fabric, it's perfect for everyday wear or repping your local cannabis culture. The classic fit and subtle branding make this tee a versatile staple in any wardrobe."
019544b7-b7df-7a50-8d79-487ce488b903,EMBARC,PAINFULLY LOCAL HEAVYWEIGHT T-SHIRT [XL] - XL,MERCH,,,,,35.04,,False,embarc-embarc-painfully-local-heavyweight-tshirt-xl,https://d1hhy58mqsa6c3.cloudfront.net/916928a7-444e-4ad3-bfd0-b799e8385e4d/5bd9a67e-f369-4ba2-b0f5-7d27ab16657a,,"This premium heavyweight t-shirt from EMBARC features a bold, locally-inspired design that celebrates the brand's roots. Crafted with high-quality materials, it's perfect for casual everyday wear or showing off your support for the local cannabis community."
019665ac-4cfe-79ab-bbf5-3acfd07132a7,EMBARC,PAINFULLY LOCAL OLIVE TANK TOP [L] - LARGE,MERCH,,,,,30.05,,False,embarc-embarc-painfully-local-olive-tank-top-l,,,"This olive tank top from EMBARC's Painfully Local collection is a comfortable and stylish addition to your wardrobe. The soft, breathable fabric is perfect for warm days, whether you're running errands or relaxing with friends."
019665ab-dce6-7c32-a1f6-7866bc2f0536,EMBARC,PAINFULLY LOCAL OLIVE TANK TOP [M] - MEDIUM,MERCH,,,,,30.05,,False,embarc-embarc-painfully-local-olive-tank-top-m,,,"This olive green tank top from EMBARC's ""Painfully Local"" collection is a comfortable and stylish addition to your wardrobe. The soft, breathable fabric will keep you cool and confident all day long."
019665ab-76e1-7bec-92f1-cc6c71cbea4c,EMBARC,PAINFULLY LOCAL OLIVE TANK TOP [S] - SMALL,MERCH,,,,,30.05,,False,embarc-embarc-painfully-local-olive-tank-top-s,,,"This olive green tank top from EMBARC's Painfully Local collection is a versatile and comfortable wardrobe staple. The soft, breathable fabric makes it perfect for warm weather, while the classic silhouette and neutral color allow it to be dressed up or down. Whether you're running errands or enjoying a night out, this tank top will keep you feeling stylish and at ease."
01951af4-1715-73ef-b50f-4385ba1c873b,EMBARC,THRASHER PREMIUM T-SHIRT SHORT SLEEVE BLACK [2XL],MERCH,,,,,30.04,,False,embarc-embarc-thrasher-premium-tshirt-short-sleeve-black-2xl,https://d14jfwlo68bhyr.cloudfront.net/N4xlPKqc7c.webp,,"Wear the iconic Thrasher logo with this premium short-sleeve t-shirt from EMBARC. Crafted with high-quality materials for a comfortable, stylish fit, this black tee is perfect for adding a touch of skate-inspired style to any outfit."
01951af4-1716-7e9b-b257-445bb9168bec,EMBARC,THRASHER PREMIUM T-SHIRT SHORT SLEEVE BLACK [3XL],MERCH,,,,,30.04,,False,embarc-embarc-thrasher-premium-tshirt-short-sleeve-black-3xl,https://d14jfwlo68bhyr.cloudfront.net/p3snYxK5ZN.webp,,"This premium short-sleeve t-shirt from EMBARC features the iconic Thrasher logo in a bold black colorway. Made with soft, high-quality materials, it's the perfect addition to any cannabis lover's wardrobe. Whether you're hitting the dispensary or heading out for the day, this versatile tee will keep you comfortable and stylish."
01951af4-1716-70af-9fbe-77338fd5d4c5,EMBARC,THRASHER PREMIUM T-SHIRT SHORT SLEEVE BLACK [4XL],MERCH,,,,,30.04,,False,embarc-thrasher-premium-tshirt-short-sleeve-black-4xl,,,"This premium black t-shirt from EMBARC features the iconic Thrasher logo, perfect for showing off your love of skateboarding and counterculture. The soft, breathable fabric and classic short-sleeve design make it a versatile wardrobe staple."
01951af4-1717-7ca8-8614-042e4e959d80,EMBARC,THRASHER PREMIUM T-SHIRT SHORT SLEEVE BLACK [L],MERCH,,,,,30.04,,False,embarc-embarc-thrasher-premium-tshirt-short-sleeve-black-l,https://d14jfwlo68bhyr.cloudfront.net/AsftgKeD6M.webp,,"This premium short-sleeve t-shirt from EMBARC features the iconic Thrasher logo, perfect for showcasing your skater style. The soft, breathable black fabric is ideal for everyday wear, whether you're hitting the skatepark or just running errands."
01951af4-1718-708d-9f6e-fe912a556a7f,EMBARC,THRASHER PREMIUM T-SHIRT SHORT SLEEVE BLACK [M],MERCH,,,,,30.04,,False,embarc-embarc-thrasher-premium-tshirt-short-sleeve-black-m,https://d14jfwlo68bhyr.cloudfront.net/rS1nOo1LRX.webp,,"Elevate your style with the EMBARC Thrasher Premium T-Shirt. This short-sleeve black tee is perfect for everyday wear, featuring a classic logo design that showcases your love for the iconic skateboard brand."
01964a2b-1214-7184-aa14-ca592a7d4638,EMBARC,WISH YOU WERE HIGH STICKER - ONE SIZE,MERCH,,,,,1.05,,False,embarc-embarc-wish-you-were-high-sticker,https://d14jfwlo68bhyr.cloudfront.net/XzOgS6R3lP.webp,,"This fun sticker lets you share a playful, cannabis-inspired sentiment with friends. The bold, retro-inspired design is perfect for sticking on laptops, water bottles, or anywhere you want to add a little bit of cannabis culture flair. Whether you're a cannabis enthusiast or just appreciate the aesthetic, this sticker is a great way to express your personality."
01951af4-18c4-73a9-8584-1ada9b831036,EMBARC,WORLD WIDE WEED EXPLORER HOODIE [M] - MEDIUM,MERCH,,,,,45.05,,False,embarc-embarc-world-wide-weed-explorer-hoodie-m,,,"This comfortable, cannabis-inspired hoodie from EMBARC is perfect for exploring new frontiers. The medium-size ""World Wide Weed Explorer"" design makes a bold statement, whether you're relaxing at home or out adventuring. Pair it with your favorite jeans for a laidback, elevated look."
01951af4-18cb-7b3d-9c6d-2fce0497a7a0,EMBARC,WORLD WIDE WEED EXPLORER STANDARD T-SHIRT SHORT SLEEVE BLACK [2XL],MERCH,,,,,30.04,,False,embarc-embarc-world-wide-weed-explorer-standard-tshirt-short-sleeve-black-2xl,,,"Slip into the EMBARC World Wide Weed Explorer T-Shirt and let your cannabis curiosity shine. This classic black tee features a bold graphic design perfect for representing your love of the plant at the dispensary, on a hike, or out with friends."
01951af4-18cc-71c1-96a1-d8c8019b1e11,EMBARC,WORLD WIDE WEED EXPLORER STANDARD T-SHIRT SHORT SLEEVE BLACK [3XL],MERCH,,,,,30.04,,False,embarc-embarc-world-wide-weed-explorer-standard-tshirt-short-sleeve-black-3xl,https://d14jfwlo68bhyr.cloudfront.net/RAEy4mZm4n.webp,,"This classic black t-shirt from EMBARC features their iconic ""World Wide Weed Explorer"" logo, perfect for cannabis enthusiasts looking to show off their passion. The comfortable, short-sleeve design is available in a roomy 3XL size, making it a great choice for all-day wear."
01951af4-18cc-7778-bb83-037b668385b8,EMBARC,WORLD WIDE WEED EXPLORER STANDARD T-SHIRT SHORT SLEEVE BLACK [4XL],MERCH,,,,,30.04,,False,embarc-world-wide-weed-explorer-standard-tshirt-short-sleeve-black-4xl,,,"This sleek black t-shirt from EMBARC features the ""World Wide Weed Explorer"" graphic, perfect for cannabis enthusiasts who love to show off their passion. The comfortable, breathable cotton blend makes this a versatile everyday essential."
01951af4-18cd-76a6-a23f-641c42d8df93,EMBARC,WORLD WIDE WEED EXPLORER STANDARD T-SHIRT SHORT SLEEVE BLACK [L],MERCH,,,,,30.04,,False,embarc-embarc-world-wide-weed-explorer-standard-tshirt-short-sleeve-black-l,https://d14jfwlo68bhyr.cloudfront.net/egJWv3LERy.webp,,"A classic, comfortable black tee featuring the EMBARC World Wide Weed Explorer logo. Wear this versatile short-sleeve shirt to show off your love of cannabis culture."
01951af4-18ce-70d4-8b28-c07f9414c35a,EMBARC,WORLD WIDE WEED EXPLORER STANDARD T-SHIRT SHORT SLEEVE BLACK [M],MERCH,,,,,30.04,,False,embarc-embarc-world-wide-weed-explorer-standard-tshirt-short-sleeve-black-m,https://d14jfwlo68bhyr.cloudfront.net/svPwJIRxQX.webp,,"This stylish EMBARC t-shirt celebrates the global cannabis culture with a sleek, minimalist design. Crafted from soft, breathable fabric, it's perfect for casual everyday wear. Whether you're exploring new strains or just enjoying the moment, this classic black tee is a versatile addition to any wardrobe."
01951af4-18cf-7030-9588-c7c7b4254a5b,EMBARC,WORLD WIDE WEED EXPLORER STANDARD T-SHIRT SHORT SLEEVE BLACK [XL],MERCH,,,,,30.04,,False,embarc-embarc-world-wide-weed-explorer-standard-tshirt-short-sleeve-black-xl,https://d14jfwlo68bhyr.cloudfront.net/f97JaEj0ss.webp,,"This standard black t-shirt from EMBARC features the brand's ""World Wide Weed Explorer"" graphic design. Made from soft, breathable cotton, this casual tee is perfect for everyday wear or for showing off your love of cannabis culture."
0198ce90-5972-787c-8971-7760e055c695,HALARA EXTRACTS,DUAL CHARGE BATTERY (900MAH) [RED] - ONE SIZE,MERCH,,,,,25.05,,False,halara-extracts-dual-charge-battery-900mah-red-one-size,https://d14jfwlo68bhyr.cloudfront.net/products/1778077578823-9aeb74b1-83f9-491e-9a99-8957092da26e.webp,,"Premium Big Battery | 510-Thread | 900mAh  One of the biggest batteries on the market. 900mAh of power with a dual charger, variable temperature control, and 510-thread compatibility. Lasts all week without breaking a sweat.  Features: - 900mAh battery life - Dual charger included - Variable temperature (4 settings) - 510-thread compatible - Collectible colors, rotate quarterly"
019c05bf-563b-7d63-a16f-a02525e38c4a,HALARA EXTRACTS,POCKET PAL BATTERY 800MAH [FORBIDDEN ROSES] - ONE SIZE,MERCH,,,,,30.05,,False,halara-extracts-halara-extracts-pocket-pal-battery-800mah-forbidden-roses,https://d14jfwlo68bhyr.cloudfront.net/products/1778077249328-4224eb43-a0c2-4dcb-96d6-afd9b0117bd7.webp,,Pocket Pal | 510-Thread | 800mAh  Your cart goes inside. Game changer. 800mAh with a magnetized click design that stores your cartridge inside the battery for protection and cleanliness. No more broken carts in your pocket.  Features: - 800mAh battery life - Magnetized click design - Stores cartridge inside for protection - Variable temperature (4 settings) - 510-thread compatible
01951af3-d9d3-7457-8962-a57f51a23b93,HEAVY HITTERS,BLACK VOLTAGE BATTERY & CHARGER,MERCH,,,,,20.05,,False,heavy-hitters-black-voltage-battery-charger,,,"This sleek, powerful battery and charger set from Heavy Hitters is a must-have accessory for your cannabis vaping needs. The compact, discreet design and long-lasting charge make it a convenient choice for on-the-go use. Whether you're enjoying your favorite Heavy Hitters vape cartridge at home or on the move, this battery will deliver a reliable, consistent experience."
01951af4-0a2b-7035-bd70-bea3262f8e34,HEAVY HITTERS,POD BATTERY WITH CABLE LIMITED EDITION MURAL PAINT,MERCH,,,,,41.05,,False,heavy-hitters-heavy-hitters-pod-battery-with-cable-limited-edition-mural-paint,https://d1hhy58mqsa6c3.cloudfront.net/916928a7-444e-4ad3-bfd0-b799e8385e4d/eb4adb15-84a7-48ac-91f6-5f8aa365e85f,,"This limited edition pod battery from Heavy Hitters features a unique mural paint design. The compact, portable battery is perfect for discreetly enjoying your favorite cannabis oil cartridges on the go. Includes a USB charging cable for convenient recharging."
019a5a08-7892-7770-b7b9-3f5c445671ed,HIGH MOUNTAIN,"12"" COLORFUL RIM BEAKER [ASSORTED COLORS] - ONE SIZE",MERCH,,,,,30.05,,False,high-mountain-high-mountain-12-colorful-rim-beaker-assorted-colors,,,"This stylish 12"" beaker bong features a vibrant, colorful rim that adds a fun, eye-catching touch. Made from durable borosilicate glass, it delivers smooth, flavorful hits with every use. Whether you're enjoying solo or with friends, this versatile piece is a great addition to any cannabis connoisseur's collection."
01951af3-d66f-7b78-bf74-d21a21fb3ef0,HIGH MOUNTAIN,"3.5"" ASSORSTED GLASS PIPE - ONE SIZE",MERCH,,,,,5.05,,False,high-mountain-high-mountain-3-5-assorsted-glass-pipe,,,"This stylish glass pipe from High Mountain is the perfect accessory for your cannabis enjoyment. The smooth, durable design makes it easy to use, while the compact size ensures it's discreet and portable. Whether you're looking to unwind after a long day or enhance a social gathering, this versatile pipe delivers a reliable smoking experience."
01987cbc-e042-720c-9bb9-7fee3594f2dd,HIGH MOUNTAIN,"4"" GLASS BALL CHILLUM [ASSORTED] - ONE SIZE",MERCH,,,,,6.05,,False,high-mountain-high-mountain-4-glass-ball-chillum-assorted,,,"This compact 4"" glass chillum from High Mountain is a simple, discreet smoking accessory. The rounded glass bowl and narrow mouthpiece provide a smooth, flavorful draw, making it a convenient choice for on-the-go cannabis use. The assorted colors allow you to select a style that suits your personal preference."
019805ec-52a6-739b-b14d-7a7c4c126d93,HIGH MOUNTAIN,"6"" SESHGEAR NEON OMBRE GLASS MINI WATER PIPE [ASSORTED COLORS] - ONE SIZE",MERCH,,,,,20.05,,False,high-mountain-high-mountain-6-seshgear-neon-ombre-glass-mini-water-pipe-assorted-colors,,,"This compact and colorful glass mini water pipe from HIGH MOUNTAIN features a vibrant ombre design that adds a unique touch to your smoking experience. Its small size makes it perfect for discreet use, while the water filtration provides a smooth, flavorful draw. Whether you're looking for a new daily driver or a stylish piece to showcase, this mini pipe is a versatile and eye-catching accessory for any cannabis enthusiast."
01969c6f-2ef3-7cc5-8a89-9329f57ce304,HIGH MOUNTAIN,"8"" TENTACLE BONG - ONE SIZE",MERCH,,,,,30.05,,False,high-mountain-high-mountain-8-tentacle-bong,https://d1hhy58mqsa6c3.cloudfront.net/916928a7-444e-4ad3-bfd0-b799e8385e4d/37fad37e-120c-4483-a298-537144562f6b,,"This sleek and unique 8-inch glass bong from High Mountain features a striking tentacle design that adds extra flair to your smoking sessions. The smooth, sturdy construction and comfortable mouthpiece provide an enjoyable and reliable smoking experience. Whether you're relaxing solo or sharing with friends, this bong is a stylish and functional piece for your cannabis collection."
01951af3-d9dd-7063-ba23-04f6e069ef07,HIGH MOUNTAIN,BLAZY SUSAN CONES 53MM SIZE 50CT PINK - ONE SIZE,MERCH,,,,,20.05,,False,high-mountain-high-mountain-blazy-susan-cones-53mm-size-50ct-pink,,,
01951af3-e1ab-77ec-ba34-ddcb5017eef1,HIGH MOUNTAIN,DRIPPING PAINT 14MM BOWL PIECE - MALE,MERCH,,,,,21.74,,False,high-mountain-dripping-paint-14mm-bowl-piece-male,https://d14jfwlo68bhyr.cloudfront.net/sb3EUXDSE3.webp,,This high-quality 14mm male bowl piece from High Mountain features a unique dripping paint design. The durable glass construction and custom artwork make this a stylish addition to any cannabis lover's collection.
01951af3-f271-7839-8dc2-ca5097c8d543,HIGH MOUNTAIN,GLASS TIPS - ONE SIZE,MERCH,,,,,5.05,,False,high-mountain-high-mountain-glass-tips,,,"Elevate your joint experience with these premium glass tips from HIGH MOUNTAIN. Crafted with care, these reusable tips provide a smooth, comfortable draw every time. Upgrade your cannabis ritual with this essential accessory."
01951af4-0659-7411-9487-b7975a44bc78,HIGH MOUNTAIN,METAL PIPE SCREENS,MERCH,,,,,1.05,,False,high-mountain-metal-pipe-screens,https://d1hhy58mqsa6c3.cloudfront.net/916928a7-444e-4ad3-bfd0-b799e8385e4d/b3afa686-85a1-4c99-8ab9-cec29c155c75,,"Durable metal pipe screens from High Mountain. These versatile screens help keep your smoking experience clean and smooth, no matter your preferred method. A must-have accessory for any cannabis connoisseur."
01951af4-10e3-7c4a-9a51-da4de2caeaae,HIGH MOUNTAIN,QUARTZ FLAT TOP THICK BOTTOM BANGER - 90 DEGREES - ONE SIZE,MERCH,,,,,6.99,,False,high-mountain-high-mountain-quartz-flat-top-thick-bottom-banger-90-degrees,https://d1hhy58mqsa6c3.cloudfront.net/916928a7-444e-4ad3-bfd0-b799e8385e4d/3de90285-5fe1-4d18-b946-482e4442af74,,This quartz banger from High Mountain features a flat top and thick bottom design that's optimized for 90-degree rigs. Its durable construction and precise fit make it a reliable choice for your daily dab sessions.
01951af4-16df-736b-a1b5-1edb1dec8da3,HIGH MOUNTAIN,TERP PEARLS SET ASSORTED COLORS - ONE SIZE,MERCH,,,,,10.05,,False,high-mountain-high-mountain-terp-pearls-set-assorted-colors,https://d1hhy58mqsa6c3.cloudfront.net/916928a7-444e-4ad3-bfd0-b799e8385e4d/eb8ebed4-cbf1-4170-8372-c9d530e7b4ca,,"These vibrant Terp Pearls from High Mountain are a must-have accessory for any cannabis connoisseur. Crafted with high-quality materials, these colorful pearls help enhance your dab experience by trapping and vaporizing more of your concentrate. Use them with your favorite rig for smooth, flavorful hits."
019538c2-61e9-73b9-a576-90fdcc74dd04,HIGH MOUNTAIN,YOCAN KODO 400MAH VARIABLE VOLTAGE BATTERY - ONE SIZE,MERCH,,,,,10.05,,False,high-mountain-high-mountain-yocan-kodo-400mah-variable-voltage-battery,https://d1hhy58mqsa6c3.cloudfront.net/916928a7-444e-4ad3-bfd0-b799e8385e4d/0889a65e-bc0c-4ab4-a540-1333c88a61f0,,"This compact, variable voltage battery from HIGH MOUNTAIN gives you precise control over your vaping experience. The YOCAN KODO 400mAh battery allows you to adjust the power output to suit your preferred concentrate or e-liquid. Enjoy a consistent, customizable vape session with this durable, easy-to-use battery."
01962673-142a-7f04-b464-ea72916edaa0,JET SET,SEASIDE WHITE TEE [M] - MEDIUM,MERCH,,,,,40.04,,False,jet-set-jet-set-seaside-white-tee-m,https://d14jfwlo68bhyr.cloudfront.net/cJlZFetF51.webp,,"This soft, lightweight tee from Jet Set is the perfect casual addition to your summer wardrobe. Made from premium, breathable cotton, it features a classic crew neck and relaxed, versatile fit that looks great on its own or layered under a jacket. Pair this crisp white top with your favorite jeans or shorts for an effortlessly cool, laid-back look."
01962673-1431-7267-b45d-ae696a46c68d,JET SET,SEASIDE WHITE TEE [S] - SMALL,MERCH,,,,,40.04,,False,jet-set-jet-set-seaside-white-tee-s,https://d14jfwlo68bhyr.cloudfront.net/TZcvudTR8G.webp,,"A classic white tee with the JET SET logo subtly printed on the chest. This soft, lightweight shirt is perfect for everyday wear, whether you're running errands or heading to the beach. The relaxed, comfortable fit makes it an easy choice for any casual occasion."
019954ba-1782-7009-ab3f-8a697a6883dc,LEFT COAST EXTRACTS,BIGGER POD BATTERY [STARS & STRIPES] - ONE SIZE,MERCH,,,,,20.05,,False,left-coast-extracts-left-coast-extracts-bigger-pod-battery-stars-stripes,,,"Upgrade your vaping experience with the BIGGER POD BATTERY [STARS & STRIPES] from Left Coast Extracts. This sleek, one-size-fits-all battery offers a stylish patriotic design to power your cannabis oil cartridges, delivering a consistent and reliable vape session anytime, anywhere."
01951af3-f68d-7bc5-9ed2-675651dd5aa3,LOOKAH,ICE CREAM DRY HERB VAPORIZER [BLACK],MERCH,,,,,70.05,,False,lookah-lookah-ice-cream-dry-herb-vaporizer-black,https://d1hhy58mqsa6c3.cloudfront.net/916928a7-444e-4ad3-bfd0-b799e8385e4d/22b2444e-6c27-49eb-8a11-2068e19d70a8,,"Experience the smooth, flavorful vapor of the LOOKAH Ice Cream Dry Herb Vaporizer. This sleek, black device delivers a consistent, satisfying cannabis experience with precise temperature control. Enjoy the convenience of on-the-go vaping without compromising quality or flavor."
01951af3-d65e-776b-8e94-2f3fa5e4f15b,LUVBUDS,"2.5"" SIREEL GLASS HAND PIPE [ASSORTED COLORS] - ONE SIZE",MERCH,,,,,6.05,,False,luvbuds-luvbuds-2-5-sireel-glass-hand-pipe-assorted-colors,https://d1hhy58mqsa6c3.cloudfront.net/916928a7-444e-4ad3-bfd0-b799e8385e4d/647fdaf6-0d6b-4417-8309-af2ba446d563,,"This sleek and compact glass hand pipe from LUVBUDS is perfect for on-the-go cannabis consumption. Available in a variety of vibrant colors, this 2.5-inch pipe is a discreet and convenient accessory for your cannabis experience."
0198f84b-f2d5-7454-bade-de17293c5c52,LUVBUDS,"3"" ONE HITTER - ONE SIZE",MERCH,,,,,3.55,,False,luvbuds-luvbuds-3-one-hitter,https://d1hhy58mqsa6c3.cloudfront.net/916928a7-444e-4ad3-bfd0-b799e8385e4d/c084f508-c8ce-44d1-9008-f67406929bfa,,"This compact one-hitter from LUVBUDS is a convenient way to enjoy your favorite cannabis flower on the go. The sleek, discreet design makes it easy to use and carry, while the durable construction ensures a smooth, reliable smoking experience."
01951af3-d66a-75b3-8718-b62c2e0318f5,LUVBUDS,"3"" SIREEL CHILLUM [ASSORTED COLORS] - ONE SIZE",MERCH,,,,,5.05,,False,luvbuds-luvbuds-3-sireel-chillum-assorted-colors,https://d1hhy58mqsa6c3.cloudfront.net/916928a7-444e-4ad3-bfd0-b799e8385e4d/6698632b-6beb-49c6-938b-8467a0f79670,,"Enjoy a smooth, flavorful smoking experience with this 3"" SIREEL CHILLUM from LUVBUDS. This compact, portable pipe comes in an assortment of vibrant colors to suit your style. Whether you're looking to unwind at home or on the go, this durable chillum provides a convenient way to savor your favorite cannabis."
0199dfa7-9629-7dc5-b93b-1b4b3dd66be6,LUVBUDS,"3.5"" STRINGER HAND PIPE [ASSORTED COLORS] - ONE SIZE",MERCH,,,,,6.05,,False,luvbuds-luvbuds-3-5-stringer-hand-pipe-assorted-colors,,,
01951af3-d893-77f4-90b5-aad3dc3dbf2c,PLUGPLAY,BATTERY PINK STEEL,MERCH,,,,,29.05,,False,plugplay-plugplay-battery-pink-steel,https://d14jfwlo68bhyr.cloudfront.net/3j3zKr7lO8.webp,,"This stylish BATTERY PINK STEEL from PLUGPLAY is the perfect accessory for your cannabis vaping needs. Sleek and compact, it provides reliable, on-the-go power for your favorite PLUGPLAY vape cartridges, delivering a smooth, consistent experience every time."
019d702f-4497-77b6-aad7-f8a0477ad0f7,PUFFCO,PEAK 3D CHAMBER [ONYX] - ONE SIZE,MERCH,,,,,56.05,,False,puffco-puffco-peak-3d-chamber-onyx,,,
01951af4-0857-7590-a4d3-992725a65adb,PUFFCO,PEAK PRO 3D XL CHAMBER,MERCH,,,,,125.05,,False,puffco-puffco-peak-pro-3d-xl-chamber,,,"This innovative 3D XL chamber from Puffco is designed to elevate your concentrate vaping experience. The unique 3D structure enhances airflow and vapor production, delivering smooth, flavorful hits every time. Whether you're a seasoned concentrate enthusiast or just starting out, this premium accessory is a must-have for your Puffco Peak Pro."
01951af4-09bd-77cd-8f23-df2841facb3c,PUFFCO,PIVOT GLASS ADAPTER W/ 3D CHAMBER - ONE SIZE,MERCH,,,,,60.05,,False,puffco-puffco-pivot-glass-adapter-w-3d-chamber,https://d1hhy58mqsa6c3.cloudfront.net/916928a7-444e-4ad3-bfd0-b799e8385e4d/872cc8d1-4b2c-4e75-acae-a1b36a4684a7,,"This Puffco Pivot Glass Adapter with 3D Chamber is a must-have accessory for Puffco Peak owners. The specialized adapter seamlessly connects your Peak to any standard 14mm or 18mm glass water pipe, enhancing your concentrate sessions with improved water filtration and vapor production. The included 3D chamber delivers a superior vaping experience, optimizing airflow and heat distribution for smooth, flavorful hits."
019ae617-0a23-7db7-ae10-a090c080c6d5,PUFFCO,PUFFCO PEAK CANYON - ONE SIZE,MERCH,,,,,220,,False,puffco-puffco-puffco-peak-canyon,,,"The Puffco Peak Canyon is a sleek, portable vaporizer that delivers a premium cannabis experience. Its advanced ceramic heating technology and intuitive one-button controls make it easy to enjoy smooth, flavorful vapor anytime, anywhere."
01951af3-d6f3-7392-89bf-4626f4b752f7,PURE BEAUTY,510 BATTERY BLACK,MERCH,,,,,21.05,,False,pure-beauty-pure-beauty-510-battery-black,https://d14jfwlo68bhyr.cloudfront.net/banners/1762371962096-2a1dba16-7bc6-44d8-ae72-865fb1a75f23.webp,,"Specifically designed to complement our live rosin vape carts, providing you with the best experience. - 510 Thread Battery - Battery Capacity: 340 MAH - Charging current: 500 mA (2.5 W) - Power output: 9.5 W max - Includes USB Charger"
019973cc-8580-776c-b011-1795a02ba88c,RAW,"CLASSIC 1 1/4"" ROLLING PAPERS - ONE SIZE - 24 PACK",MERCH,,,,,3.55,,False,raw-raw-classic-1-14-rolling-papers-24ct,,,"These premium rolling papers from RAW provide a classic, natural smoking experience. The 1 1/4"" size is perfect for your favorite cannabis flower. The unbleached, ultra-thin papers burn evenly and cleanly, allowing you to enjoy the full flavor and effects of your chosen strain."
019c345f-43bf-7bef-8324-723992ee8eea,RAW,"ORGANIC HEMP CONNOISSEUR 1 1/14"" ROLLING PAPERS W/TIPS - ONE SIZE",MERCH,,,,,3.35,,False,raw-raw-organic-hemp-connoisseur-1-114-rolling-papers-wtips,,,"Elevate your rolling experience with RAW's Organic Hemp Connoisseur Rolling Papers. These premium papers are made from 100% organic hemp and come with handy filter tips, providing a smooth, flavorless burn for your favorite cannabis flower or herbal blend."
01969c70-a4aa-7cd4-a27f-e0b4dbaf34df,RAW,RAW CLASSIC PHATTY PAPERS 32PK - ONE SIZE,MERCH,,,,,3.3,,False,raw-raw-raw-classic-phatty-papers-32pk,https://d1hhy58mqsa6c3.cloudfront.net/916928a7-444e-4ad3-bfd0-b799e8385e4d/ce4b0d59-45a4-4953-9ff1-ca029c6a5146,,"RAW Classic Phatty Papers are made for those who like to roll extra-large joints. Crafted using RAW's signature unrefined, unbleached paper, these papers are made from natural plant fibers with no additives or dyes. They feature a unique criss-cross watermark to promote even burning and prevent runs. Designed with wide dimensions to accommodate bigger rolls, the Phatty size is perfect for heavy smokers or for sharing.  RAW papers are known for their smooth and clean burn, giving a more natural smoking experience compared to bleached or flavored papers."
01951af4-10ff-7efd-b054-26d5a42ea547,RAW,RAW CLASSIC: TIPS [50PK],MERCH,,,,,2.04,,False,raw-raw-classic-tips-50pk,https://d14jfwlo68bhyr.cloudfront.net/SFilvS9G8M.webp,,"These high-quality RAW Classic rolling paper tips make it easy to roll your own joints or blunts. The 50-pack provides plenty to share with friends or keep on hand. The natural, unbleached paper burns slowly and evenly, delivering a smooth, flavorful smoking experience."
01951af4-1376-7d80-832e-520ce0c400ad,RES REMOVER,RES REMOVER 420 CLEANER,MERCH,,,,,5.05,,False,res-remover-cleaner,,,"This high-performance cleaning solution safely and effectively removes stubborn cannabis resin and residue from your pipes, rigs, and other accessories. Its powerful yet gentle formula cuts through gunk without damaging delicate glass or metal. Keep your smoking tools fresh and pristine with this essential dispensary accessory."
01961c97-520e-7ccc-9aad-2b0314a82395,REVELRY,"BRASS 1"" PADLOCK WITH COMBINATION - ONE SIZE",MERCH,,,,,8.05,,False,revelry-revelry-brass-1-padlock-with-combination,https://d1hhy58mqsa6c3.cloudfront.net/916928a7-444e-4ad3-bfd0-b799e8385e4d/04c81e58-f524-4a69-bad5-9bf6456f2ce3,,"This sturdy brass padlock with a combination lock provides a secure way to keep your valuables safe. Its compact 1-inch size makes it easy to use on bags, lockers, or anywhere you need a reliable lock. With its classic brass finish, this versatile accessory adds a touch of style to your daily carry."
019876b2-ba81-74ac-b78c-52bfa93946b8,ROVE,DESIGNER PRO BATTERY [SMOKE] - ONE SIZE,MERCH,,,,,30.05,,False,rove-rove-designer-pro-battery-smoke,https://d1hhy58mqsa6c3.cloudfront.net/916928a7-444e-4ad3-bfd0-b799e8385e4d/93a9e4e0-81f4-4749-b4c7-1b46a61ef632,,"Elevate your vaping experience with the ROVE Designer Pro Battery. This sleek, one-size-fits-all battery delivers consistent, smooth hits every time, providing a reliable and discreet way to enjoy your favorite cannabis oils."
019876f2-aaab-79e4-b7e7-2c277a1c4368,ROVE,DESIGNER PRO BATTERY [STACKED] - ONE SIZE,MERCH,,,,,30.05,,False,rove-rove-designer-pro-battery-stacked,https://d1hhy58mqsa6c3.cloudfront.net/916928a7-444e-4ad3-bfd0-b799e8385e4d/5a5a249e-bd23-4a32-9ec3-c6e397c88e64,,"This sleek, stackable battery from Rove is the perfect companion for your Rove cannabis oil cartridges. Compact yet powerful, the Designer Pro Battery delivers smooth, consistent hits every time. Its discreet, one-size-fits-all design makes it easy to use on the go, whether you're looking for a relaxing moment or a boost of creativity."
019876f0-b287-79bd-b282-41a5a7a397a2,ROVE,DIAMOND SERIES BATTERY [ORANGE] - ONE SIZE,MERCH,,,,,30.05,,False,rove-rove-diamond-series-battery-orange,https://d1hhy58mqsa6c3.cloudfront.net/916928a7-444e-4ad3-bfd0-b799e8385e4d/b12df77f-320d-428f-9147-4c7ce60ae317,,"This sleek, compact battery from Rove's Diamond Series is designed for a premium vaping experience. The durable, orange-hued body houses advanced technology to deliver consistent, smooth hits every time. Whether you're enjoying your favorite Rove cartridge or exploring new cannabis flavors, this versatile battery is a must-have accessory for any cannabis connoisseur."
019ce35c-7c2e-7f8d-bf4e-f6b57ac3705e,ROVE,ROVE SLIM BATTERY [GUN METAL] - ONE SIZE,MERCH,,,,,30.05,,False,rove-rove-rove-slim-battery-gun-metal,,,
01973c94-e458-7583-a323-0b3da2106d35,STIIIZY,STIIIZY BAR BLACK PREMIUM VAPORIZER - ONE SIZE,MERCH,,,,,46.05,"EVERYDAY DISCOUNT - STIIIZY– INFUSED FLOWER, NON-INFUSED FLOWER, PREROLLS, EXTRACT, BATTERIES - 15% OFF",True,stiiizy-stiiizy-stiiizy-bar-black-premium-vaporizer,https://d14jfwlo68bhyr.cloudfront.net/products/1782166672639-8c42cf10-4598-43c9-941a-ce4f5ce7d7db.webp,,"Your next-level THC experience. This sleek, high-powered vape battery features an innovative dual pod system, letting you mix and match strains for a customized hit. With adjustable voltage and airflow settings, you’re in total control. Designed for discretion, portability, and max battery life, the STIIIZY Bar is redefining cannabis on the go."
01951af4-15cb-7471-b0d3-d2f779574c98,STIIIZY,STIIIZY PRO BATTERY [BLACK] - ONE SIZE,MERCH,,,,,25.05,"EVERYDAY DISCOUNT - STIIIZY– INFUSED FLOWER, NON-INFUSED FLOWER, PREROLLS, EXTRACT, BATTERIES - 15% OFF",True,stiiizy-stiiizy-stiiizy-pro-battery-black,https://d1hhy58mqsa6c3.cloudfront.net/916928a7-444e-4ad3-bfd0-b799e8385e4d/7e04907f-4bb0-41e5-8488-838e80e7fe93,,"Experience the future of  THC delivery with the STIIIZY Pro. This cutting-edge vape battery features adjustable voltage settings, allowing you to tailor your experience to perfection. Designed with discreetness, portability, and convenience, the STIIIZY Pro is revolutionizing cannabis delivery systems. Elevate your experience with STIIIZY's innovative and inspiring technology."
01956283-12a5-7737-8065-cd08cd57e8a6,STIIIZY,STIIIZY PRO BATTERY [GOLD] - ONE SIZE,MERCH,,,,,30.05,"EVERYDAY DISCOUNT - STIIIZY– INFUSED FLOWER, NON-INFUSED FLOWER, PREROLLS, EXTRACT, BATTERIES - 15% OFF",True,stiiizy-stiiizy-stiiizy-pro-battery-gold,https://d1hhy58mqsa6c3.cloudfront.net/916928a7-444e-4ad3-bfd0-b799e8385e4d/e7964bec-463d-4365-9c97-43f7d1624dce,,"Experience the future of  THC delivery with the STIIIZY Pro. This cutting-edge vape battery features adjustable voltage settings, allowing you to tailor your experience to perfection. Designed with discreetness, portability, and convenience, the STIIIZY Pro is revolutionizing cannabis delivery systems. Elevate your experience with STIIIZY's innovative and inspiring technology."
01951af4-1826-76bf-8994-d92f264bf93d,TIMELESS,TV6 [1G] BATTERY AND FLIP CASE COMBO - ILLUMINARIES ARTIST LEGACY,MERCH,,,,,25.05,,False,timeless-timeless-tv6-1g-battery-and-flip-case-combo-illuminaries-artist-legacy,https://d14jfwlo68bhyr.cloudfront.net/tJQTS2aYKO.webp,,"Elevate your cannabis experience with the TIMELESS TV6 [1G] Battery and Flip Case Combo. This sleek, artist-designed set is perfect for discreet, on-the-go vaping. The powerful battery delivers reliable performance, while the stylish flip case keeps your device protected and close at hand."
01951af4-0a33-7b3e-9493-c7149c8a794e,TURN,PODPAK BATTERY [BLACK],MERCH,,,,,28.05,,False,turn-turn-podpak-battery-black,https://d14jfwlo68bhyr.cloudfront.net/banners/1772123460583-6f483b04-5ce2-435b-a649-88302694e093.webp,,"This sleek black TURN Podpak battery delivers reliable power for your cannabis vape cartridges with a compact, portable design that fits comfortably in your pocket. The universal 510-thread connection works with most standard vape cartridges, making it a versatile dispensary essential for any cannabis consumer. Perfect for discreet, on-the-go vaping sessions when you need consistent performance and style."
01951af4-0a34-774b-ba93-e7e96fd3c31a,TURN,PODPAK BATTERY [PINK] - ONE SIZE,MERCH,,,,,35.04,,False,turn-turn-podpak-battery-pink,https://d14jfwlo68bhyr.cloudfront.net/banners/1762377202962-ea6fcc55-6311-49b4-b114-37e2c76aa140.webp,,"This sleek pink vaporizer battery from Turn features a buttonless, draw-activated design that pairs exclusively with Turn PodPak cartridges for effortless cannabis consumption. The compact and portable design makes it perfect for discreet vaping sessions, while the vibrant pink finish adds a stylish pop of color to your setup."
01951af4-0a35-7d30-9271-1dd87a78b1b9,TURN,PODPAK BATTERY [WHITE],MERCH,,,,,28.05,,False,turn-turn-podpak-battery-white,https://d14jfwlo68bhyr.cloudfront.net/banners/1772123531517-d8b78fe1-306f-4498-a9e0-e3d8ecd0fa08.webp,,"This sleek white PODPAK battery from TURN delivers reliable power for your cannabis vape cartridges with premium build quality and consistent performance. The compact design fits comfortably in your hand while providing the perfect voltage for smooth, flavorful draws from your favorite concentrates. Essential dispensary accessory for any vape enthusiast looking for dependable, portable cannabis consumption."
01951af4-10ac-7b4e-83de-5da565d4e81d,VUBER TECHNOLOGIES,PULSE BATTERY,MERCH,,,,,30.05,,False,vuber-technologies-vuber-pulse-batter,https://d1hhy58mqsa6c3.cloudfront.net/916928a7-444e-4ad3-bfd0-b799e8385e4d/0026bb29-aab8-4775-9655-829307905792,,"The VUBER Pulse Battery is a high-quality vape battery designed for a smooth, consistent vaping experience. Featuring advanced technology for reliable performance, this compact battery is perfect for enjoying your favorite cannabis extracts on the go."
01951af3-d6f8-720b-bf55-cacd91687c09,WEST COAST CURE,510 THREAD BATTERY [BLACK],MERCH,,,,,15.05,,False,west-coast-cure-west-coast-cure-510-thread-battery-black,https://d14jfwlo68bhyr.cloudfront.net/ZE9lo7K3ps.webp,,"This sleek, black 510 thread battery from West Coast Cure is a reliable, go-to choice for your cannabis vaping needs. Compact and discreet, it provides a consistent, smooth draw and a long-lasting charge to power your favorite vape cartridges with ease."
019f9af3-f42e-7cb1-a82c-a705f53c4d25,ZIG ZAG,HEMP WRAPS OG PURP 2CT - ONE SIZE - 2 PACK,MERCH,,,,,1.55,,False,zig-zag-zig-zag-hemp-wraps-og-purp-2ct,,,
01951af4-0a3a-7a74-81f5-ad9d8db04b0b,ZIG ZAG,PRE-ROLLED KING CONES 3CT,MERCH,,,,,4.05,,False,zig-zag-zigzag-prerolled-king-cones-3ct,https://d1hhy58mqsa6c3.cloudfront.net/916928a7-444e-4ad3-bfd0-b799e8385e4d/2cc24f11-0dbc-4370-8892-9691b3580afb,,"You'll enjoy the convenience of these pre-rolled King Cones from Zig Zag. Each pack contains 3 large, expertly-rolled cannabis joints, perfect for sharing with friends or enjoying solo. These premium rolling papers provide an easy, hassle-free way to enjoy high-quality cannabis flower."
019cafcd-69a6-735a-923e-310e72e8d7c6,ZIG ZAG,"UNBLEACHED 1 1/4"" 2PK ROLLING PAPERS - ONE SIZE - 2 PACK",MERCH,,,,,2,,False,zig-zag-zig-zag-unbleached-1-14-2pk-rolling-papers,,,"These unbleached rolling papers from Zig Zag are a classic choice for cannabis connoisseurs. The 1 1/4"" size provides a smooth, even burn, while the natural, unbleached material ensures a pure, unadulterated smoking experience. Whether you're rolling your own or sharing with friends, these premium papers deliver a reliable, high-quality roll every time."
01951af4-1835-78f7-9a14-962e0fd8ef6f,ZIG ZAG,"UNBLEACHED CONES 1.25""",MERCH,,,,,4.25,,False,zig-zag-zigzag-unbleached-cones-1-25,https://d14jfwlo68bhyr.cloudfront.net/0T5omLADsh.webp,,"Elevate your ritual with Zig-Zag's unbleached 1.25"" pre-rolled cones. These all-natural, chlorine-free papers provide a smooth, even burn for your cannabis flower. Enjoy a pure, authentic experience without any harsh chemical aftertaste."
0195afc9-ac9a-700b-a0ea-7c6536ab2d76,ZIG ZAG,UNBLEACHED KING SIZE CONES - ONE SIZE 3PACK,MERCH,,,,,3.05,,False,zig-zag-zig-zag-unbleached-king-size-cones-3pk,https://d1hhy58mqsa6c3.cloudfront.net/916928a7-444e-4ad3-bfd0-b799e8385e4d/998b8d4b-ffe9-4cdb-8989-7e413f9a65ab,,"Elevate your rolling experience with Zig Zag's Unbleached King Size Cones. These high-quality, natural paper cones provide the perfect vessel for your favorite cannabis flower. Enjoy an easy, hassle-free roll every time with this convenient 3-pack."
01999432-557b-7f1e-84a0-50c039d9240c,ZIG ZAG,ZIG-ZAG HEMP WRAPS 2CT [BLUE DREAM FLAVOR] - ONE SIZE - 2 PACK,MERCH,,,,,2.54,,False,zig-zag-zig-zag-zigzag-hemp-wraps-2ct-blue-dream-flavor,,,"Elevate your roll with these Blue Dream-flavored hemp wraps from Zig Zag. Smooth and easy to roll, these hemp papers provide a natural, flavorful smoking experience. Enjoy the sweet, fruity notes of this sativa-leaning hybrid as you unwind."
01951af4-1934-7680-96aa-bade14460771,ZIG ZAG,"ZIG-ZAG ORANGE 1 1/4"" ROLLING PAPERS",MERCH,,,,,3.05,,False,zig-zag-zigzag-orange-1-14-rolling-papers,https://d1hhy58mqsa6c3.cloudfront.net/916928a7-444e-4ad3-bfd0-b799e8385e4d/8890cc63-c3df-40cc-9cd4-3cd7f3b91646,,"These classic orange-colored rolling papers from Zig-Zag provide a smooth, even burn for your favorite cannabis flower. The 1 1/4"" size is perfect for personal use or sharing with friends. Enjoy the subtle citrus aroma and hassle-free rolling experience."
01951af4-1937-7aa2-ad10-f94ce1e3fad4,ZIG ZAG,"ZIG-ZAG ULTRA THIN 1 1/4"" ROLLING PAPERS",MERCH,,,,,3.55,,False,zig-zag-zigzag-ultra-thin-1-14-rolling-papers,https://d1hhy58mqsa6c3.cloudfront.net/916928a7-444e-4ad3-bfd0-b799e8385e4d/dfe41af7-8cdd-4809-9b3c-ade79ca2ca43,,"These ultra-thin rolling papers from Zig Zag provide a smooth, easy-to-roll experience for your cannabis flower. The 1 1/4"" size is perfect for personal use, allowing you to create a consistent joint every time."
01951af4-1937-767b-882e-4592079b3e86,ZIG ZAG,ZIG-ZAG UNBLEACHED 1 1/4 ROLLING PAPERS,MERCH,,,,,2.65,,False,zig-zag-zig-zag-unbleached-1-14-rolling-papers,https://d1hhy58mqsa6c3.cloudfront.net/916928a7-444e-4ad3-bfd0-b799e8385e4d/03947a97-cd2c-44aa-a0ac-a8f70a7a3401,,"These unbleached 1 1/4 rolling papers from Zig Zag are the perfect choice for your next cannabis session. Made with natural, plant-based materials, these papers burn slowly and evenly to provide a smooth, flavorful smoke. Whether you're rolling up a joint or packing a bowl, Zig Zag's reliable papers ensure a hassle-free experience."
019e8961-4af8-758c-b238-1223fb6208c6,DR NORM'S,THC MAX TABLETS 2PK [100MG] INDICA - 100 MG - 2 PACK,PILL,100MG,INDICA,21.27%,,10.05,,False,dr-norms-dr-norms-thc-max-tablets-2pk-100mg-indica,,,
01951af4-142e-7ed6-a8c6-f4daa5db637d,EMERALD BAY EXTRACTS,RSO TABLET 40PK [1000MG] BLUE DREAM - 1000 MG - 40 PACK,PILL,1000MG,SATIVA,5.34%,0.01%,45.05,,False,emerald-bay-extracts-emerald-bay-extracts-rso-tablet-40pk-1000mg-blue-dream,https://d14jfwlo68bhyr.cloudfront.net/banners/1762451479148-dc8a7fe6-3894-4ef5-ba60-457efc2e2237.webp,,"These Blue Dream RSO tablets from Emerald Bay Extracts deliver the classic sativa's signature blend of creative euphoria and gentle full-body relaxation in a convenient, precisely-dosed format. Each 25mg tablet contains full-spectrum cannabis oil that provides long-lasting effects perfect for daytime creativity or unwinding without heavy sedation. The tablets offer a discreet way to experience Blue Dream's uplifting yet calming high that made this strain legendary."
01951af3-fad6-712c-8b84-bfc848b50bda,HEAVY HITTERS,LIGHTS ON TABLET 100PK [1000MG] 10:3 THC:THCV,PILL,1000MG,SATIVA,3.32%,,85.05,,False,heavy-hitters-heavy-hitters-lights-on-tablet-100pk-1000mg-103-thcthcv,https://d14jfwlo68bhyr.cloudfront.net/zbKKMWfjF0.webp,,"These sativa-leaning cannabis tablets deliver focused energy with a unique 10:3 THC to THCV ratio, perfect for daytime productivity and mental clarity. Each Heavy Hitters tablet contains 10mg of cannabinoids in an easy-to-dose format, making this 100-pack ideal for consistent, controlled consumption. The THCV component provides an uplifting, appetite-suppressing effect that pairs perfectly with the energizing THC for a clean, functional high."
01951af3-fae6-769d-a21a-178c25d30e75,HEAVY HITTERS,LIGHTS OUT TABLET 100PK [1000MG] 2:1 THC:CBN,PILL,1000MG,INDICA,3.36%,,85.05,,False,heavy-hitters-heavy-hitters-lights-out-tablet-100pk-1000mg-21-thccbn,https://d14jfwlo68bhyr.cloudfront.net/SmRr9WV1F2.webp,,"These Heavy Hitters Lights Out tablets combine 1000mg of THC with CBN in a 2:1 ratio, delivering the relaxing effects of an indica-leaning cannabis blend perfect for nighttime use. Each 100-pack of tablets offers precise dosing for deep relaxation and restful sleep. The THC:CBN combination makes these dispensary tablets ideal for unwinding after a long day or preparing for bedtime."
01951af4-16a9-7afb-bef5-016935c31ed7,HEAVY HITTERS,TABLETS 50PK [1000MG] THC INDICA,PILL,1000MG,INDICA,6.74%,,65.05,,False,heavy-hitters-heavy-hitters-tablets-50pk-1000mg-thc-indica,https://d14jfwlo68bhyr.cloudfront.net/KLdVQqtCGt.webp,,"These Heavy Hitters indica tablets deliver 1000mg of THC across 50 precisely dosed pills, perfect for controlled cannabis consumption. Each tablet provides consistent relaxation and body-calming effects ideal for evening use or unwinding after a long day. The convenient pill format makes dosing simple and discreet for experienced users seeking potent indica relief."
01951af4-16a9-71c1-a3a7-9c7acf4a05bc,HEAVY HITTERS,TABLETS 50PK [1000MG] THC SATIVA,PILL,1000MG,SATIVA,6.80%,,65.05,,False,heavy-hitters-heavy-hitters-tablets-50pk-1000mg-thc-sativa,https://d14jfwlo68bhyr.cloudfront.net/uMAD7GWQqI.webp,,"These sativa THC tablets from Heavy Hitters deliver energizing effects perfect for daytime use, with each tablet containing 20mg of THC for precise dosing. The 50-pack provides long-lasting value and consistent potency, making it ideal for cannabis users who prefer the convenience and discretion of tablets over smoking or vaping. With 1000mg total THC content, you'll experience the uplifting qualities of sativa strains in a clean, flavorless format that's easy to incorporate into your daily routine."
01951af4-18d4-7bd2-9fd1-793419adce24,KIKOKO,X TAB 20PK [1000MG] INDICA,PILL,1000MG,INDICA,8.14%,0.02%,55.05,,False,kikoko-kikoko-x-tab-20pk-1000mg-indica,https://d14jfwlo68bhyr.cloudfront.net/s6WxXPdAUo.webp,,"You'll find deep relaxation and sedation with these potent 50mg indica cannabis tablets. Infused with a full-spectrum extract, the calming effects are perfect for unwinding after a long day. Enjoy the earthy, herbal flavors as you let your body melt into a peaceful state."
01951af4-18d4-70b0-8b73-eb0cdd55eb53,KIKOKO,X TAB 20PK [1000MG] SATIVA,PILL,1000MG,SATIVA,8.13%,,55.05,,False,kikoko-kikoko-x-tab-20pk-1000mg-sativa,https://d14jfwlo68bhyr.cloudfront.net/I2HOXdLbkU.webp,,"These potent sativa cannabis tablets deliver 50mg THC per dose with energizing pinene and citrusy limonene terpenes, plus green coffee bean extract for an uplifting boost. Perfect for daytime focus and creativity, each pack contains 20 tablets totaling 1000mg THC from trusted brand KIKOKO."
01951af4-18d6-7815-8e09-327c34191c90,KIKOKO,X TAB 20PK [500MG] SLEEP - 500 MG,PILL,500MG,HYBRID,4.14%,1.75%,55.05,,False,kikoko-kikoko-x-tab-20pk-500mg-sleep,https://d14jfwlo68bhyr.cloudfront.net/ofmFb3k2LT.webp,,"These hybrid cannabis tablets deliver 25mg of THC per dose in a convenient 20-pack, specially formulated to promote restful sleep. KIKOKO's Sleep formula combines THC with complementary cannabinoids including CBD and CBN to help you unwind and drift off naturally. Perfect for nighttime use when you need reliable, long-lasting relaxation without the guesswork of dosing."
01951af3-f4bb-7af9-944f-6d4a88ed6091,LEVEL,HASHTAB 10PK [250MG] INDICA,PILL,250MG,INDICA,13.13%,0.06%,30.05,,False,level-level-hashtab-10pk-250mg-indica,https://d14jfwlo68bhyr.cloudfront.net/7ZLLV8Bq57.webp,,"These Level Hashtab indica tablets deliver 25mg of ice water hash per dose, kicking in within 30-90 minutes for deep relaxation that lasts 3-6 hours. Each scored tablet can be easily split in half for customizable dosing, making this 10-pack perfect for winding down after a long day. The clean ice water hash extraction provides a smooth, potent indica experience ideal for evening use and restful sleep."
01951af4-105d-7443-82d1-c8d04c6951a1,LEVEL,PROTAB 10PK [250MG] HYBRID,PILL,250MG,HYBRID,14.86%,0.08%,30.05,,False,level-level-protab-10pk-250mg-hybrid,https://d14jfwlo68bhyr.cloudfront.net/ZKxvgEN6fl.webp,,"These hybrid cannabis tablets from Level deliver balanced, uplifting effects with 25mg THC per swallowable tablet, taking effect in 30-90 minutes and lasting 3-6 hours. Perfect for social gatherings or replacing your evening cocktail, each scored tablet can be easily split for lighter dosing. This 10-pack of Protab edibles offers precise, discreet cannabis consumption with reliable onset times."
01951af4-1060-7208-b097-1e676c08ca96,LEVEL,PROTAB 10PK [250MG] SATIVA,PILL,250MG,SATIVA,14.48%,0.09%,30.05,,False,level-level-protab-10pk-250mg-sativa,https://d14jfwlo68bhyr.cloudfront.net/IxkqKiAN9i.webp,,"These extra-strength sativa tablets from LEVEL deliver 25mg of THC each to power you through demanding days and active pursuits. Each scored tablet kicks in within 30-90 minutes and provides 3-6 hours of energizing effects, perfect for tackling your to-do list or fueling long outdoor adventures. The convenient 10-pack gives you precise dosing control — split tablets in half for a lighter 12.5mg dose when needed."
01951af4-1074-7c47-b78c-b28d9cb607f6,LEVEL,PROTAB SINGLE [100MG] INDICA,PILL,100MG,INDICA,14.98%,0.16%,5.05,,False,level-level-protab-single-100mg-indica,https://d14jfwlo68bhyr.cloudfront.net/eJmdOLasvi.webp,,"This 100mg THC indica tablet from LEVEL delivers potent, long-lasting relaxation in a convenient, precisely-dosed format. Perfect for evening wind-down or deep rest, this cannabis edible provides the classic indica effects you're seeking with the reliability of pharmaceutical-grade tablet technology. Simply swallow and wait for the full-body calm to set in."
01951af4-1075-7562-a12c-56a427821ecc,LEVEL,PROTAB SINGLE [100MG] SATIVA,PILL,100MG,SATIVA,15.50%,0.14%,5.05,,False,level-level-protab-single-100mg-sativa,https://d14jfwlo68bhyr.cloudfront.net/DmKUZdfraV.webp,,"This LEVEL Protab single tablet delivers 100mg of THC in a precise sativa formulation designed for uplifting, energizing effects. The convenient tablet format makes dosing simple and discreet, perfect for daytime use when you want focus and creativity without the guesswork of traditional edibles."
01951af4-1076-7055-aba2-5fd11539405b,LEVEL,PROTAB+ 10PK [100MG] RECOVER THCA + CBDA + CBG + CBC,PILL,100MG,CBD,6.45%,6.01%,30.05,,False,level-level-protab-10pk-100mg-recover-thca-cbda-cbg-cbc,https://d14jfwlo68bhyr.cloudfront.net/7qfYEJTtN8.webp,,"These extra-strength LEVEL Protab+ tablets combine 10mg THCa, 10mg CBDa, 5mg CBG, and 3mg CBC in a precise cannabinoid formula designed for post-workout recovery and discomfort relief. Each scored tablet can be easily split in half, with effects typically lasting 3-6 hours and onset beginning within 30-90 minutes. Start with half a tablet as these cannabis concentrates are more potent than typical edibles, making them ideal for targeted recovery sessions."
01951af4-1079-7385-9914-0b932636d655,LEVEL,PROTAB+ 10PK [200MG] LIGHTS OUT THC + CBN + CBG,PILL,200MG,INDICA,11.96%,0.17%,30.05,,False,level-level-protab-10pk-200mg-lights-out-thc-cbn-cbg,https://d14jfwlo68bhyr.cloudfront.net/rOJhZw1cFI.webp,,"These indica-dominant cannabis tablets combine 20mg THC with sleep-promoting CBN and relaxing CBG to deliver deep nighttime relaxation. Each scored tablet takes effect in 30-90 minutes and provides 3-6 hours of restful effects, perfect for winding down after a long day. Start with half a tablet if you're new to LEVEL's Protab+ edibles, as they're more potent than typical cannabis edibles."
01951af4-136f-7406-af50-bb3b80df5126,PAPA & BARKLEY,RELEAF CAPSULES 20PK [1000MG] THC50 - 1000 MG,PILL,1000MG,HYBRID,7.62%,0.37%,60.05,,False,papa-barkley-papa-barkley-releaf-capsules-20pk-1000mg-thc50,https://d14jfwlo68bhyr.cloudfront.net/1FjxMPdBm3.webp,,"Papa & Barkley's Releaf capsules deliver precise 50mg THC doses in convenient pill form, perfect for consistent cannabis effects without smoking or vaping. Each hybrid capsule provides long-lasting relief that's ideal for managing discomfort throughout your day or evening routine. The 20-pack format ensures you always have reliable, discreet THC capsules on hand from this trusted cannabis wellness brand."
01951af4-169e-7844-b1c3-7d0e6308bb81,THE TABLET,TABLET 20PK [1000MG] SATIVA,PILL,1000MG,SATIVA,12.64%,,40.04,,False,the-tablet-the-tablet-tablet-20pk-1000mg-sativa,https://d14jfwlo68bhyr.cloudfront.net/FlKeQ5Dupr.webp,,"Unlock a burst of focused energy and creativity with THE TABLET's 20-pack of 1000mg sativa cannabis tablets. These convenient, discreet capsules deliver a potent, uplifting experience perfect for daytime use or social activities. Enjoy a smooth, balanced high without the smokiness."
01951af4-16a0-742d-96d5-1a6b0ed72ae9,THE TABLET,TABLET 50PK [1000MG] INDICA,PILL,1000MG,INDICA,5.63%,,40.04,,False,the-tablet-the-tablet-tablet-50pk-1000mg-indica,https://d14jfwlo68bhyr.cloudfront.net/CMN9SLQaVm.webp,,"Relax and unwind with these full-spectrum cannabis tablets. Each convenient 50-pack contains 1000mg of potent indica-dominant extract, perfect for an evening of deep relaxation. Discreet and easy to dose, these tablets offer a smooth, calming experience you can enjoy anytime."
01951af4-16a1-7e9d-ae5f-1588a6847126,THE TABLET,TABLET 50PK [1000MG] SATIVA,PILL,1000MG,SATIVA,5.83%,,40.04,,False,the-tablet-the-tablet-tablet-50pk-1000mg-sativa,https://d14jfwlo68bhyr.cloudfront.net/8Pcmi1zsrl.webp,,"Unlock your creativity and energize your day with The Tablet 50-pack [1000mg] Sativa cannabis tablets. This potent sativa-dominant formulation delivers a focused, uplifting experience to help you tackle tasks with clarity and enthusiasm. Discreet and convenient, these cannabis tablets are an easy way to enjoy the benefits of a sativa strain anytime."
019a992d-3a37-7dc1-9179-16e38102908b,HEARTROCK MOUNTAIN FARM,AUTOFLOWER SEEDS FEM [5CT] GOLDEN LEMONS - 5 PACK,PLANT,,HYBRID,,,55,,False,heartrock-mountain-farm-heartrock-mountain-farm-autoflower-seeds-fem-5ct-golden-lemons,,,"A delightful hybrid cannabis strain, Golden Lemons autoflower seeds offer a balanced, energizing experience. Expect a bright, citrusy aroma and a smooth, uplifting high that's perfect for daytime activities. These feminized seeds are easy to grow and produce vibrant, resin-coated buds."
019a992c-bc8e-74f0-bb51-cca1fa57be9b,HEARTROCK MOUNTAIN FARM,AUTOFLOWER SEEDS FEM [5CT] PURE ROYAL LION - 5 PACK,PLANT,,HYBRID,,,55,,False,heartrock-mountain-farm-heartrock-mountain-farm-autoflower-seeds-fem-5ct-pure-royal-lion,,,"This 5-pack of autoflowering cannabis seeds from Heartrock Mountain Farm offers a balanced hybrid experience. The Pure Royal Lion strain delivers a smooth, uplifting high with a complex aroma and flavor profile. Suitable for both day and nighttime use, these feminized seeds are a great choice for home growers seeking a reliable, high-quality cannabis crop."
019a9929-b110-73e5-a4d9-a4bc09619b5c,HEARTROCK MOUNTAIN FARM,SEEDS NON-FEM [10CT] BANANA SKUNK BAIT - 10 PACK,PLANT,,HYBRID,,,85,,False,heartrock-mountain-farm-heartrock-mountain-farm-seeds-nonfem-10ct-banana-skunk-bait,,,"Discover the alluring Banana Skunk Bait seeds from Heartrock Mountain Farm. This hybrid strain offers a unique blend of aromas and effects, perfect for the adventurous cannabis enthusiast. Embrace the mystery and potential of these non-feminized seeds, ready to cultivate your own captivating cannabis journey."
019a9929-2260-7894-a200-e52f506e11ef,HEARTROCK MOUNTAIN FARM,SEEDS NON-FEM [10CT] BLUE THUNDER F4 - 10 PACK,PLANT,,INDICA,,,85,,False,heartrock-mountain-farm-heartrock-mountain-farm-seeds-nonfem-10ct-blue-thunder-f4,,,"Unlock the potential of the Blue Thunder F4 with this 10-pack of non-feminized cannabis seeds from Heartrock Mountain Farm. This indica-dominant strain delivers a relaxing, full-body experience perfect for unwinding after a long day. Expect a rich, earthy aroma and a smooth, flavorful smoke that'll have you feeling calm and content."
019a9928-8abb-7b6f-a65b-931b044485bf,HEARTROCK MOUNTAIN FARM,SEEDS NON-FEM [10CT] CHERRY LOTUS HAZE - 10 PACK,PLANT,,SATIVA,,,85,,False,heartrock-mountain-farm-heartrock-mountain-farm-seeds-nonfem-10ct-cherry-lotus-haze,,,"This 10-pack of Cherry Lotus Haze seeds offers a sativa-dominant cannabis experience. Expect an uplifting, energizing high with a sweet, floral aroma and flavor profile. These non-feminized seeds are perfect for experienced home growers looking to cultivate their own premium sativa strain."
019a9928-0152-715e-b321-10bc3b029c90,HEARTROCK MOUNTAIN FARM,SEEDS NON-FEM [10CT] GMOB F3 - 10 PACK,PLANT,,HYBRID,,,85,,False,heartrock-mountain-farm-heartrock-mountain-farm-seeds-nonfem-10ct-gmob-f3,,,"This 10-pack of non-feminized cannabis seeds from Heartrock Mountain Farm offers a unique hybrid experience. Grow your own GMOB F3 plants and discover the balanced effects and complex flavors of this versatile strain. Whether you're an experienced grower or just getting started, these high-quality seeds are a solid choice for cultivating your own premium cannabis at home."
019a9927-6720-7e82-a7c2-ff1bdae8a645,HEARTROCK MOUNTAIN FARM,SEEDS NON-FEM [10CT] LAUGHING JAGUAR - 10 PACK,PLANT,,CBD,,,85,,False,heartrock-mountain-farm-heartrock-mountain-farm-seeds-nonfem-10ct-laughing-jaguar,,,"Experience the pure, natural essence of the Laughing Jaguar CBD seeds from Heartrock Mountain Farm. These non-feminized hemp seeds offer a balanced, relaxing CBD profile perfect for cultivating your own premium cannabis plants. Discover the joy of growing your own high-quality CBD-rich crop with this 10-pack of premium, lab-tested seeds."
019a9926-c289-7b85-baaa-8647bc07d321,HEARTROCK MOUNTAIN FARM,SEEDS NON-FEM [10CT] SERVICE DOG CBD - 10 PACK,PLANT,,CBD,,,85,,False,heartrock-mountain-farm-heartrock-mountain-farm-seeds-nonfem-10ct-service-dog-cbd,,,"A pack of 10 non-feminized cannabis seeds from Heartrock Mountain Farm. Service Dog CBD is a high-CBD, low-THC strain perfect for daytime use or those seeking the therapeutic benefits of cannabis without the psychoactive effects. These seeds are ideal for the experienced home grower looking to cultivate their own CBD-rich plants."
019a9926-2761-7ec5-90f1-b97fa30ea935,HEARTROCK MOUNTAIN FARM,SEEDS NON-FEM [10CT] SIRIUS RISING OG - 10 PACK,PLANT,,INDICA,,,85,,False,heartrock-mountain-farm-heartrock-mountain-farm-seeds-nonfem-10ct-sirius-rising-og,,,"Experience the power of the Sirius Rising OG with this 10-pack of non-feminized cannabis seeds from Heartrock Mountain Farm. This indica-dominant strain delivers a deeply relaxing and sedative high, perfect for winding down after a long day. Expect earthy, pungent flavors with hints of pine and spice."
019a9925-97ab-7200-8547-7194b2d8c3f3,HEARTROCK MOUNTAIN FARM,SEEDS NON-FEM [10CT] SWAZI GOLD F7 - 10 PACK,PLANT,,SATIVA,,,85,,False,heartrock-mountain-farm-heartrock-mountain-farm-seeds-nonfem-10ct-swazi-gold-f7,,,"Unlock the potential of the legendary Swazi Gold strain with this 10-pack of non-feminized cannabis seeds from Heartrock Mountain Farm. This sativa-dominant variety offers an uplifting and energizing experience, perfect for daytime use or creative pursuits. Discover the rich, earthy flavors and aromas of this classic African landrace strain."
019a9924-ee37-7623-82c0-0b0d2e3ac572,HEARTROCK MOUNTAIN FARM,SEEDS NON-FEM [10CT] VELVET KOFFEE - 10 PACK,PLANT,,HYBRID,,,85,,False,heartrock-mountain-farm-heartrock-mountain-farm-seeds-nonfem-10ct-velvet-koffee,,,"A balanced hybrid strain, Velvet Koffee seeds offer a versatile cannabis experience. Expect a smooth, velvety aroma with notes of coffee and chocolate, complemented by a calming, uplifting high that's perfect for daytime use. These non-feminized seeds are ideal for cultivators looking to explore the unique qualities of this hybrid variety."
01a066d9-7f3e-72a6-b90d-c421147e8fbf,ALIEN LABS,ALIEN FINGER PREROLL [1G] SKYLINE HAZE X PLANET RED X GEMINI - 1 G,PREROLL,1G,,33.27%,0.10%,25.05,,False,alien-labs-alien-labs-alien-finger-preroll-1g-skyline-haze-x-planet-red-x-gemini,https://d14jfwlo68bhyr.cloudfront.net/products/1788869934463-4f20c7be-0d99-4fc6-8647-c9934aba1711.webp,,"Alien Labs' Alien Finger infused preroll packs a serious punch with 33.3% THC, making this 1g cannabis preroll one of the heavier hitters you'll find at the dispensary. The Skyline Haze x Planet Red x Gemini strain blend brings together a complex, multi-layered smoke that's bold from first light to last. Reach for this when the night calls for something potent and unhurried."
01951af4-0e4c-74be-8d89-10e09837f33b,ALIEN LABS,PREROLL [1G] ATOMIC APPLE,PREROLL,1G,HYBRID,28.30%,0.09%,12.05,,False,alien-labs-alien-labs-preroll-1g-atomic-apple,https://d14jfwlo68bhyr.cloudfront.net/1p4oZz8F55.webp,,"The Alien Labs Atomic Apple Pre-Roll (1g) is a high-performance hybrid that has become one of the most sought-after ""flavor"" strains in the Alien Labs lineup. This cultivar is an in-house creation, crossing the legendary Triangle Mints with their own Apple Fritter.  As with all Alien Labs singles, this pre-roll is packed with 100% premium indoor-grown whole flower. It is designed for the connoisseur who wants a ""loud"" aromatic profile paired with an intense, long-lasting high."
019afcc3-d950-7d86-8c79-7011bf12ba67,ALMORA FARM,INFUSED PREROLL 5PK [2.5G] APPLE MAC - 2.5 G - 5 PACK,PREROLL,2.5G,HYBRID,34.97%,,32.04,THURSDAY – Q4 DAILY DEALS – ALMORA– PREROLLS,True,almora-farm-almora-farm-infused-preroll-5pk-2-5g-apple-mac,https://d14jfwlo68bhyr.cloudfront.net/banners/1767541673276-7789a6df-3c1d-4010-b5c6-8e995c5cf4a8.webp,,"The Almora Farm Apple MAC Artisan Infused Pre-Roll 5-Pack (2.5g total) is a high-potency, ""flavor-forward"" hybrid designed for a balanced, creative, and uplifting experience. Almora Farm is known for its sun-grown, estate-bottled approach in California, and these ""Artisan Infused"" joints take their premium whole flower to the next level by infusing it with Artisan Cannabis Oil and coating it in fresh hash.  This combination results in a potent THC range typically between 35% – 42%, offering a much deeper and longer-lasting effect than standard sun-grown pre-rolls."
019b0510-56db-75df-88e2-4dfc4e711563,ALMORA FARM,INFUSED PREROLL 5PK [2.5G] GRAPE APE - 2.5 G - 5 PACK,PREROLL,2.5G,INDICA,32.85%,,32.04,THURSDAY – Q4 DAILY DEALS – ALMORA– PREROLLS,True,almora-farm-almora-farm-infused-preroll-5pk-2-5g-grape-ape,https://d14jfwlo68bhyr.cloudfront.net/banners/1767542447105-296e7317-8c6f-4dc8-813a-d0d515c95f41.webp,,"The Almora Farm Grape Ape Artisan Infused Pre-Roll 5-Pack (2.5g total) is a high-potency, ""knockout"" Indica designed for serious relaxation and flavor enthusiasts. Part of Almora’s Artisan line, these joints feature sun-grown, estate-bottled whole flower that is infused with Artisan Cannabis Oil and coated in a layer of freshly sifted hash. This dual-infusion process results in an impressive THC range, typically testing between 36% – 42%, making it one of the hardest-hitting options in their catalog.  This legendary cultivar is a three-way cross of Mendocino Purps, Skunk, and Afghani, perfectly capturing the ""old-school"" California purple experience."
019afcc2-7cac-7ecd-884b-a3c2c18e0ca8,ALMORA FARM,INFUSED PREROLL 5PK [2.5G] HIBISCUS SUNRISE - 2.5 G - 5 PACK,PREROLL,2.5G,SATIVA,32.97%,,32.04,THURSDAY – Q4 DAILY DEALS – ALMORA– PREROLLS,True,almora-farm-almora-farm-infused-preroll-5pk-2-5g-hibiscus-sunrise,https://d14jfwlo68bhyr.cloudfront.net/banners/1767542589252-167b8151-1df1-4e84-ac44-f0d559916c24.webp,,"The Almora Farm Hibiscus Sunrise Artisan Infused Pre-Roll 5-Pack (2.5g total) is a vibrant, high-potency Sativa-dominant experience often referred to as ""Beach Chair Weed."" As part of Almora’s Artisan line, these joints are crafted with premium sun-grown flower that is infused with concentrated cannabis oil and coated in a layer of freshly sifted hash. This triple-threat combination results in a staggering THC range of 32% – 42%, delivering a long-lasting high that is both physically relaxing and mentally bright.  This tropical cultivar is a cross between Hawaiian Sunrise and Gupta Kush, expertly balancing landrace-inspired energy with deep Kush stability."
019db8ef-313f-701d-8bad-a7ecf6ae67b9,ALMORA FARM,PREROLL 14PK [7G] JELLY CAKE - 7 G - 14 PACK,PREROLL,7G,INDICA,22.95%,0.08%,38.04,THURSDAY – Q4 DAILY DEALS – ALMORA– PREROLLS,True,almora-farm-almora-farm-preroll-14pk-7g-jelly-cake,https://d14jfwlo68bhyr.cloudfront.net/products/1775723897348-adade7fe-b51b-46ae-9db9-42cd5a4ae1e7.webp,,
019ffb2d-635f-7fcd-8fa3-b964bb2bf4bd,ALMORA FARM,PREROLL 14PK [7G] PACK MULE - 7 G - 14 PACK,PREROLL,7G,INDICA,23.36%,,38.04,THURSDAY – Q4 DAILY DEALS – ALMORA– PREROLLS,True,almora-farm-almora-farm-preroll-14pk-7g-pack-mule,https://d14jfwlo68bhyr.cloudfront.net/products/1786691935375-01fb9735-031b-409f-a761-093ea0790dcf.webp,,"""PACK MULE IS A HEAVY, OLD-SCHOOL LEANING INDICA THAT BRINGS FORWARD DEEP EARTHY KUSH, WOODY SPICE, AND A SUBTLE SWEET FUNK UNDERNEATH. THE NOSE IS DENSE AND GROUNDED — EARTH, HASH, AND A FAINT MUSKY SWEETNESS. THE INHALE IS THICK AND RESINOUS, WHILE THE EXHALE LEAVES A DRY, SLIGHTLY SPICY FINISH WITH A LINGERING EARTHY DEPTH. THE HIGH SETTLES IN SLOW BEHIND THE EYES, BRINGING A HAZY, SPACEY CALM BEFORE EASING INTO A FULL, WEIGHTY BODY MELT.  PHENOTYPE: INDICA LINEAGE: GMO × LURCH FLAVOR PROFILE: EARTHY KUSH, WOODY SPICE, MUSKY SWEET EFFECT PROFILE: HEAVY, SPACEY, RELAXED  THIS STATEMENT HAS NOT BEEN EVALUATED BY THE FOOD AND DRUG ADMINISTRATION. THIS PRODUCT IS NOT INTENDED TO DIAGNOSE, TREAT, CURE, OR PREVENT ANY DISEASE."""
01a007a7-e1cb-7fa4-8325-d7393d69f773,ALMORA FARM,PREROLL 14PK [7G] SOUR LEOPARD - 7 G - 14 PACK,PREROLL,7G,SATIVA,28.10%,0.25%,38.04,THURSDAY – Q4 DAILY DEALS – ALMORA– PREROLLS,True,almora-farm-almora-farm-preroll-14pk-7g-sour-leopard,https://d14jfwlo68bhyr.cloudfront.net/products/1786691873268-009fb80c-b1ea-46ca-92e8-40db7b6abd60.webp,,
019cbf5d-6b77-7144-aa0e-5dd36cb417db,ALMORA FARM,PREROLL 14PK [7G] WHITE RASPBERRY - 7 G - 14 PACK,PREROLL,7G,INDICA,27.45%,0.07%,38.04,THURSDAY – Q4 DAILY DEALS – ALMORA– PREROLLS,True,almora-farm-almora-farm-preroll-14pk-7g-white-raspberry,https://d14jfwlo68bhyr.cloudfront.net/banners/1771819407919-444eda45-42f3-496c-8aeb-17e5c6f4e569.webp,,
01975aa7-c769-723d-b01f-38c89dcf117b,BRITE LABS,PREROLL [1G] GLITTER BOMB - 1 G,PREROLL,1G,HYBRID,25.04%,,5.05,,False,brite-labs-brite-labs-preroll-1g-glitter-bomb,https://d1hhy58mqsa6c3.cloudfront.net/916928a7-444e-4ad3-bfd0-b799e8385e4d/608643de-d5f1-4067-910f-26764793e178,,"The Brite Labs Glitter Bomb (1g Preroll) is a high-potency, full-spectrum hybrid that captures the ""blingy"" and dramatic essence of its Compound Genetics lineage. By merging the fuel-heavy Grape Gas with the berry-infused OGKB Blueberry Headband, Brite Labs has produced a sun-grown preroll that delivers an explosive flavor profile of sweet grape cough syrup and tangy diesel. Testing at a robust 26% THC, Glitter Bomb offers a sophisticated ""creeper"" high: it starts with a cerebral rush of giggly euphoria before transitioning into a warm, full-body tingle. It is the perfect choice for the experienced consumer looking for a versatile ""evening-starter""—strong enough to melt away the day’s physical tension, but euphoric enough to keep you focused on a movie, a conversation, or a creative hobby."
019db8f1-4381-727c-8866-f36c1d9eafff,CALI LOVE,PREROLL 6PK [3.5G] BLUE MARKER - 3.5 G - 6 PACK,PREROLL,3.5G,HYBRID,18.96%,,25.05,,False,cali-love-cali-love-preroll-6pk-3-5g-blue-marker,https://d14jfwlo68bhyr.cloudfront.net/products/1777297158259-611f5b2b-0ade-453c-8a66-64d746ff6094.webp,,"Enjoy a convenient and potent cannabis experience with this 6-pack of Blue Marker pre-rolls from Cali Love. This hybrid strain delivers a balanced, full-bodied high perfect for social gatherings or creative activities. The smooth, flavorful smoke features a complex aroma and hints of citrus."
019db8f0-a770-79b7-95a4-79dee64a3516,CALI LOVE,PREROLL 6PK [3.5G] BLUE PLATINUM - 3.5 G - 6 PACK,PREROLL,3.5G,HYBRID,18.95%,,25.05,,False,cali-love-cali-love-preroll-6pk-3-5g-blue-platinum,https://d14jfwlo68bhyr.cloudfront.net/products/1777297174532-a6d844c3-19d2-4854-b2f5-949330ce39a0.webp,,"Elevate your day with this premium 6-pack of pre-rolled Blue Platinum hybrid cannabis. Offering a balanced, full-spectrum experience, these expertly crafted joints deliver a smooth, flavorful smoke with a well-rounded, uplifting high. Enjoy the convenience of this versatile hybrid perfect for social gatherings or solo relaxation."
019ed639-1758-7ed4-8e8d-6a5112036769,CALI LOVE,PREROLL 6PK [3.5G] PINK DRINK - 3.5 G - 6 PACK,PREROLL,3.5G,HYBRID,23.94%,,25.05,,False,cali-love-cali-love-preroll-6pk-3-5g-pink-drink,,,
019db8ed-67ab-747e-ba7b-62b8d2e170ef,CALI LOVE,PREROLL [1G] BANANA MINTS - 1 G,PREROLL,1G,INDICA,23.64%,,7.05,,False,cali-love-cali-love-preroll-1g-banana-mints,https://d14jfwlo68bhyr.cloudfront.net/products/1777298174167-4729cf40-7c50-4fb7-8725-59a2d28bd284.webp,,"Unwind with the mellow, relaxing effects of Cali Love's Banana Mints pre-roll. This indica-dominant strain offers a sweet, creamy aroma and smooth, calming experience perfect for unwinding after a long day."
019db8ee-844b-7023-ae79-16d047d70b32,CALI LOVE,PREROLL [1G] BLUE DREAM - 1 G,PREROLL,1G,SATIVA,24.83%,,7.05,,False,cali-love-cali-love-preroll-1g-blue-dream,https://d14jfwlo68bhyr.cloudfront.net/products/1777298249223-4a7691ed-729b-49c8-8532-6663d6b8c454.webp,,"Experience the classic sativa effects of Blue Dream in this pre-rolled 1g joint from Cali Love. Enjoy an uplifting, cerebral high that can spark creativity and boost your mood. The sweet, berry-like aroma and flavor make this a crowd-pleasing choice for any time of day."
019db8ee-0fd9-7607-a6c0-1dbee3a631a6,CALI LOVE,PREROLL [1G] GORILLA GLUE - 1 G,PREROLL,1G,HYBRID,24.37%,,7.05,,False,cali-love-cali-love-preroll-1g-gorilla-glue,https://d14jfwlo68bhyr.cloudfront.net/products/1777298285727-25be04e1-a59b-4e41-9a6b-9b14966c1d2f.webp,,"Enjoy the classic Gorilla Glue hybrid in a convenient 1g pre-roll from Cali Love. This balanced strain delivers a smooth, aromatic smoke with a potent, full-bodied effect that's great for relaxation or socializing. The Gorilla Glue pre-roll is perfect for those seeking a reliable cannabis experience."
019fcc54-7be2-7178-a5d5-9eaf64e23626,CAM,PREROLL [1G] BLUE LOBSTER - 1 G,PREROLL,1G,,23.62%,0.19%,12.05,,False,cam-cam-preroll-1g-blue-lobster,https://d14jfwlo68bhyr.cloudfront.net/products/1786631330856-843c9cde-d263-424d-95e2-fb291396720b.webp,,"The CAM Blue Lobster pre-roll is a 1g cannabis pre-roll packing a potent 23.6% THC with THCA levels reaching 26.4%, making it a strong choice for experienced consumers looking for a hard-hitting smoke. No flavor or terpene data is listed, but the Blue Lobster strain name hints at something cool and distinct — worth picking up from the dispensary menu if you're chasing serious potency in a ready-to-smoke format."
019fcc52-728b-7c17-a683-2ac3396d3fb5,CAM,PREROLL [1G] MOTORBREATH - 1 G,PREROLL,1G,,25.48%,0.21%,12.05,,False,cam-cam-preroll-1g-motorbreath,https://d14jfwlo68bhyr.cloudfront.net/products/1786631383428-a48769e0-aa63-403c-8b73-c804f996e974.webp,,"This CAM Motorbreath pre-roll packs 25.48% THC into a ready-to-spark 1g cannabis flower pre-roll built for serious indica lovers — expect heavy, fuel-forward flavor with earthy, diesel undertones that hit hard and fast. Motorbreath is known for delivering deep body relaxation and a sedating, stress-melting effect that makes it best suited for unwinding at the end of the day. Pick this one up at the dispensary when you're done with obligations and ready to sink in."
019fcc50-5305-78cc-915e-4fdf579beafd,CAM,PREROLL [1G] SHERBERT BX1 - 1 G,PREROLL,1G,,23.40%,0.19%,12.05,,False,cam-cam-preroll-1g-sherbert-bx1,https://d14jfwlo68bhyr.cloudfront.net/products/1786631406633-204eaa0b-decc-4b57-9041-9df4f8077da6.webp,,"This CAM pre-roll brings Sherbert BX1 cannabis to life in a ready-to-spark 1-gram format, testing at a potent 23.4% THC for a well-rounded, heavy-hitting session. Sherbert BX1 is known for its sweet, dessert-like character with creamy and fruity notes that make each draw smooth and flavorful. Best suited for unwinding in the evening, this pre-roll is a solid pick for anyone at the dispensary looking for a high-THC flower experience without the prep work."
0197f59d-eda3-75f6-95bb-d5e7d3908008,CANNABIOTIX,PREROLL 4PK [2G] TROPICANNA - 2 G - 4 PACK,PREROLL,2G,HYBRID,23.86%,0.07%,28.05,,False,cannabiotix-cannabiotix-preroll-4pk-2g-tropicanna,https://d1hhy58mqsa6c3.cloudfront.net/916928a7-444e-4ad3-bfd0-b799e8385e4d/e7d19a60-b36f-4b00-a7c8-1cb886ecd872,,"The CBX Tropicanna 4-Pack is a connoisseur’s essential for those who prioritize flavor above all else. By doubling down on the Tangie lineage, CBX has created a smoke that tastes exactly like fresh tropical fruit. These 0.5g ""mini"" joints are the perfect size for a quick ""flavor burst"" throughout the day or for sharing a vibrant social session with friends. It is a slow-burning, aromatic, and incredibly happy smoke that represents the pinnacle of modern sativa breeding."
01a06dcb-5b37-7f54-bb9a-bd42c3389217,CANNABIOTIX,PREROLL [0.75G] ZAALANDER - 0.75 G,PREROLL,0.75G,HYBRID,21.15%,0.05%,10.05,,False,cannabiotix-cannabiotix-preroll-0-75g-zaalander,,,
01a06e02-4bb2-7875-b3c2-00ddadb3a996,CGO,HASH HOLE INFUSED PREROLL [1.6G] LONDON RAIN X EUROZ - 1.6 G,PREROLL,1.6G,,38.56%,0.10%,50.05,CGO - 30% OFF,True,cgo-cgo-hash-hole-infused-preroll-1-6g-london-rain-x-euroz,https://d14jfwlo68bhyr.cloudfront.net/products/1788625835046-5d6ce950-8ce6-4dfc-974d-eb9be7592dcd.webp,,
01a06e02-4bb6-7561-9029-564af872393f,CGO,HASH HOLE INFUSED PREROLL [1.6G] ZOOSH X SOUR DIESEL - 1.6 G,PREROLL,1.6G,,27.14%,,50.05,CGO - 30% OFF,True,cgo-cgo-hash-hole-infused-preroll-1-6g-zoosh-x-sour-diesel,https://d14jfwlo68bhyr.cloudfront.net/products/1788625853950-45bfcfc5-7806-44ef-bdd0-8fd299fcb891.webp,,
01a06949-d60b-7828-8639-a750a3de746a,CGO,MINI HASH HOLE INFUSED PREROLL [1.2G] AM PM X GOVERNMENT OASIS - 1.2 G,PREROLL,1.2G,HYBRID,30.43%,,42.05,CGO - 30% OFF,True,cgo-cgo-mini-hash-hole-infused-preroll-1-2g-am-pm-x-government-oasis,https://d14jfwlo68bhyr.cloudfront.net/products/1788624824847-4823d3e3-e84c-470f-8bc8-27082d8fe333.webp,,"A heavy sedation after this hashhole. Flavors of gassy and earthy notes paired with a pungent Sharp mint, funky garlic/diesel, and sour lemon-lime with creamy herbal undertones for the rosin pairing."
01a06947-eacd-70c7-96d8-083b9937b772,CGO,MINI HASH HOLE INFUSED PREROLL [1.2G] BIRKINZ X Z28 - 1.2 G,PREROLL,1.2G,HYBRID,33.81%,0.10%,42.05,CGO - 30% OFF,True,cgo-cgo-mini-hash-hole-infused-preroll-1-2g-birkinz-x-z28,https://d14jfwlo68bhyr.cloudfront.net/products/1788625574708-37871ee2-d4c4-4657-9a40-5c3f8803fd08.webp,,"dessert gas or gelato descendant hybrid flavor paired with a sweet floral candied like treat. A very relaxing, smooth flavor we'll have you feeling great."
01a06977-1a2b-7625-ae3f-4f4e40ac7abc,CGO,MINI HASH HOLE INFUSED PREROLL [1.2G] BUNCHES OF BERRIES X BANANA PUNCH - 1.2 G,PREROLL,1.2G,HYBRID,31.91%,,42.05,CGO - 30% OFF,True,cgo-cgo-mini-hash-hole-infused-preroll-1-2g-bunches-of-berries-x-banana-punch,https://d14jfwlo68bhyr.cloudfront.net/products/1788625769129-bbf9f5c4-c3d5-4bfa-956d-eadfac1146c8.webp,,"Berry's very tropical flavor more of a fruity terp paired with Sweet ripe banana, tropical berries, and subtle citrus. Fruity and earthy with a soft, sweet herbal finish"
01a04996-37a0-775b-abd5-c7376b178869,CHICO'S BEST,PASS THE MARY JANE PREROLL [1G] CHILL PURPLE FIRE WATER - 1 G,PREROLL,1G,,21.43%,,5.05,EVERYDAY DISCOUNT - CHICO'S BEST - 30% OFF,True,chicos-best-chicos-best-pass-the-mary-jane-preroll-1g-chill-purple-fire-water,https://d14jfwlo68bhyr.cloudfront.net/products/1787156375455-7b615e12-7022-48b7-83cc-ccf784c6e36f.webp,,
01a04996-a056-7bfb-81c8-137890839fe2,CHICO'S BEST,PASS THE MARY JANE PREROLL [1G] COMBO TAXI DRIVER - 1 G,PREROLL,1G,,20.05%,,5.05,EVERYDAY DISCOUNT - CHICO'S BEST - 30% OFF,True,chicos-best-chicos-best-pass-the-mary-jane-preroll-1g-combo-taxi-driver,https://d14jfwlo68bhyr.cloudfront.net/products/1787155453022-fc500430-5013-428b-b88e-ad9022700339.webp,,
01a04996-d44e-76a6-84f0-26be26cd73a6,CHICO'S BEST,PASS THE MARY JANE PREROLL [1G] INSPIRE CUCKOO'S NEST - 1 G,PREROLL,1G,,20.90%,,5.05,EVERYDAY DISCOUNT - CHICO'S BEST - 30% OFF,True,chicos-best-chicos-best-pass-the-mary-jane-preroll-1g-inspire-cuckoos-nest,https://d14jfwlo68bhyr.cloudfront.net/products/1787155470717-a92420fa-1612-469c-ab86-49ff5038766e.webp,,
01951af3-f10d-7caa-bb64-1db519de7a74,CLAYBOURNE CO,FLYERS DIAMOND INFUSED PREROLL 5PK [2.5G] CHERRY HEARTS - 2.5 G - 5 PACK,PREROLL,2.5G,HYBRID,43.96%,0.04%,35.04,,False,claybourne-co-claybourne-co-flyers-diamond-infused-preroll-5pk-2-5g-cherry-hearts,https://d14jfwlo68bhyr.cloudfront.net/banners/1764031283814-ed65c7be-2250-43e3-970c-06fceac31359.webp,,"Our most potent pre-rolls just got a tune-up. Introducing Flyers Diamond Infused Gold Cuts, the newest addition to our ultra-premium, Gold Cuts line. Crafted from premium indoor full-nug flower and infused with crushed pure THCa diamonds, these pre-rolls deliver an ultra potent experience with true flower flavor worthy of the Gold Cuts name. Available In: (1g) 2-Packs & (2.5g) 5-Packs. _____  Sweet and sour with fruity power, Cherry Hearts is a balanced hybrid with an irresistible profile of sweet cherry, pungent gas, and lemon sour citrus. You’ll fall head over heels for its heavy body high and stoney allure without being overly sedated, a well balanced experience that’s sweet on the lips.  Profile: Fruit, Berry, Citrus"
01951af3-f10f-7259-961c-70179199e1bb,CLAYBOURNE CO,FLYERS DIAMOND INFUSED PREROLL 5PK [2.5G] COBRA KUSH,PREROLL,2.5G,HYBRID,52.68%,,35.04,,False,claybourne-co-claybourne-co-flyers-diamond-infused-preroll-5pk-2-5g-cobra-kush,https://d14jfwlo68bhyr.cloudfront.net/banners/1764031323443-9e1024f9-021f-4f09-94ac-b2120995d5f9.webp,,"Our most potent pre-rolls just got a tune-up. Introducing Flyers Diamond Infused Gold Cuts, the newest addition to our ultra-premium, Gold Cuts line. Crafted from premium indoor full-nug flower and infused with crushed pure THCa diamonds, these pre-rolls deliver an ultra potent experience with true flower flavor worthy of the Gold Cuts name. Available In: (1g) 2-Packs & (2.5g) 5-Packs. _____  Cobra Kush strikes first and strikes hard! This Gold Cut smashes all the boxes with its powerful gas, cake, and sweet profile. Its structure is dense and frosty, an impressive specimen ready with heavy hits. Prepare to throw down because Cobra Kush packs a euphoric and relaxing body high that just might put you out cold!"
01951af3-f11d-72a7-b09c-37d85693bc7e,CLAYBOURNE CO,FLYERS DIAMOND INFUSED PREROLL 5PK [2.5G] LEMON DROP TOP,PREROLL,2.5G,SATIVA,47.48%,,35.04,,False,claybourne-co-claybourne-co-flyers-diamond-infused-preroll-5pk-2-5g-lemon-drop-top,https://d14jfwlo68bhyr.cloudfront.net/banners/1764031211178-9138b739-17dd-4a00-b9e7-5a38488b2994.webp,,"Our most potent pre-rolls just got a tune-up. Introducing Flyers Diamond Infused Gold Cuts, the newest addition to our ultra-premium, Gold Cuts line. Crafted from premium indoor full-nug flower and infused with crushed pure THCa diamonds, these pre-rolls deliver an ultra potent experience with true flower flavor worthy of the Gold Cuts name. Available In: (1g) 2-Packs & (2.5g) 5-Packs. _____  Hit the fast lane with Lemon Drop Top. This all day Sativa comes from a Lemon Granita cross, offering an exhilarating citrus breeze with musky, woodsy notes like passing a pine forrest. Its taste will rush you with a sweet lemon flavor as you embrace its energizing effects! Lemon Drop Top offers a high that gives you that “good morning” feeling, a buzz that keeps you alert and ready for a long lasting head trip."
01951af3-e036-7cfb-8ddc-2b43f75c7f69,CLAYBOURNE CO,FLYERS DIAMOND INFUSED PREROLL 5PK [2.5G] THE JUDGE,PREROLL,2.5G,INDICA,45.06%,0.07%,35.04,,False,claybourne-co-claybourne-co-flyers-diamond-infused-preroll-5pk-2-5g-the-judge,https://d14jfwlo68bhyr.cloudfront.net/banners/1764006187067-fb1cceb6-1bed-4569-9740-3146f70d616a.webp,,"Our most potent pre-rolls just got a tune-up. Introducing Flyers Diamond Infused Gold Cuts, the newest addition to our ultra-premium, Gold Cuts line. Crafted from premium indoor full-nug flower and infused with crushed pure THCa diamonds, these pre-rolls deliver an ultra potent experience with true flower flavor worthy of the Gold Cuts name. Available In: (1g) 2-Packs & (2.5g) 5-Packs."
019c06a9-ef04-759d-bd1f-fc5b389b8d1f,CLAYBOURNE CO,FLYERS INFUSED BLUNT PREROLL [1.5G] DURBAN POISON - 1.5 G,PREROLL,1.5G,HYBRID,43.77%,0.03%,25.05,,False,claybourne-co-claybourne-co-flyers-infused-blunt-preroll-1-5g-durban-poison,https://d14jfwlo68bhyr.cloudfront.net/banners/1771683087613-efce851a-5c2b-41ea-9530-f2258c397b15.webp,,"This infused blunt pre-roll from Claybourne Co packs Durban Poison hybrid cannabis with concentrate infusion, delivering a potent 42.8% THC experience in a convenient 1.5g format. The energizing Durban Poison strain provides an uplifting, focused high perfect for daytime activities, while the added concentrate amplifies the effects for experienced cannabis users seeking maximum potency."
01951af3-f132-72bb-bfd9-bd176e1ea48b,CLAYBOURNE CO,FLYERS INFUSED BLUNT PREROLL [1.5G] GRAPE GASOLINA,PREROLL,1.5G,INDICA,44.23%,0.03%,25.05,,False,claybourne-co-claybourne-co-flyers-infused-blunt-preroll-1-5g-grape-gasolina,https://d14jfwlo68bhyr.cloudfront.net/TMfFZnqBIU.webp,,"Meet the 'Loudest on the Block': Flyers 1.5g Infused Blunt. Crafted from premium indoor, full nug flower infused with THCa & liquid diamonds, natural terpenes and wrapped in an herbal blend cone made of chamomile, cacao, & yerba maté. A badass blunt built better. ______  Get your engine humming with Grape Gasolina. This Indica will have you riding low and slow with a euphoric body high to make you kick back, relax, and throw it in park. Grape Gasolina is fuming with a spicy profile of fruit and earth notes with a sweet burst of Grape flavor. Dame más gasolina!"
0195e923-9266-70ed-89e4-44f11eb84343,CLAYBOURNE CO,FLYERS INFUSED BLUNT PREROLL [1.5G] MANGO MACHINE - 1.5 G,PREROLL,1.5G,HYBRID,41.84%,0.02%,25.05,,False,claybourne-co-claybourne-co-flyers-infused-blunt-preroll-1-5g-mango-machine,https://d1hhy58mqsa6c3.cloudfront.net/916928a7-444e-4ad3-bfd0-b799e8385e4d/2b665689-da06-4728-9b70-5eab347a4f91,,"Meet the 'Loudest on the Block': Flyers 1.5g Infused Blunt. Crafted from premium indoor, full nug flower infused with THCa & liquid diamonds, natural terpenes and wrapped in an herbal blend cone made of chamomile, cacao, & yerba maté. A badass blunt built better. ______  Go for a spin on this fine tuned Mango Machine! This hybrid strain offers superior performance and handling with its balanced effects, giving you both a cerebral rush and a euphoric body buzz to get you cruising through the day. Its Mango flavor keeps the ride going all the way down to the crutch with gas and OG notes that will keep you pumped till your next joyride!"
01951af3-f134-714e-ae70-331fb806598c,CLAYBOURNE CO,FLYERS INFUSED BLUNT PREROLL [1.5G] PINEAPPLE EXPRESS,PREROLL,1.5G,HYBRID,39.96%,0.02%,25.05,,False,claybourne-co-claybourne-co-flyers-infused-blunt-preroll-1-5g-pineapple-express,https://d14jfwlo68bhyr.cloudfront.net/mCwIfFEQPf.webp,,"Meet the 'Loudest on the Block': Flyers 1.5g Infused Blunt. Crafted from premium indoor, full nug flower infused with THCa & liquid diamonds, natural terpenes and wrapped in an herbal blend cone made of chamomile, cacao, & yerba maté. A badass blunt built better.  ______  Grab your one way ticket to flavor town and hop on the Pineapple Express! This Hybrid strain (Hawaiian x Trainwreck) has a heavy tropical Pineapple flavor with subtle notes of spice and wood. Its potent effects will have you on track to a relaxing body buzz and an energized mind with stimulating creative activity… and you thought hurricane season was over!"
019c0626-c1c9-7c03-82c2-17f6b931aa6a,CLAYBOURNE CO,FLYERS PREROLL [1G] KING LOUIS OG - 1 G,PREROLL,1G,HYBRID,25.27%,0.08%,12.05,,False,claybourne-co-claybourne-co-flyers-preroll-1g-king-louis-og,https://d14jfwlo68bhyr.cloudfront.net/banners/1771850313394-253dd665-aa74-42a5-9119-da424356cece.webp,,"This potent hybrid pre-roll delivers 27% THC in a convenient 1-gram format, perfect for experienced cannabis users seeking strong effects. King Louis OG offers a classic indica-leaning experience with relaxing, sedating qualities that make it ideal for evening use or unwinding after a long day. Claybourne Co's Flyers pre-roll provides smooth, consistent burning flower that's ready to enjoy straight from the dispensary."
019c0623-2119-7355-a4e7-d25209030e69,CLAYBOURNE CO,FLYERS PREROLL [1G] WEDDING CAKE - 1 G,PREROLL,1G,HYBRID,22.77%,0.07%,12.05,,False,claybourne-co-claybourne-co-flyers-preroll-1g-wedding-cake,https://d14jfwlo68bhyr.cloudfront.net/banners/1771850821376-db6eb10a-4eb1-4d8b-94af-2eece7b959e3.webp,,"This hybrid pre-roll delivers the classic Wedding Cake experience with 22.9% THC, offering sweet, vanilla-forward flavors and balanced effects perfect for evening relaxation or social occasions. Claybourne Co's Flyers pre-roll provides smooth, consistent burning cannabis flower that melts away stress while keeping you pleasantly engaged."
0195e920-d61f-7e41-8774-673b0645dcd1,CLAYBOURNE CO,FROSTED FLYERS INFUSED PREROLL 5PK [2.5G] DURBAN POISON - 2.5 G - 5 PACK,PREROLL,2.5G,SATIVA,40.60%,,35.04,,False,claybourne-co-claybourne-co-frosted-flyers-infused-preroll-5pk-2-5g-durban-poison,https://d1hhy58mqsa6c3.cloudfront.net/916928a7-444e-4ad3-bfd0-b799e8385e4d/06e44a95-ae8d-4094-a84d-d0fa31f9fde2,,"Frost Around & Find Out! These super tasty half gram pre-rolls are Diamond Frosted, Terpene Enhanced, and made from Premium Indoor, Full Nug Flower Infused with Liquid Diamonds. Each Frosted Flyer is highly potent and packed with nonstop flavor all the way down to the crutch. Available In: (1g) 2-Packs & (2.5g) 5-Packs. ______  Durban Poison is the perfect strain to help you stay productive through a busy day, explore the outdoors, or add a spark of creativity. The over-sized resin glands make this strain a quality choice for all flower lovers. The buds are round, chunky, and have a thick coat of trichomes on almost all areas of the plant."
01951af3-f175-7479-ad48-e3b82172b524,CLAYBOURNE CO,FROSTED FLYERS INFUSED PREROLL 5PK [2.5G] GRAPE GASOLINA,PREROLL,2.5G,INDICA,42.61%,,35.04,,False,claybourne-co-claybourne-co-frosted-flyers-infused-preroll-5pk-2-5g-grape-gasolina,https://d14jfwlo68bhyr.cloudfront.net/8cJbw2kAt5.webp,,"Frost Around & Find Out! These super tasty half gram pre-rolls are Diamond Frosted, Terpene Enhanced, and made from Premium Indoor, Full Nug Flower Infused with Liquid Diamonds. Each Frosted Flyer is highly potent and packed with nonstop flavor all the way down to the crutch. Available In: (1g) 2-Packs & (2.5g) 5-Packs. ______  Get your engine humming with Grape Gasolina. This Indica will have you riding low and slow with a euphoric body high to make you kick back, relax, and throw it in park. Grape Gasolina is fuming with a spicy profile of fruit and earth notes with a sweet burst of Grape flavor. Dame más gasolina!"
0195e921-73ea-7990-98d9-49fefa007331,CLAYBOURNE CO,FROSTED FLYERS INFUSED PREROLL 5PK [2.5G] KING LOUIS OG - 2.5 G - 5 PACK,PREROLL,2.5G,INDICA,40.93%,0.05%,35.04,,False,claybourne-co-claybourne-co-frosted-flyers-infused-preroll-5pk-2-5g-king-louis-og,https://d1hhy58mqsa6c3.cloudfront.net/916928a7-444e-4ad3-bfd0-b799e8385e4d/a1cc077d-3b9c-4422-bd3d-d3c65f6bab13,,"Frost Around & Find Out! These super tasty half gram pre-rolls are Diamond Frosted, Terpene Enhanced, and made from Premium Indoor, Full Nug Flower Infused with Liquid Diamonds. Each Frosted Flyer is highly potent and packed with nonstop flavor all the way down to the crutch. Available In: (1g) 2-Packs & (2.5g) 5-Packs. ______  King Louis OG has dense nugs, an overwhelming piney smell, and an earthy musk that will have you thinking of your last forest adventure. Bred in part from OG Kush, Louis OG has a very similar spicy kush aroma."
01951af3-f178-70b7-aca3-81db9606f236,CLAYBOURNE CO,FROSTED FLYERS INFUSED PREROLL 5PK [2.5G] MANGO MACHINE,PREROLL,2.5G,HYBRID,36.92%,0.03%,35.04,,False,claybourne-co-claybourne-co-frosted-flyers-infused-preroll-5pk-2-5g-mango-machine,https://d14jfwlo68bhyr.cloudfront.net/banners/1764093428881-6bf91e27-a2aa-448c-bf4b-f545e7fd60a7.webp,,"Frost Around & Find Out! These super tasty half gram pre-rolls are Diamond Frosted, Terpene Enhanced, and made from Premium Indoor, Full Nug Flower Infused with Liquid Diamonds. Each Frosted Flyer is highly potent and packed with nonstop flavor all the way down to the crutch. Available In: (1g) 2-Packs & (2.5g) 5-Packs. ______  Go for a spin on this fine tuned Mango Machine! This hybrid strain offers superior performance and handling with its balanced effects, giving you both a cerebral rush and a euphoric body buzz to get you cruising through the day. Its Mango flavor keeps the ride going all the way down to the crutch with gas and OG notes that will keep you pumped till your next joyride!"
019635fa-5a94-7ae5-a908-46e7da183c58,CLAYBOURNE CO,FROSTED FLYERS INFUSED PREROLL 5PK [2.5G] PEACH PIE - 2.5 G - 5 PACK,PREROLL,2.5G,SATIVA,38.91%,,35.04,,False,claybourne-co-claybourne-co-frosted-flyers-infused-preroll-5pk-2-5g-peach-pie,https://d1hhy58mqsa6c3.cloudfront.net/916928a7-444e-4ad3-bfd0-b799e8385e4d/f9c24cb7-37e9-420e-a8d6-ae4ccfd031e8,,"Frost Around & Find Out! These super tasty half gram pre-rolls are Diamond Frosted, Terpene Enhanced, and made from Premium Indoor, Full Nug Flower Infused with Liquid Diamonds. Each Frosted Flyer is highly potent and packed with nonstop flavor all the way down to the crutch. Available In: (1g) 2-Packs & (2.5g) 5-Packs. ______"
01951af3-f17a-7042-9f48-b90bca405dcf,CLAYBOURNE CO,FROSTED FLYERS INFUSED PREROLL 5PK [2.5G] PINEAPPLE EXPRESS,PREROLL,2.5G,HYBRID,37.73%,0.03%,35.04,,False,claybourne-co-claybourne-co-frosted-flyers-infused-preroll-5pk-2-5g-pineapple-express,https://d14jfwlo68bhyr.cloudfront.net/QeB1G5VWY9.webp,,"Frost Around & Find Out! These super tasty half gram pre-rolls are Diamond Frosted, Terpene Enhanced, and made from Premium Indoor, Full Nug Flower Infused with Liquid Diamonds. Each Frosted Flyer is highly potent and packed with nonstop flavor all the way down to the crutch. Available In: (1g) 2-Packs & (2.5g) 5-Packs. ______  Grab your one way ticket to flavor town and hop on the Pineapple Express! This Hybrid strain (Hawaiian x Trainwreck) has a heavy tropical Pineapple flavor with subtle notes of spice and wood. Its potent effects will have you on track to a relaxing body buzz and an energized mind with stimulating creative activity… and you thought hurricane season was over!"
019db8db-d4ee-7fe3-9016-1c6048760d48,CLSICS,HASH INFUSED PREROLL 10PK [3G] BUTTER CAKE - 3 G - 10 PACK,PREROLL,3G,HYBRID,36.89%,,42.05,,False,clsics-clsics-hash-infused-preroll-10pk-3g-butter-cake,https://d14jfwlo68bhyr.cloudfront.net/banners/1773491541093-101c18cf-be96-4a51-a971-98ec2bfab6ca.webp,,
019b9a31-355c-7f53-9bfc-2db00d4d66ac,CLSICS,HASH INFUSED PREROLL 10PK [3G] MANGO CULT - 3 G - 10 PACK,PREROLL,3G,SATIVA,40.63%,,42.05,,False,clsics-clsics-hash-infused-preroll-10pk-3g-mango-cult,https://d14jfwlo68bhyr.cloudfront.net/banners/1771852758175-7d861c0f-7d54-401b-807a-1dd63a0854c6.webp,,"This 10-pack of CLSICS hash-infused pre-rolls delivers an energizing sativa experience with Mango Cult strain at 39.6% THC. Each pre-roll combines premium flower with hash concentrate for enhanced potency, making this perfect for daytime creativity and social sessions. The convenient 10-pack format gives you ready-to-smoke cannabis pre-rolls that pack serious punch with their infused concentrate blend."
019b9a32-3fd8-7046-b51f-a11b74f3d75d,CLSICS,HASH INFUSED PREROLL 10PK [3G] RED OPIUM - 3 G - 10 PACK,PREROLL,3G,INDICA,35.32%,0.05%,42.05,,False,clsics-clsics-hash-infused-preroll-10pk-3g-red-opium,https://d14jfwlo68bhyr.cloudfront.net/banners/1771852809501-ded9b461-b6e9-4ae4-b9fb-d4a636cd6846.webp,,"This potent indica Red Opium hash-infused pre-roll 10-pack from CLSICS delivers deep relaxation with 43% THC and rich terpenes like beta-caryophyllene and alpha-humulene. Perfect for evening use, these infused pre-rolls offer enhanced potency and smooth-burning cannabis flower combined with premium hash concentrate. Each pack contains 10 convenient pre-rolls totaling 3 grams, ideal for unwinding after a long day or settling into a restful night."
019f05bc-0a3c-758c-bcea-e06a35b7a758,CLSICS,ROSIN INFUSED PREROLL 5PK [2.5G] CITRUS RIOT - 2.5 G - 5 PACK,PREROLL,2.5G,SATIVA,38.06%,,35.04,,False,clsics-clsics-rosin-infused-preroll-5pk-2-5g-citrus-riot,https://d14jfwlo68bhyr.cloudfront.net/products/1784732964964-fb277bc9-8884-4541-83cc-04da1f1bc1ca.webp,,"Citrus Riot from CLSICS hits hard with a chaotic blend of orange peel, sharp lemon, and bitter grapefruit — candy-sweet on the front end with a sour, gassy finish that keeps things interesting. This sativa cannabis pre-roll pack comes five deep, each one handcrafted and infused with solventless fresh-frozen ice water hash for a cleaner, more flavorful smoke. A daytime-ready, high-energy option for when you want something loud and unapologetically citrus-forward from the dispensary shelf."
019b958d-d612-71df-9ae5-b227fe1d216a,CLSICS,ROSIN INFUSED PREROLL 5PK [2.5G] RED OPIUM - 2.5 G - 5 PACK,PREROLL,2.5G,INDICA,41.99%,,35.04,,False,clsics-clsics-rosin-infused-preroll-5pk-2-5g-red-opium,https://d14jfwlo68bhyr.cloudfront.net/banners/1771853731217-8d774f53-4780-4953-b2c6-0c27f3bb63f8.webp,,"This potent indica pre-roll 5-pack from CLSICS delivers Red Opium strain infused with premium rosin concentrate for an intensely relaxing cannabis experience. With 43% THC and rich terpenes like beta-caryophyllene and alpha-humulene, these rosin-infused pre-rolls provide deep body relaxation perfect for evening unwind sessions. Each pack contains five expertly rolled joints totaling 2.5 grams of flower enhanced with 0.5 grams of concentrate for maximum potency."
019fba81-0021-7322-a381-6147523779a1,CLSICS,ROSIN INFUSED PREROLL 5PK [2.5G] STARDUST SORBET - 2.5 G - 5 PACK,PREROLL,2.5G,HYBRID,40.25%,,35.04,,False,clsics-clsics-rosin-infused-preroll-5pk-2-5g-stardust-sorbet,https://d14jfwlo68bhyr.cloudfront.net/products/1781881389836-fad096fa-1988-4703-a12f-1c775c510366.webp,,
019e585b-48f8-7bb4-8cea-140cbaf0c097,CLSICS,TRIFECTA HASH INFUSED PREROLL [1.2G] CITRUS RIOT - 1.2 G,PREROLL,1.2G,SATIVA,38.61%,,16.05,,False,clsics-clsics-trifecta-hash-infused-preroll-1-2g-citrus-riot,https://d14jfwlo68bhyr.cloudfront.net/products/1781881720334-7b339163-8aed-43d7-924b-184e01658a38.webp,,"The CLSICS Trifecta Hash Infused Pre-Roll in Citrus Riot is a 1.2g sativa cannabis pre-roll built for daytime sessions that hit harder than your average joint. Infused with hash concentrate, this pre-roll delivers an extra layer of potency on top of the bright, citrus-forward Citrus Riot strain — expect a zesty, energizing smoke with serious depth. A solid pick from the dispensary shelf when you want a ready-to-go, high-THC sativa experience without any prep work."
0196ee60-9956-7feb-96bd-f4dbc4df1d27,CLSICS,TRIFECTA HASH INFUSED PREROLL [1.2G] DEEP PURPLE - 1.2 G,PREROLL,1.2G,INDICA,47.04%,,16.05,,False,clsics-clsics-trifecta-hash-infused-preroll-1-2g-deep-purple,https://d14jfwlo68bhyr.cloudfront.net/products/1776171294652-a08db2b1-71c5-4666-9e0a-090b0c5d54f2.webp,,"The CLSICS Deep Purple Trifecta is a connoisseur-grade pre-roll that offers a masterclass in clean, sedative cannabis. By layering Deep Purple flower with live rosin and ice water hash, CLSICS creates a 1.2g powerhouse that perfectly captures the sweet grape and earthy berry notes of its Purple Urkle lineage. Testing near 40% THC, this Indica-dominant joint provides a multifaceted high that balances a blissful mental euphoria with a heavy, comforting body buzz. It is the ultimate choice for the high-tolerance consumer who values a solventless, ""clean-label"" smoke that prioritizes deep physical recovery and mental serenity."
019a554d-2de4-7835-9147-77d65edce1d6,CONNECTED CANNABIS CO,PREROLL 5PK [2.5G] BISCOTTI - 2.5 G - 5 PACK,PREROLL,2.5G,HYBRID,24.25%,0.12%,35.04,,False,connected-cannabis-co-connected-cannabis-co-preroll-5pk-2-5g-biscotti,https://d1hhy58mqsa6c3.cloudfront.net/916928a7-444e-4ad3-bfd0-b799e8385e4d/3a951d8e-6f1f-44b4-8441-efb3dec76a16,,"The Connected Biscotti 5-Pack is the ""gold standard"" for the Biscotti strain because Connected actually helped create it. The 0.5g ""shorty"" format is perfect for this strain because of its high potency; half a gram is often exactly enough to reach the ""sweet spot"" of the high without overdoing it. It is a smooth-smoking, terpene-rich experience that delivers exactly what the legendary reputation of Biscotti promises: gas, cookies, and a very heavy buzz."
019a554c-2333-7f30-86a2-52089b2eb16c,CONNECTED CANNABIS CO,PREROLL 5PK [2.5G] JACK OF DIAMONDS - 2.5 G - 5 PACK,PREROLL,2.5G,SATIVA,25.72%,0.06%,35.04,,False,connected-cannabis-co-connected-cannabis-co-preroll-5pk-2-5g-jack-of-diamonds,https://d1hhy58mqsa6c3.cloudfront.net/916928a7-444e-4ad3-bfd0-b799e8385e4d/25645e5c-4700-47c2-94ae-af677d019494,,"The Connected Jack of Diamonds 5-Pack is a must-try for Sativa lovers. While many modern ""designer"" brands focus exclusively on heavy Indicas, Connected has created a masterpiece here by ""beefing up"" the classic Jack Herer. The 0.5g ""shorty"" size is perfect for a daytime ""pick-me-up"" that provides enough energy for a few hours of productivity. It burns clean, tastes complex, and represents the pinnacle of modern Sativa breeding."
0195ddb4-a50e-7b85-8c30-c509a12f24e9,CONNECTED CANNABIS CO,PREROLL [1G] JACK OF DIAMONDS - 1 G,PREROLL,1G,SATIVA,21.51%,0.06%,12.05,,False,connected-cannabis-co-connected-cannabis-co-preroll-1g-jack-of-diamonds,https://d1hhy58mqsa6c3.cloudfront.net/916928a7-444e-4ad3-bfd0-b799e8385e4d/92fea94d-1a23-4ab0-a092-a0ba1eb692f5,,"The Jack of Diamonds 1g Pre-Roll by Connected Cannabis Co. is a premier sativa-dominant powerhouse that represents the cutting edge of ""designer"" Jack genetics. Originally released as part of their exclusive ""4 Jack Box,"" this strain was voted a top consumer favorite before being added to their permanent lineup. In 2026, it is recognized as one of the most complex sativas on the market, typically testing between 22% and 28% THC.  This strain is a sophisticated cross of Blackjack x (RC25 x Biscotti #1 #5). It takes the zesty, medicinal energy of classic Jack strains and layers it with the creamy, gas-heavy sweetness of Biscotti, resulting in a high that is both intensely cerebral and surprisingly smooth."
019ed75a-2509-7e13-8966-6f8a22dffddc,ELLIS GREENS,PREROLL 2PK [2G] THE OG'S - 2 G - 2 PACK,PREROLL,2G,INDICA,25.85%,0.06%,17.05,EVERYDAY DISCOUNT - ELLIS GREENS 30% OFF,True,ellis-greens-ellis-greens-preroll-2pk-2g-the-ogs,https://d14jfwlo68bhyr.cloudfront.net/products/1781918814166-7f33d3f3-af58-4be0-8511-b3aebea29ad5.webp,,"This Preroll pack is a mixture of the Ellis Greens strains; Ginseng OG x XXX OG. This blend gives you a premium experience, as it was made with full flower and rolled to perfection."
019f5bee-aeba-7df2-a53e-37313fee695a,GELATO,LOLLIS INFUSED PREROLL [1.2G] GRAND DADDY PURPLE - 1.2 G,PREROLL,1.2G,INDICA,30.96%,0.05%,14.05,,False,gelato-gelato-lollis-infused-preroll-1-2g-grand-daddy-purple,https://d14jfwlo68bhyr.cloudfront.net/products/1784560236697-28bbd45f-8145-468a-b7b3-44f95be9658c.webp,,"Gelato's Lollis Infused Pre-Roll brings Grand Daddy Purple's classic indica effects to a ready-to-spark 1.2g format, hitting 30.96% THC for a heavy, full-body experience best suited to unwinding at night. Expect the deep grape and berry character GDP is known for, rounded out by the added punch of an infused cannabis concentrate. This is a dispensary staple for anyone chasing serious relaxation without the prep work."
019f5bf4-56da-7cc8-bf6c-7ae49c08fae9,GELATO,LOLLIS INFUSED PREROLL [1.2G] JACK HERER - 1.2 G,PREROLL,1.2G,SATIVA,29.16%,0.04%,14.05,,False,gelato-gelato-lollis-infused-preroll-1-2g-jack-herer,https://d14jfwlo68bhyr.cloudfront.net/products/1784560293025-ed1fdc85-7951-4731-96e2-ce17eabee412.webp,,"Gelato's Lollis Infused Pre-Roll packs the legendary Jack Herer sativa into a 1.2g format with a hard-hitting 29% THC — expect a clear-headed, energizing buzz with pine, earthy, and spicy-herbal flavor on every draw. This infused cannabis pre-roll is built for daytime use, whether you're chasing creative focus or heading into a social session. A go-to pick at the dispensary when you want inspiration without the weight."
019f5beb-2f47-793c-a56e-3b1bc019fe51,GELATO,LOLLIS INFUSED PREROLL [1.2G] PINEAPPLE EXPRESS - 1.2 G,PREROLL,1.2G,HYBRID,30.98%,0.05%,14.05,,False,gelato-gelato-lollis-infused-preroll-1-2g-pineapple-express,https://d14jfwlo68bhyr.cloudfront.net/products/1784560912770-1a1cf436-af10-4dd1-ae20-b3803242dc17.webp,,"Gelato's Lollis Infused Preroll packs the iconic Pineapple Express hybrid into a 1.2g cannabis pre-roll hitting nearly 31% THC, with bright tropical fruit, citrus, and earthy pine flavors that smoke clean from first pull to last. The infused format amplifies the uplifting, energizing character this hybrid strain is known for, making it a strong daytime choice for creative focus or keeping things social. If you want a dispensary pre-roll with serious potency and a smooth, pineapple-forward finish, this one delivers."
019f5bf7-7a5a-7cc4-9448-e91aa784cade,GELATO,PREROLL [1G] CHEM DAWG - 1 G,PREROLL,1G,HYBRID,26.04%,0.19%,5.05,,False,gelato-gelato-preroll-1g-chem-dawg,https://d14jfwlo68bhyr.cloudfront.net/products/1784131309791-d040be8b-f26d-4a0b-b7ef-a7c88b215067.webp,,"Gelato's Chem Dawg hybrid pre-roll hits with a sharp, unmistakable aroma of diesel, earth, and a bright citrus edge — exactly what fans of this classic cannabis strain expect. At nearly 20% THC, it delivers a clear, uplifting head high paired with a heavy, relaxing body effect that makes it a solid pick for unwinding after a long day. Grab this 1g pre-roll from Gelato at the dispensary and see why Chem Dawg has stayed a go-to hybrid for decades."
019f6aef-ac0b-7030-af6b-059c3e319e11,GELATO,PREROLL [1G] SKYWALKER OG - 1 G,PREROLL,1G,INDICA,26.61%,0.20%,5.05,,False,gelato-gelato-preroll-1g-skywalker-og,https://d14jfwlo68bhyr.cloudfront.net/products/1784560075706-2a285f09-6be0-457a-b085-3ba944325ca9.webp,,"This Gelato pre-roll packs Skywalker OG — a heavy-hitting indica cannabis strain — into a ready-to-spark 1-gram format, testing at over 26% THC for a potent, full-bodied experience. Skywalker OG is known for deep physical relaxation and a calm, settled headspace, making it a go-to nighttime choice when you want to unwind and decompress. Expect earthy, piney notes with a hint of spice on the exhale."
01951af4-0f6e-7eb3-9a06-eb8fddb520bf,GELATO,PREROLL [1G] STRAWBERRY COUGH,PREROLL,1G,SATIVA,24.37%,0.14%,5.05,,False,gelato-gelato-preroll-1g-strawberry-cough,https://d14jfwlo68bhyr.cloudfront.net/products/1784902201938-c601f5c7-34d1-4a81-b383-739d39026c24.webp,,"Gelato's Strawberry Cough sativa preroll delivers a bright, berry-forward smoke with the sweet, fruity flavor the strain is known for — packed into a ready-to-go 1g cannabis preroll. At 25.6% THC, this is a potent option for daytime sessions when you want something uplifting and social without the prep work. Grab it from the dispensary menu and spark it straight out of the pack."
019a5541-4ef2-7983-91b1-6fc1c9793885,HEAVY HITTERS,DIAMOND INFUSED PREROLL 5PK [2.5G] MOUNTAIN MIST BY HUCKLEBERRY HILL FARMS - 2.5 G - 5 PACK,PREROLL,2.5G,HYBRID,40.53%,,45.05,,False,heavy-hitters-heavy-hitters-diamond-infused-preroll-5pk-2-5g-mountain-mist-by-huckleberry-hill-farms,https://d1hhy58mqsa6c3.cloudfront.net/916928a7-444e-4ad3-bfd0-b799e8385e4d/088c426b-3b3f-477f-a06d-89f95543a3b3,,"The Heavy Hitters Diamond Infused Preroll 5-Pack (2.5 g) – Mountain Mist by Huckleberry Hill Farms features five premium hand-rolled prerolls crafted with quality Mountain Mist flower and infused with diamond resin for an elevated experience. Each preroll delivers smooth, flavorful draws with a fresh, earthy profile accented by subtle sweet and herbal notes, enhanced by the diamond infusion to intensify aroma, flavor, and potency. Expertly rolled for consistent burn and even draw, this infused 5-pack is designed for enthusiasts seeking bold taste, refined infusion, and a balanced, satisfying session whether relaxing solo or sharing with friends."
01951af3-e02b-7e62-a0be-8a0d282849b1,HEAVY HITTERS,DIAMOND INFUSED PREROLL 5PK [2.5G] ORANGE TREE BY GREENLINE,PREROLL,2.5G,SATIVA,39.39%,,45.05,,False,heavy-hitters-heavy-hitters-diamond-infused-preroll-5pk-2-5g-orange-tree-by-greenline,https://d14jfwlo68bhyr.cloudfront.net/banners/1763701723133-d9f85b6b-a543-4e90-b425-aaa7fe749335.webp,,"The Heavy Hitters Diamond Infused Preroll 5-Pack (2.5 g) – Orange Tree by Greenline features five premium hand-rolled prerolls crafted with quality Orange Tree flower and infused with diamond resin for an elevated experience. Each preroll delivers smooth, flavorful draws with a vibrant, citrus-forward orange profile balanced by subtle earthy and sweet undertones, enhanced by the diamond infusion to intensify aroma, flavor, and potency. Expertly rolled for a consistent burn and even draw, this infused 5-pack is designed for users seeking bold taste, refined infusion, and a balanced, satisfying session whether relaxing solo or sharing with friends."
01a03fdf-e736-7110-99f8-dc99e70692a9,HEAVY HITTERS,DIAMOND INFUSED PREROLL [1G] LAUGHING GAS BY CAM - 1 G,PREROLL,1G,HYBRID,42.81%,,20.05,,False,heavy-hitters-heavy-hitters-diamond-infused-preroll-1g-laughing-gas-by-cam,https://d14jfwlo68bhyr.cloudfront.net/products/1786609393650-bab74739-f961-4165-8fde-bce949717b38.webp,,
01a03fdf-e741-7ade-89f4-2c090e015b5c,HEAVY HITTERS,DIAMOND INFUSED PREROLL [1G] PLATINUM OG BY CAM - 1 G,PREROLL,1G,INDICA,41.41%,,20.05,,False,heavy-hitters-heavy-hitters-diamond-infused-preroll-1g-platinum-og-by-cam,https://d14jfwlo68bhyr.cloudfront.net/products/1786610083688-14e4142f-73a5-434f-bfe1-d61e819512b7.webp,,
01a038cd-5184-70fc-963b-fdbe06aad413,HEAVY HITTERS,DIAMOND INFUSED PREROLL [1G] TREE FLIP BY CAM - 1 G,PREROLL,1G,SATIVA,42.82%,,20.05,,False,heavy-hitters-heavy-hitters-diamond-infused-preroll-1g-tree-flip-by-cam,https://d14jfwlo68bhyr.cloudfront.net/products/1787728697318-ccfaa06e-58ac-4f05-a8a8-c65f60aa30ff.webp,,"""TREE FLIP [S] IS A SATIVA-DOMINANT HYBRID FROM LEMON TREE × WEDDING CAKE, BRINGING TOGETHER BRIGHT CITRUS WITH THE SWEET, CREAMY CHARACTER OF WEDDING CAKE. THE PROFILE LEADS WITH FRESH LEMON AND CITRUS, FOLLOWED BY SWEET VANILLA, EARTHY PINE, AND SUBTLE GASSY NOTES. THE RESULT IS A BRIGHT, CITRUS-FORWARD PROFILE WITH A SWEET AND CREAMY FINISH, PAIRED WITH AN UPLIFTING, EUPHORIC EXPERIENCE THAT MAKES TREE FLIP A GREAT FIT FOR DAYTIME USE.  PHENOTYPE: SATIVA LINEAGE: LEMON TREE X WEDDING CAKE FLAVOR PROFILE: LEMON, CITRUS, CREAMY EFFECT PROFILE: ENERGETIC, CREATIVE, EUPHORIC  THIS STATEMENT HAS NOT BEEN EVALUATED BY THE FOOD AND DRUG ADMINISTRATION. THIS PRODUCT IS NOT INTENDED TO DIAGNOSE, TREAT, CURE, OR PREVENT ANY DISEASE."""
019db811-61a4-7f1b-bb79-693b6685b792,HEAVY HITTERS,ROSIN JELLY INFUSED PREROLL 5PK [2.5G] LEMONBERRY LANTZ X BANANA PUNCH BY RIDGELINE FARMS - 2.5 G - 5 PACK,PREROLL,2.5G,HYBRID,36.62%,0.12%,50.05,,False,heavy-hitters-heavy-hitters-rosin-jelly-infused-preroll-5pk-2-5g-lemonberry-lantz-x-banana-punch-by-ridgeline-farms,https://d14jfwlo68bhyr.cloudfront.net/products/1776831917885-de8385d8-d298-4efe-87cd-b883fbf4dee6.webp,,
019fadd9-d561-7d8b-9147-2307395ed98e,HEAVY HITTERS,ROSIN JELLY INFUSED PREROLL 5PK [2.5G] MARMALADE BY CAM X NECTARINE JELLY BY CATCH A CLOUD FARMS - 2.5 G - 5 PACK,PREROLL,2.5G,INDICA,32.77%,,50.05,,False,heavy-hitters-heavy-hitters-rosin-jelly-infused-preroll-5pk-2-5g-marmalade-by-cam-x-nectarine-jelly-by-catch-a-cloud-farms,https://d14jfwlo68bhyr.cloudfront.net/products/1785819596968-a1cb1266-ed9b-4dda-871c-d07477e4b468.webp,,"""FLOWER: MARMALADE BY CAM IS A FLAVORFUL INDICA THAT SHOWCASES BRIGHT CITRUS LAYERED OVER CREAMY GAS AND EARTHY SWEETNESS. BURSTING WITH NOTES OF ORANGE MARMALADE, CANDIED TANGERINE, AND VANILLA CREAM, THE PROFILE IS ROUNDED OUT BY SUBTLE HERBAL SPICE AND A SMOOTH, GASSY FINISH. THE EFFECTS BEGIN WITH A GENTLE WAVE OF EUPHORIA BEFORE SETTLING INTO A DEEPLY RELAXING BODY HIGH THAT EASES TENSION AND PROMOTES A CALM, CONTENT STATE, MAKING IT AN EXCELLENT EVENING SMOKE. ROSIN: NECTARINE JELLY FROM CATCH A CLOUD FARMS IS A FRUIT-FORWARD HYBRID THAT LEANS INTO RIPE NECTARINE AND SWEET STONE FRUIT RIGHT UP FRONT, LAYERED WITH A JAMMY, ALMOST SYRUPY SWEETNESS AND A LIGHT CREAMY FINISH. THE INHALE IS JUICY AND SLIGHTLY TANGY — FRESH NECTARINE FLESH AND CITRUSY SKIN — WHILE THE EXHALE BRINGS A SMOOTH, JELLY-LIKE SWEETNESS WITH A FAINT EARTHY DEPTH. THE FLAVOR STAYS RICH AND NATURAL, MORE LIKE REAL FRUIT THAN CANDY. THE EFFECT COMES ON WITH A CLEAR, UPLIFTING BUZZ BEFORE SETTLING INTO A RELAXED, BALANCED BODY FEEL.  PHENOTYPE: INDICA LINEAGE: MARMALADE: ORANGE PUSH POP × HONEY BANANAS AND NECTARINE JELLY: PEACH PANTHER × GOVERNMINT OASIS FLAVOR PROFILE: CITRUS, SWEET, GAS EFFECT PROFILE: UPLIFTING, RELAXED, BALANCED  THIS STATEMENT HAS NOT BEEN EVALUATED BY THE FOOD AND DRUG ADMINISTRATION. THIS PRODUCT IS NOT INTENDED TO DIAGNOSE, TREAT, CURE, OR PREVENT ANY DISEASE."""
019fb4a2-760f-7da2-9c08-a7189092f328,HEAVY HITTERS,ROSIN JELLY INFUSED PREROLL 5PK [2.5G] MIYAZAKI MANGO BY DECIBEL GARDENS X DURBAN LIME BY LUMA FARMS - 2.5 G - 5 PACK,PREROLL,2.5G,SATIVA,34.68%,,50.05,,False,heavy-hitters-heavy-hitters-rosin-jelly-infused-preroll-5pk-2-5g-miyazaki-mango-by-decibel-gardens-x-durban-lime-by-luma-farms,https://d14jfwlo68bhyr.cloudfront.net/products/1785819354728-ec4bb970-6ecc-4190-bac3-a16efe631890.webp,,"""FLOWER: WATERMELON PUNCH BY DECIBEL GARDENS IS A HEADY INDICA THAT DELIVERS A RICH WAVE OF FRUITY TERPENES AND DEEPLY IMMERSIVE EFFECTS. LAYERS OF JUICY WATERMELON, DARK BERRIES, TROPICAL CANDY, AND SUBTLE EARTHY FUNK CREATE A VIBRANT FLAVOR PROFILE THAT FEELS BOTH SWEET AND COMPLEX. THE HIGH COMES ON WITH A POWERFUL CEREBRAL RUSH, BRINGING WAVES OF EUPHORIA, MENTAL DRIFT, AND A DREAMY SENSE OF DETACHMENT BEFORE SETTLING INTO A HEAVY, FULL-BODY CALM. A GREAT CHOICE FOR THOSE SEEKING A MORE INTROSPECTIVE, HAZY EXPERIENCE WITH A FLAVORFUL FINISH. ROSIN: LEMON LIMEZ BY LUMA FARMS IS A VIBRANT CITRUS-FORWARD HYBRID THAT SHOWCASES A BRIGHT, ZESTY TERPENE PROFILE WITH LAYERS OF FRESH LEMON, LIME PEEL, AND SWEET TROPICAL FRUIT. THE AROMA BURSTS WITH SHARP CITRUS, CREAMY SWEETNESS, AND SUBTLE HERBAL GAS, CREATING A REFRESHING PROFILE REMINISCENT OF A SPARKLING CITRUS DRINK. THE EFFECTS ARE UPLIFTING AND CEREBRAL, DELIVERING A EUPHORIC WAVE OF ENERGY AND CREATIVITY BEFORE EASING INTO A SMOOTH, BALANCED RELAXATION THAT KEEPS THE EXPERIENCE ENJOYABLE AND VERSATILE.  PHENOTYPE: SATIVA LINEAGE: MIYAZAKI MANGO: JACK SPARROW X WATERMELON PUNCH AND DURBAN LIME: DURBAN POISON × LIME SKUNK FLAVOR PROFILE: MANGO, CITRUS PEEL, SWEET PINE EFFECT PROFILE: ENERGETIC, CREATIVE, EUPHORIC  THIS STATEMENT HAS NOT BEEN EVALUATED BY THE FOOD AND DRUG ADMINISTRATION. THIS PRODUCT IS NOT INTENDED TO DIAGNOSE, TREAT, CURE, OR PREVENT ANY DISEASE."""
01a0388b-1741-75da-82dd-095ac1b3a577,HEAVY HITTERS,ROSIN JELLY INFUSED PREROLL [1G] DECIBEL OG BY DECIBEL GARDENS X LEMON LIMEZ BY LUMA FARMS - 1 G,PREROLL,1G,,34.88%,,27.05,,False,heavy-hitters-heavy-hitters-rosin-jelly-infused-preroll-1g-decibel-og-by-decibel-gardens-x-lemon-limez-by-luma-farms,https://d14jfwlo68bhyr.cloudfront.net/products/1788856817421-374e599d-bc54-4aaf-bcef-97011911be67.webp,,"""FLOWER: DECIBEL OG BY DECIBEL GARDENS IS A TRUE OLD-SCHOOL OG EXPRESSION THAT BRINGS BACK THE CLASSIC GAS-HEAVY PROFILE WITH A MODERN LEVEL OF REFINEMENT. LAYERS OF PINE, EARTHY KUSH, SOUR FUEL, AND SUBTLE FLORAL MUSK CREATE A DEEP, PUNGENT TERPENE PROFILE REMINISCENT OF LEGENDARY OG CUTS. THE EFFECTS COME ON WITH A HEAVY WAVE OF CEREBRAL EUPHORIA BEFORE MELTING INTO A DEEPLY RELAXING BODY CALM, DELIVERING A HAZY, TRANQUIL EXPERIENCE THAT OG LOVERS CHASE. ROSIN: LEMON LIMEZ BY LUMA FARMS IS A VIBRANT CITRUS-FORWARD HYBRID THAT SHOWCASES A BRIGHT, ZESTY TERPENE PROFILE WITH LAYERS OF FRESH LEMON, LIME PEEL, AND SWEET TROPICAL FRUIT. THE AROMA BURSTS WITH SHARP CITRUS, CREAMY SWEETNESS, AND SUBTLE HERBAL GAS, CREATING A REFRESHING PROFILE REMINISCENT OF A SPARKLING CITRUS DRINK. THE EFFECTS ARE UPLIFTING AND CEREBRAL, DELIVERING A EUPHORIC WAVE OF ENERGY AND CREATIVITY BEFORE EASING INTO A SMOOTH, BALANCED RELAXATION THAT KEEPS THE EXPERIENCE ENJOYABLE AND VERSATILE.  PHENOTYPE: INDICA LINEAGE: DECIBEL OG: TRUE OG × PURE KUSH AND LEMON LIMEZ: LEMON TREE × RUNTZ FLAVOR PROFILE: PINE, CITRUS, FUEL EFFECT PROFILE: EUPHORIA, CREATIVE,  RELAXING  THIS STATEMENT HAS NOT BEEN EVALUATED BY THE FOOD AND DRUG ADMINISTRATION. THIS PRODUCT IS NOT INTENDED TO DIAGNOSE, TREAT, CURE, OR PREVENT ANY DISEASE."""
01a03fdf-f78a-7c23-b46b-f9cd1eb18732,HEAVY HITTERS,ROSIN JELLY INFUSED PREROLL [1G] MIYAZAKI MANGO BY DECIBEL GARDENS X DURBAN LIME BY LUMA FARMS - 1 G,PREROLL,1G,SATIVA,34.93%,,27.05,,False,heavy-hitters-heavy-hitters-rosin-jelly-infused-preroll-1g-miyazaki-mango-by-decibel-gardens-x-durban-lime-by-luma-farms,https://d14jfwlo68bhyr.cloudfront.net/products/1785820145308-6493617e-fc56-4687-a0aa-28eb68616f33.webp,,
01a03fdf-f78f-7f48-92e5-66be55a0e846,HEAVY HITTERS,ROSIN JELLY INFUSED PREROLL [1G] PINK CERTZ BY CAM X LEMON LIMEZ BY LUMA FARMS - 1 G,PREROLL,1G,HYBRID,33.11%,,27.05,,False,heavy-hitters-heavy-hitters-rosin-jelly-infused-preroll-1g-pink-certz-by-cam-x-lemon-limez-by-luma-farms,https://d14jfwlo68bhyr.cloudfront.net/products/1787039089325-8e2f243c-ff13-4ff1-bd76-12470229bec2.webp,,
0195b9ae-a726-7439-9c70-e98f2406199b,HUMBOLDT FAMILY FARMS,PREROLL 3PK [1.5G] CHERRY TSU - 1.5 G - 3 PACK,PREROLL,1.5G,HYBRID,9.86%,6.95%,18.05,,False,humboldt-family-farms-humboldt-family-farms-preroll-3pk-1-5g-cherry-tsu,https://d1hhy58mqsa6c3.cloudfront.net/916928a7-444e-4ad3-bfd0-b799e8385e4d/c1aea9ca-5653-48ee-9b41-20ff884d832a,,"The Humboldt Family Farms Cherry Tsu 3-Pack is a masterclass in balanced cannabis, bringing together the delicious flavor of Cherry Pie with the legendary medicinal properties of Harle-Tsu. These three 0.5g joints offer a smooth smoke characterized by sweet cherry and earthy kush notes. With its unique near 1:1 or CBD-heavy ratio, Cherry Tsu delivers a soothing, functional high that melts away physical discomfort while maintaining total mental clarity. It is the ideal choice for the ""conscientious consumer"" looking for a soul-soothing, sun-grown smoke that allows them to stay active and inspired throughout the day."
0197f54a-2e82-79c2-a4b4-9b195afa531e,HUMBOLDT FAMILY FARMS,PREROLL 3PK [1.5G] LEMON LIME - 1.5 G - 3 PACK,PREROLL,1.5G,SATIVA,17.33%,0.04%,18.05,,False,humboldt-family-farms-humboldt-family-farms-preroll-3pk-1-5g-lemon-lime,,,"These pre-rolls from Humboldt Family Farms deliver a lively sativa experience with a refreshing lemon-lime flavor profile. Each 1.5g joint is rolled with premium cannabis flower, offering an energizing, uplifting high perfect for daytime use or social gatherings. Enjoy the bright, citrusy aroma and smooth, flavorful smoke."
01981413-6e10-7cf2-b82f-7f11c794dbf7,HUSH PUPPY,PREROLL 5PK [4.5G] BLUE DREAM - 4.5 G - 5 PACK,PREROLL,4.5G,SATIVA,18.72%,0.08%,28.05,,False,hush-puppy-hush-puppy-preroll-5pk-4-5g-blue-dream,https://d14jfwlo68bhyr.cloudfront.net/banners/1762284690335-058e700c-5771-4e2b-9459-3dcf47bb7719.webp,,"The Hush Puppy Blue Dream 5-Pack [4.5G] is a high-value, ""full-sized"" pre-roll set that delivers the iconic effects of California’s most famous sativa-dominant hybrid in a substantial format. This pack contains five large 0.9-gram joints (totaling 4.5 grams), making them significantly larger than the standard 0.5g ""shorties"" and ideal for shared sessions or experienced users seeking a longer-lasting burn. A legendary cross of Blueberry and Haze, the flower features a nostalgic aromatic profile of sweet berries and sugary citrus with a subtle herbal-earthy finish. Typically testing between 18% and 24% THC, this Blue Dream offering provides a reliable, ""all-day"" high characterized by an immediate wave of cerebral euphoria and creative focus that gently transitions into a mellow, full-body relaxation. It is a premier choice for those looking for a functional, ""best-of-both-worlds"" experience that manages stress and boosts mood without the heavy sedation often found in indica-leaning alternatives."
01981414-b0f5-78d0-86e3-8f3838bbaefb,HUSH PUPPY,PREROLL 5PK [4.5G] LAZY DOG - 4.5 G - 5 PACK,PREROLL,4.5G,HYBRID,16.19%,0.06%,28.05,,False,hush-puppy-preroll-5pk-4-5g-lazy-dog-4-5-g-5-pack,https://d14jfwlo68bhyr.cloudfront.net/banners/1762284735601-b0e96417-692e-4307-be88-33ece7047bb4.webp,,"Whether you want a mellow pick-me-up or to take your regular dose of medicinal cannabis, you can count on Lazy Dog to help conquer your day without the overpowering lingering cannabis smell."
019edc3f-ca6b-71a5-8e47-7ac770c49b80,HUSH PUPPY,PREROLL [1G] SLEEPY DOG - 1 G,PREROLL,1G,INDICA,26.72%,0.10%,10.05,,False,hush-puppy-hush-puppy-preroll-1g-sleepy-dog,,,
01a0150c-376e-733e-afb0-ee5c2fe21cab,ICED,INFUSED BLUNT [1.5G] TROPICANA COOKIES - 1.5 G,PREROLL,1.5G,HYBRID,35.30%,0.08%,20,,False,iced-iced-infused-blunt-1-5g-tropicana-cookies,,,
01951af3-d7e9-7c01-8996-0e35a0e03f8f,JEETER,BABY JEETER INFUSED PREROLL 5PK [2.5G] ACAPULCO GOLD,PREROLL,2.5G,SATIVA,37.54%,,38.04,EVERYDAY DISCOUNT - JEETER – 5PK BABY INFUSED PREROLLS & 2G XL INFUSED PREROLL - 30% OFF,True,jeeter-jeeter-baby-jeeter-infused-preroll-5pk-2-5g-acapulco-gold,https://d14jfwlo68bhyr.cloudfront.net/products/1785572320583-d215a579-19c2-48e0-8dd8-cdff5258cada.webp,,"The Acapulco Gold 5-Pack of Baby Jeeters is a high-potency tribute to one of the most legendary Sativa landrace strains in history. Often described as ""cannabis royalty,"" this pack is designed for those seeking a premium, high-energy experience. Each mini-joint is meticulously crafted with indoor-grown flower, infused with Liquid Diamonds (or cannabis oil), and dusted in a thick coating of premium kief, resulting in a powerhouse smoke that typically tests between 35% and 43% THC."
019f840c-843b-7f91-912b-9570e531a7c7,JEETER,BABY JEETER INFUSED PREROLL 5PK [2.5G] APPLE CRISP - 2.5 G - 5 PACK,PREROLL,2.5G,,37.46%,,38.04,EVERYDAY DISCOUNT - JEETER – 5PK BABY INFUSED PREROLLS & 2G XL INFUSED PREROLL - 30% OFF,True,jeeter-jeeter-baby-jeeter-infused-preroll-5pk-2-5g-apple-crisp,https://d14jfwlo68bhyr.cloudfront.net/products/1784734057972-433a1499-2ab0-4130-a520-995a9627dadb.webp,,"Jeeter's Baby Jeeter Infused Prerolls in Apple Crisp deliver five perfectly rolled cannabis prerolls packed with sweet, orchard-fresh flavor and a heavy infused THC kick — over 1,280mg total across the 2.5g five-pack. Each mini comes loaded with concentrate for a noticeably stronger, longer-lasting smoke than standard flower prerolls, making this a go-to from the dispensary shelf when you want consistent potency without the prep. A great pick for unwinding at the end of the day or sharing with friends who appreciate a flavorful, high-THC session."
01951af3-d7eb-7352-8bc5-9af557e9fa5e,JEETER,BABY JEETER INFUSED PREROLL 5PK [2.5G] APPLE FRITTER,PREROLL,2.5G,HYBRID,38.29%,,38.04,EVERYDAY DISCOUNT - JEETER – 5PK BABY INFUSED PREROLLS & 2G XL INFUSED PREROLL - 30% OFF,True,jeeter-jeeter-baby-jeeter-infused-preroll-5pk-2-5g-apple-fritter,https://d14jfwlo68bhyr.cloudfront.net/products/1785572346761-d23cf88f-b564-429a-ba49-01da4def574f.webp,,"The Apple Fritter 5-Pack of Baby Jeeters is a decadently sweet Hybrid designed for those who want a ""bakery-fresh"" experience with a heavy-hitting punch. Often referred to as a ""quad-infused"" product, these mini-joints are a masterpiece of potency, blending indoor-grown flower with Liquid Diamonds and a coating of premium kief. With THC levels typically soaring between 35% and 42%, it’s a powerhouse pack that tastes exactly like its namesake pastry."
01951af3-d7ed-74d3-be78-d38094c4fdc5,JEETER,BABY JEETER INFUSED PREROLL 5PK [2.5G] BANANA PEEL,PREROLL,2.5G,INDICA,38.27%,,38.04,EVERYDAY DISCOUNT - JEETER – 5PK BABY INFUSED PREROLLS & 2G XL INFUSED PREROLL - 30% OFF,True,jeeter-jeeter-baby-jeeter-infused-preroll-5pk-2-5g-banana-peel,https://d14jfwlo68bhyr.cloudfront.net/products/1785572391790-3d61cd2d-9153-472b-be60-1608ae2fed30.webp,,"The Banana Peel 5-Pack of Baby Jeeters is a ""smooth and creamy"" Indica designed for those looking to peel away the stress of the day. As part of Jeeter’s premium ""Quad-Infused"" series, these mini-joints are a masterpiece of potency and flavor, blending indoor-grown flower with Liquid Diamonds, Live Rosin, and a thick coating of premium kief. With THC levels typically ranging between 38% and 45%, it is a heavy-hitter that delivers a ""mellow, euphoric buzz."""
01951af3-d7ee-7165-aebb-aaf44f04bd69,JEETER,BABY JEETER INFUSED PREROLL 5PK [2.5G] BERRY WHITE,PREROLL,2.5G,INDICA,39.93%,,38.04,EVERYDAY DISCOUNT - JEETER – 5PK BABY INFUSED PREROLLS & 2G XL INFUSED PREROLL - 30% OFF,True,jeeter-jeeter-baby-jeeter-infused-preroll-5pk-2-5g-berry-white,https://d14jfwlo68bhyr.cloudfront.net/products/1785572413014-a5441acc-959c-49cb-915a-3d5bb4e0db1a.webp,,"The Berry White 5-Pack of Baby Jeeters is a ""smooth as velvet"" Indica designed for those who want to kick back without completely checking out. Named after the legendary R&B crooner, this pack delivers a soulful blend of high-potency and iconic flavor. Each mini-joint is crafted with premium indoor flower, infused with Liquid Diamonds, and finished with a dusting of premium kief, resulting in a powerful session that typically tests between 35% and 42% THC."
01951af3-d7f0-7d61-b375-a68e5a1b935d,JEETER,BABY JEETER INFUSED PREROLL 5PK [2.5G] BLUE DREAM,PREROLL,2.5G,SATIVA,37.98%,,38.04,EVERYDAY DISCOUNT - JEETER – 5PK BABY INFUSED PREROLLS & 2G XL INFUSED PREROLL - 30% OFF,True,jeeter-jeeter-baby-jeeter-infused-preroll-5pk-2-5g-blue-dream,https://d14jfwlo68bhyr.cloudfront.net/products/1785572433946-9b5e9f9f-d2c9-4325-b611-e24a23305731.webp,,"The Blue Dream 5-Pack of Baby Jeeters is a high-octane version of arguably the most famous cannabis strain in the world. This Sativa-dominant Hybrid is part of Jeeter’s premium ""Quad-Infused"" lineup, combining the nostalgic, easy-going vibes of Blue Dream with the staggering potency of modern concentrates. Each mini-joint is packed with premium indoor flower, infused with Liquid Diamonds and Live Rosin, and finished with a thick coating of premium kief. Typically testing between 35% and 42% THC, it is the ultimate ""crowd-pleaser"" for those who want to be launched into a blissful, creative headspace."
01951af3-d7f4-7e05-abea-29ec18b5e89d,JEETER,BABY JEETER INFUSED PREROLL 5PK [2.5G] CANNALOPE,PREROLL,2.5G,HYBRID,38.74%,,38.04,EVERYDAY DISCOUNT - JEETER – 5PK BABY INFUSED PREROLLS & 2G XL INFUSED PREROLL - 30% OFF,True,jeeter-jeeter-baby-jeeter-infused-preroll-5pk-2-5g-cannalope,https://d14jfwlo68bhyr.cloudfront.net/products/1785572517911-dfeb9c3b-b69e-43cf-b084-dcdf3ec49bd3.webp,,"The Cannalope 5-Pack of Baby Jeeters is a tropical, high-potency Indica-leaning Hybrid (often categorized simply as Indica) designed to transport you to an island oasis. These mini-joints are part of Jeeter’s premium Liquid Diamond series, meticulously crafted by infusing indoor-grown flower with melted THCA Diamonds and finishing them with a sparkling coating of premium kief. With THC levels typically averaging 35% to 41%, it is a ""heavy-hitter"" that balances deep physical relaxation with a surprisingly clear, happy mental lift."
01951af3-d7f7-7c58-801a-e5abff3581cb,JEETER,BABY JEETER INFUSED PREROLL 5PK [2.5G] FIRE OG,PREROLL,2.5G,HYBRID,37.06%,,38.04,EVERYDAY DISCOUNT - JEETER – 5PK BABY INFUSED PREROLLS & 2G XL INFUSED PREROLL - 30% OFF,True,jeeter-jeeter-baby-jeeter-infused-preroll-5pk-2-5g-fire-og,https://d14jfwlo68bhyr.cloudfront.net/products/1785572632961-725aa2e4-42e3-4c27-9db6-5bd7ccb2465e.webp,,"The Fire OG 5-Pack of Baby Jeeters is a heavy-duty Indica-dominant Hybrid built for those who appreciate the ""gas"" and ""funk"" of the OG lineage. Often considered the most potent of the OG strains, these mini-joints are part of Jeeter's premium Quad-Infused or Liquid Diamond series (depending on your state). Each ""Baby"" is crafted with premium indoor flower, infused with Liquid Diamonds and Live Rosin, and finished with a dense dusting of premium kief. With THC levels typically ranging between 38% and 45%, it is a ""couch-lock"" favorite with a serious bite."
01951af3-d7fd-71c7-bfd7-1c95ecfb2098,JEETER,BABY JEETER INFUSED PREROLL 5PK [2.5G] HIGH TIDE,PREROLL,2.5G,HYBRID,39.74%,,38.04,EVERYDAY DISCOUNT - JEETER – 5PK BABY INFUSED PREROLLS & 2G XL INFUSED PREROLL - 30% OFF,True,jeeter-jeeter-baby-jeeter-infused-preroll-5pk-2-5g-high-tide,https://d14jfwlo68bhyr.cloudfront.net/products/1786023104727-bc11865f-94a6-4829-ad64-bb34bf70f187.webp,,"The High Tide 5-Pack of Baby Jeeters is a tropical, high-energy Sativa designed to bring a wave of euphoria and creative focus. As part of Jeeter's premium lineup, these mini-joints are meticulously crafted with indoor-grown flower, infused with Liquid Diamonds and Live Rosin, and finished with a signature coating of premium kief. With THC levels typically ranging between 32% and 41%, it is a potent daytime favorite that feels like a ""refreshing breeze for the mind."""
01951af3-d7fe-7b82-af0b-c7d9c68ff996,JEETER,BABY JEETER INFUSED PREROLL 5PK [2.5G] HONEY DEW,PREROLL,2.5G,SATIVA,40.31%,,38.04,EVERYDAY DISCOUNT - JEETER – 5PK BABY INFUSED PREROLLS & 2G XL INFUSED PREROLL - 30% OFF,True,jeeter-jeeter-baby-jeeter-infused-preroll-5pk-2-5g-honey-dew,https://d14jfwlo68bhyr.cloudfront.net/products/1786023132018-3bd76b60-c282-46db-84d9-06d40100221c.webp,,"The Honey Dew 5-Pack of Baby Jeeters is a ""refreshing and revitalizing"" Sativa designed to keep you motivated and uplifted. Part of Jeeter’s premium Liquid Diamond or Quad-Infused series (depending on the market), these mini-joints are crafted with indoor flower, infused with melted THCA Diamonds and Live Rosin, and finished with a signature coating of premium kief. Typically testing between 35% and 42% THC, it is a high-potency ""daytime dynamo"" that tastes like a freshly sliced bowl of summer fruit."
01951af3-d82f-73bc-8ce7-6ef59a22a5ad,JEETER,BABY JEETER INFUSED PREROLL 5PK [2.5G] ICED MATCHA,PREROLL,2.5G,HYBRID,37.71%,,38.04,EVERYDAY DISCOUNT - JEETER – 5PK BABY INFUSED PREROLLS & 2G XL INFUSED PREROLL - 30% OFF,True,jeeter-jeeter-baby-jeeter-infused-preroll-5pk-2-5g-iced-matcha,https://d14jfwlo68bhyr.cloudfront.net/products/1786023182613-ac28ea74-3e20-40da-9436-2ea62f77f045.webp,,"The Iced Matcha 5-Pack of Baby Jeeters is a sophisticated and energizing Sativa designed to fuel creativity and focus. This pack is a highlight of Jeeter’s premium ""Quad-Infused"" series, meticulously crafted with indoor flower, infused with Liquid Diamonds and Live Rosin, and finished with a signature coating of premium kief. Typically testing between 38% and 43% THC, it offers a soaring, clear-headed high that feels like a ""refreshing pick-me-up for the mind."""
01951af3-d809-7a1e-91d0-54062e91d79c,JEETER,BABY JEETER INFUSED PREROLL 5PK [2.5G] ORANGE DAIQURI,PREROLL,2.5G,SATIVA,35.63%,,38.04,EVERYDAY DISCOUNT - JEETER – 5PK BABY INFUSED PREROLLS & 2G XL INFUSED PREROLL - 30% OFF,True,jeeter-jeeter-baby-jeeter-infused-preroll-5pk-2-5g-orange-daiquri,https://d14jfwlo68bhyr.cloudfront.net/products/1786023407495-ac441506-dc82-4bad-b216-af2ff627d8e8.webp,,"The Orange Daiquiri 5-Pack of Baby Jeeters is a ""bright and bubbly"" Balanced Hybrid that captures the essence of a refreshing poolside cocktail. Part of Jeeter’s premium Liquid Diamond or Quad-Infused collection, these mini-joints are crafted with indoor-grown flower, infused with melted THCA Diamonds and Live Rosin, and finished with a signature coating of premium kief. Typically testing between 35% and 42% THC, it is a high-potency ""early afternoon"" favorite that perfectly balances citrus zest with a smooth, relaxing finish."
019ff14f-06c6-79f3-8f56-f8790203ba31,JEETER,LIVE RESIN BABY CANNON INFUSED PREROLL 3PK [1.5G] ACE KILLER OG - 1.5 G - 3 PACK,PREROLL,1.5G,,45.40%,,32.04,,False,jeeter-jeeter-live-resin-baby-cannon-infused-preroll-3pk-1-5g-ace-killer-og,https://d14jfwlo68bhyr.cloudfront.net/products/1788181769560-799246d0-4075-4aff-8be4-ab4ed84062fe.webp,,"Jeeter's Baby Cannon 3-Pack brings the Ace Killer OG indica to life through three 0.5g infused prerolls loaded with 100% live resin made from fresh frozen flower, delivering a full-spectrum, high-terpene cannabis experience at a hefty 45% THC. The live resin infusion amplifies the natural depth of Ace Killer OG, making this pack a hard-hitting choice for evening unwinding or deep relaxation. If you want a dispensary preroll that punches well above its weight, this 1.5g trio from Jeeter delivers."
01951af3-d7bd-7696-a25a-ba13c5b20a2a,JEETER,LIVE RESIN BABY CANNON INFUSED PREROLL 3PK [1.5G] INDIGO - 1.5 G - 3 PACK,PREROLL,1.5G,INDICA,43.20%,,32.04,,False,jeeter-jeeter-live-resin-baby-cannon-infused-preroll-3pk-1-5g-indigo,https://d14jfwlo68bhyr.cloudfront.net/products/1782745411891-e221bc8e-369e-4cb9-92f0-b3ec2103ec42.webp,,"Jeeter's Indigo Live Resin Baby Cannon infused prerolls pack a serious punch at 42% total THC, with each mini cannon in this 3-pack loaded with live resin cannabis concentrate for a richer, more flavorful hit than your average pre-roll. Indigo is a relaxing indica well-suited for unwinding at the end of the day, delivering the heavy, full-body effects you'd expect from a high-potency infused preroll. Grab this 3-pack at the dispensary while it's on sale — it's one of Jeeter's most popular formats for a reason."
019c00ca-683e-7a69-8e24-6793376f1bd9,JEETER,LIVE RESIN BABY CANNON INFUSED PREROLL 3PK [1.5G] RS11 - 1.5 G - 3 PACK,PREROLL,1.5G,HYBRID,48.09%,,32.04,,False,jeeter-jeeter-live-resin-baby-cannon-infused-preroll-3pk-1-5g-rs11,https://d14jfwlo68bhyr.cloudfront.net/banners/1772034526188-bdd62994-c545-4bff-be20-80be02525f12.webp,,"These potent hybrid infused pre-rolls pack RS 11 flower with live resin concentrate for an elevated cannabis experience that delivers balanced effects perfect for any time of day. At 46.7% THC, each Baby Cannon in this 3-pack offers smooth smoke with enhanced flavor and a powerful high that hits fast and lasts long. Jeeter's premium infused pre-rolls are ideal for sharing or when you want maximum potency without the hassle of rolling your own."
019db8e5-7244-7a4f-8be5-89143f61d2b8,JEETER,LIVE ROSIN BABY CANNON INFUSED PREROLL 3PK [1.5G] TAHOE OG - 1.5 G - 3 PACK,PREROLL,1.5G,HYBRID,45.34%,,48.05,,False,jeeter-jeeter-live-rosin-baby-cannon-infused-preroll-3pk-1-5g-tahoe-og,https://d14jfwlo68bhyr.cloudfront.net/products/1777915390390-5c7f82b5-e706-41b7-a03a-7d3b7c2a0a3d.webp,,"These Jeeter Live Rosin Baby Cannon infused prerolls pack premium Tahoe OG hybrid cannabis with live rosin concentrate for an elevated smoking experience. At 40.4% THC, this 3-pack delivers potent, full-spectrum effects that balance the relaxing body buzz of an indica with uplifting mental clarity. Perfect for seasoned cannabis users seeking maximum potency and the rich, piney flavors that make Tahoe OG a dispensary favorite."
019db8e4-f9b5-7fb8-ba22-641cfc964386,JEETER,LIVE ROSIN BABY CANNON INFUSED PREROLL [1.3G] GELONADE - 1.3 G,PREROLL,1.3G,HYBRID,44.42%,,38.04,,False,jeeter-jeeter-live-rosin-baby-cannon-infused-preroll-1-3g-gelonade,https://d14jfwlo68bhyr.cloudfront.net/products/1775053468043-b3b38e43-083e-4574-9b0e-afeccebe16d9.webp,,
01951af4-18e5-7799-8d1e-daf9c9084e42,JEETER,XL INFUSED PREROLL [2G] BANANA PEEL,PREROLL,2G,INDICA,36.07%,,35.04,EVERYDAY DISCOUNT - JEETER – 5PK BABY INFUSED PREROLLS & 2G XL INFUSED PREROLL - 30% OFF,True,jeeter-jeeter-xl-infused-preroll-2g-banana-peel,https://d14jfwlo68bhyr.cloudfront.net/products/1786551137564-945be3bd-b945-4a4f-b7c0-e2c3221a7f68.webp,,"Jeeter's Banana Peel XL Infused Preroll packs a potent 36% THC into a full 2-gram indica cannabis experience, with a terpene profile led by beta-caryophyllene, limonene, and myrcene that delivers earthy, citrus-tinged sweetness with a hint of tropical fruit. The infused preroll format means you're getting a slow-burning, hard-hitting session best suited for unwinding at night or sinking into deep relaxation. If you're shopping at the dispensary for a premium ready-to-smoke indica that goes the distance, this one's built for it."
01951af4-18e7-7f3f-a025-5fe11235060a,JEETER,XL INFUSED PREROLL [2G] BLUE ZKZ,PREROLL,2G,INDICA,37.37%,,35.04,EVERYDAY DISCOUNT - JEETER – 5PK BABY INFUSED PREROLLS & 2G XL INFUSED PREROLL - 30% OFF,True,jeeter-jeeter-xl-infused-preroll-2g-blue-zkz,https://d14jfwlo68bhyr.cloudfront.net/products/1786551174865-29de01dc-a661-464c-bddf-c924ec1351d2.webp,,"The Jeeter XL Blue ZKZ is a 2-gram masterpiece that combines ""Z"" family candy flavors with elite-tier potency. By layering premium indoor flower with liquid diamonds, rosin, and kief, Jeeter has created a slow-burning powerhouse that captures the citrus, berry, and wildflower essence of its Blue Diamond and Zkittlez lineage. Testing near 38% THC, this oversized joint provides a multifaceted high—starting with a joyful mental spark that matures into a warm, soothing physical buzz. It is the premier choice for the high-tolerance consumer who wants a ""marathon"" session that tastes like a tropical treat and hits with sustained, royal force."
019f8953-8207-7a8c-9af5-0d64ea6851e2,JOOST,INFUSED PREROLL 4PK [2G] BUBBA KUSH X GARLIC MINTS - 2 G - 4 PACK,PREROLL,2G,INDICA,34.92%,,30.05,,False,joost-joost-infused-preroll-4pk-2g-bubba-kush-x-garlic-mints,https://d14jfwlo68bhyr.cloudfront.net/products/1785437816327-541a8775-1e6c-484e-8255-bb5d148734eb.webp,,"INDOOR FLOWER: Bubba Kush LIVE RESIN: Garlic Mints  4-Pack of live resin infused pre-rolls - 2 grams per tin, 1/2g per joint :) These lil' guys pack a punch! You get 4 joints of indoor flower infused with pure live resin, packed into a reusable tin that's perfect for on-the-go!  PURE AND SIMPLE: Experience the perfect pairing of unique strain combinations with a joint that harmonizes the rich, full-bodied effects of high-quality indoor flower and the terpene-packed punch of pure live resin. It’s a unique experience you’ll fall in love with at first inhale. ;)  PRO TIP: For the best experience, slowly rotate the pre-roll while lighting the end and taking gentle inhales. This will ensure your joint burns evenly, helping you avoid the dreaded ‘canoe’."
019f8958-3f6d-7e89-bfa9-d33b15bb7374,JOOST,INFUSED PREROLL 4PK [2G] CHEM OG X MINT PIE GAS - 2 G - 4 PACK,PREROLL,2G,HYBRID,34.99%,,30.05,,False,joost-joost-infused-preroll-4pk-2g-chem-og-x-mint-pie-gas,https://d14jfwlo68bhyr.cloudfront.net/products/1785439338608-0b275759-3048-4623-b826-1c4f8035d8d4.webp,,"INDOOR FLOWER: Chem OG LIVE RESIN: Mint Pie Gas  4-Pack of live resin infused pre-rolls - 2 grams per tin, 1/2g per joint :) These lil' guys pack a punch! You get 4 joints of indoor flower infused with pure live resin, packed into a reusable tin that's perfect for on-the-go!  PURE AND SIMPLE: Experience the perfect pairing of unique strain combinations with a joint that harmonizes the rich, full-bodied effects of high-quality indoor flower and the terpene-packed punch of pure live resin. It’s a unique experience you’ll fall in love with at first inhale. ;)  PRO TIP: For the best experience, slowly rotate the pre-roll while lighting the end and taking gentle inhales. This will ensure your joint burns evenly, helping you avoid the dreaded ‘canoe’."
019f8956-8e79-73fc-b974-fe8238c5fa9d,JOOST,INFUSED PREROLL 4PK [2G] TRIPLE DIESEL X DESERT LIME - 2 G - 4 PACK,PREROLL,2G,SATIVA,34.98%,,30.05,,False,joost-joost-infused-preroll-4pk-2g-triple-diesel-x-desert-lime,https://d14jfwlo68bhyr.cloudfront.net/products/1785439265843-7452bb9e-ab2c-452a-a1db-37ad28e14a0a.webp,,"INDOOR FLOWER: Triple Diesel LIVE RESIN: Desert Lime  4-Pack of live resin infused pre-rolls - 2 grams per tin, 1/2g per joint :) These lil' guys pack a punch! You get 4 joints of indoor flower infused with pure live resin, packed into a reusable tin that's perfect for on-the-go!  PURE AND SIMPLE: Experience the perfect pairing of unique strain combinations with a joint that harmonizes the rich, full-bodied effects of high-quality indoor flower and the terpene-packed punch of pure live resin. It’s a unique experience you’ll fall in love with at first inhale. ;)  PRO TIP: For the best experience, slowly rotate the pre-roll while lighting the end and taking gentle inhales. This will ensure your joint burns evenly, helping you avoid the dreaded ‘canoe’."
019ff722-057d-7bf1-99cc-e778e356444f,JOOST,INFUSED PREROLL [1G] BUBBLE GUM RUNTZ X CHEM DAWG - 1 G,PREROLL,1G,HYBRID,32.87%,,14.05,,False,joost-joost-infused-preroll-1g-bubble-gum-runtz-x-chem-dawg,https://d14jfwlo68bhyr.cloudfront.net/products/1787156722683-df2f35ed-e1a5-4d2f-9d48-68236e93bdac.webp,,"This JOOST infused pre-roll combines the sweet, candy-forward profile of Bubble Gum Runtz with the sharp, fuel-driven bite of Chem Dawg in a 1-gram hybrid cannabis pre-roll packing 328.74mg THC — making it one of the heavier hitters you'll find at the dispensary. Expect a smooth smoke that opens with sugary, fruity notes before giving way to a pungent, diesel-edged finish. Best suited for evening use when you want deep relaxation with a euphoric edge."
019ff722-0589-77a2-ada6-858cf290167a,JOOST,INFUSED PREROLL [1G] EL CHIVO OG X PLATINUM KUSH - 1 G,PREROLL,1G,INDICA,36.70%,,14.05,,False,joost-joost-infused-preroll-1g-el-chivo-og-x-platinum-kush,https://d14jfwlo68bhyr.cloudfront.net/products/1787156768640-1c335d64-463b-47a6-9156-472460efeed2.webp,,"This JOOST infused preroll packs a serious punch at 36.7% THC, combining the heavy indica genetics of El Chivo OG x Platinum Kush into a 1g smoke built for deep relaxation and end-of-day unwinding. The infused format intensifies the experience, making it a go-to for cannabis consumers who want a slow, sedating session without having to pack a bowl."
019ff722-05b5-73d6-a360-56f9653105ec,JOOST,INFUSED PREROLL [1G] SUPER LEMON HAZE X BERRY PIE - 1 G,PREROLL,1G,SATIVA,39.76%,,14.05,,False,joost-joost-infused-preroll-1g-super-lemon-haze-x-berry-pie,https://d14jfwlo68bhyr.cloudfront.net/products/1787156935098-c0df7b2a-1f5d-417d-bb2f-a91daf707bc1.webp,,"This JOOST infused pre-roll brings together the bright citrus punch of Super Lemon Haze and the sweet, fruity depth of Berry Pie in a potent 1g sativa cannabis pre-roll hitting 39.7% THC — a serious option for seasoned consumers looking for daytime energy and creative focus. The infusion adds an extra layer of intensity to every draw, making it a standout pick at the dispensary for those who want more than a standard pre-roll."
0196c51c-0830-7462-afeb-e9144b4032b1,KINGPEN,KINGROLL INFUSED PREROLL [1.3G] G13 X MASTER KUSH - 1.3 G,PREROLL,1.3G,HYBRID,47.57%,,16.05,,False,kingpen-kingpen-kingroll-infused-preroll-1-3g-g13-x-master-kush,https://d14jfwlo68bhyr.cloudfront.net/banners/1767924707240-9b18dfee-1d3d-4523-9c18-0cf2b2d034c9.webp,,"The Kingroll G13 x Master Kush 1.3G is a premier ""Old School"" Indica infusion that delivers a crushing blow of relaxation and a rich, hashy palate. By combining boutique flower with Kingpen’s award-winning oil and golden kief, this joint offers a concentrated burst of earthy pine and lemon-gas terpenes while testing at over 40% THC. Unlike more energizing Sativa blends, this G13 and Master Kush pairing is designed for the end of the night, providing a heavy-eyed euphoria and a deep body buzz that melts away tension. It is the gold standard for connoisseurs seeking a traditional ""Kush"" experience with the amplified potency of a modern triple-infusion."
019f18a8-d9fa-7bd7-b385-b1684869a107,KINGPEN,KINGROLL INFUSED PREROLL [1.3G] MAUI WOWIE X BLUE DREAM - 1.3 G,PREROLL,1.3G,HYBRID,44.52%,,16.05,,False,kingpen-kingpen-kingroll-infused-preroll-1-3g-maui-wowie-x-blue-dream,,,
01958cce-bf03-7fe7-ab5f-7adc4ceb9f26,KINGPEN,KINGROLL INFUSED PREROLL [1.3G] WHITE WIDOW X STRAWBERRY FIELDS,PREROLL,1.3G,HYBRID,43.34%,,16.05,,False,kingpen-kingpen-kingroll-infused-preroll-1-3g-white-widow-x-strawberry-fields,https://d1hhy58mqsa6c3.cloudfront.net/916928a7-444e-4ad3-bfd0-b799e8385e4d/903ef63a-e09f-44ab-8220-aa02219e2d14,,"The Kingpen Kingroll Infused 1.3g Preroll (White Widow x Strawberry Fields) is a ""Best of Both Worlds"" hybrid that balances legendary Dutch genetics with modern, fruit-forward potency. This 1.3g joint follows the Kingroll ""Gold Standard"": premium White Widow whole-nug flower is infused with Kingpen’s award-winning Strawberry Fields distillate oil, then finished with a heavy coating of golden kief.  This pairing bridges the gap between the resinous, spicy punch of a classic ""Old School"" hybrid and the syrupy, berry sweetness of a modern exotic. Potency typically tests between 39% and 45% THC."
01a07b1c-de2c-750e-beed-8463d5655a96,KINGPEN,KINGROLL JUNIOR INFUSED PREROLL 4PK [3G] MOONBOW X RAINBOW BELTS - 3 G - 4 PACK,PREROLL,3G,HYBRID,44.99%,0.14%,30.05,,False,kingpen-kingpen-kingroll-junior-infused-preroll-4pk-3g-moonbow-x-rainbow-belts,,,
01951af3-fa96-772c-b181-64a256ce9269,KINGPEN,KINGROLL JUNIOR INFUSED PREROLL 4PK [3G] SUPER LEMON HAZE X GELONADE,PREROLL,3G,SATIVA,43.98%,,30.05,,False,kingpen-kingpen-kingroll-junior-infused-preroll-4pk-3g-super-lemon-haze-x-gelonade,https://d14jfwlo68bhyr.cloudfront.net/1pijfgfotq.webp,,"The Kingpen Kingroll Junior 4-Pack (Super Lemon Haze x Gelonade) is a high-octane Sativa power-pairing designed for elite mental clarity and a vivid citrus flavor profile. This 3g pack features four 0.75g joints, each following the Kingroll ""Gold Standard"": premium Super Lemon Haze whole-nug flower infused with Gelonade distillate oil and finished with a heavy coating of golden kief.  This blend is a ""Citrus King"" pairing, as both parent strains are legendary for their lemon-forward terpenes. Potency is exceptionally high, typically testing between 42% and 47% THC."
01a07b1f-94f9-7119-b46e-36faf749a982,KINGPEN,KINGROLL JUNIOR INFUSED PREROLL 4PK [3G] SUPER SILVER HAZE X GREEN CRACK - 3 G - 4 PACK,PREROLL,3G,SATIVA,45.02%,,30.05,,False,kingpen-kingpen-kingroll-junior-infused-preroll-4pk-3g-super-silver-haze-x-green-crack,,,
0198f4ca-400d-7056-a726-08de2a579e8c,KINGPEN,KINGROLL JUNIOR INFUSED PREROLL 4PK [3G] WATERMELON Z X CANNALOPE KUSH - 3 G - 4 PACK,PREROLL,3G,,42.65%,0.09%,30.05,,False,kingpen-kingpen-kingroll-junior-infused-preroll-4pk-3g-watermelon-z-x-cannalope-kush,https://d1hhy58mqsa6c3.cloudfront.net/916928a7-444e-4ad3-bfd0-b799e8385e4d/fe07bd96-bce2-4594-9089-ba71f0cf0148,,"The Kingpen Kingroll Junior 4-Pack (Watermelon Z x Cannalope Kush) is a high-potency ""Flavor King"" pairing that blends the candy-like sweetness of modern exotics with the tropical funk of classic Kush. This 3g pack features four 0.75g joints, each following the Kingroll ""Gold Standard"": premium Watermelon Z whole-nug flower infused with Cannalope Kush distillate oil and finished with a heavy coating of golden kief.  This blend is a favorite for those seeking a ""happy-hazy"" afternoon or evening, typically testing at a high potency between 41% and 45% THC."
019f18e0-30ab-7859-a547-71d2f9f8b649,LOLO,INFUSED PREROLL 3PK [1.5G] MIMOSA PUNCH - 1.5 G - 3 PACK,PREROLL,1.5G,INDICA,36.84%,0.13%,15.05,,False,lolo-lolo-infused-preroll-3pk-1-5g-mimosa-punch,https://d14jfwlo68bhyr.cloudfront.net/products/1783351230113-79e49741-9a72-468b-a551-359faaa343c9.webp,,"This LOLO Mimosa Punch infused pre-roll 3-pack brings together the best of Mimosa and Orange Punch in a smooth, dessert-worthy smoke — think orange zest, ripe berries, and a creamy tropical finish that hits the palate clean every time. At 36.8% THC, this high-potency indica cannabis pre-roll delivers a warm, mellow uplift that gradually settles into a soothing body high, easing tension without knocking you out. Perfect for winding down after a long day, each 0.5g infused pre-roll in the pack offers that cozy, laid-back comfort you'd pick up at the dispensary for a relaxing evening session."
019f159d-0fe3-7df0-8c20-c89624d5f6ca,LOLO,INFUSED PREROLL 3PK [1.5G] ORANGE CREAMSICLE - 1.5 G - 3 PACK,PREROLL,1.5G,SATIVA,35.63%,,15.05,,False,lolo-lolo-infused-preroll-3pk-1-5g-orange-creamsicle,https://d14jfwlo68bhyr.cloudfront.net/products/1782909549491-eb80774a-fbc9-417d-95f6-af9ed1c19e8a.webp,,"LOLO's Orange Creamsicle infused pre-roll 3-pack brings the nostalgia of a classic frozen treat to your cannabis routine, with sweet citrus and creamy vanilla notes that live up to the name. This sativa pre-roll is infused for an extra kick, making it a solid pick for daytime sessions when you want something uplifting and flavorful. Three ready-to-go joints at 1.5g total — a convenient grab from the dispensary for sharing or stashing."
019f159e-e6e6-7c1a-b256-1f11cd4b2318,LOLO,INFUSED PREROLL 3PK [1.5G] SKUNK #1 - 1.5 G - 3 PACK,PREROLL,1.5G,SATIVA,34.43%,0.31%,15.05,,False,lolo-lolo-infused-preroll-3pk-1-5g-skunk-1,https://d14jfwlo68bhyr.cloudfront.net/products/1783351261386-77766351-b1fe-4462-b432-f00bea1a142a.webp,,"LOLO's Skunk #1 infused pre-roll 3-pack brings the bold, old-school character of this classic sativa cannabis strain — pungent skunk, earthy citrus, and sharp herbal spice — in a convenient, ready-to-smoke format. Each infused pre-roll delivers a fast-hitting, uplifting cerebral buzz with boosted mood and energetic focus, making this pack a go-to for daytime sessions, creative work, or social hangs. Three pre-rolls, 1.5g total, all the loud funk and sativa energy Skunk #1 is known for."
019f6bb4-4699-737d-ba60-7c4e24081b01,LOLO,INFUSED PREROLL 3PK [1.5G] TANGERINE OG - 1.5 G - 3 PACK,PREROLL,1.5G,HYBRID,36.82%,0.31%,15.05,,False,lolo-lolo-infused-preroll-3pk-1-5g-tangerine-og,https://d14jfwlo68bhyr.cloudfront.net/products/1784646790097-9c6c4370-faa2-4b78-a547-389af1fafbec.webp,,"This LOLO infused pre-roll 3-pack brings the bright, citrus-forward character of Tangerine OG — a Tangie × OG Kush hybrid — rolled into three ready-to-spark cannabis pre-rolls totaling 1.5g. The aroma leads with sweet tangerine and zesty orange peel, while the flavor delivers smooth citrus candy layered with herbal earth and a hint of diesel. The balanced hybrid effects offer uplifting euphoria alongside easy body relaxation, making this pack a solid pick for social hangs, creative afternoons, or any session where you want a flavorful, functional smoke."
019f15a8-7702-7735-a318-f0d4ed8583df,LOLO,INFUSED PREROLL [1G] GOLD RUSH - 1 G,PREROLL,1G,INDICA,34.20%,0.35%,9.05,,False,lolo-lolo-infused-preroll-1g-gold-rush,https://d14jfwlo68bhyr.cloudfront.net/products/1782909575287-f479ec2b-fb0a-41d4-a559-38a19fc8b8b6.webp,,"The LOLO Gold Rush infused pre-roll is a 1g indica cannabis pre-roll built for unwinding — expect the heavy, relaxing body effects typical of a quality indica, boosted by the added concentrate infusion for extra potency. With 0.2g of concentrate packed in, this pre-roll hits harder than a standard flower roll, making it a solid pick for evening use when you want to sink in and slow down. Grab it at the dispensary or order online for a smooth, ready-to-go smoke from a brand that keeps it simple."
019fccfe-2fee-7e78-a962-ed69428b1e82,LOLO,INFUSED PREROLL [1G] ORANGE PINEAPPLE - 1 G,PREROLL,1G,HYBRID,33.93%,0.29%,8.05,,False,lolo-lolo-infused-preroll-1g-orange-pineapple,https://d14jfwlo68bhyr.cloudfront.net/products/1786553761991-cf1d3b45-0d14-401f-9874-f9f4ec53683e.webp,,"This LOLO infused preroll brings together the Orange Pineapple hybrid strain's signature citrus and tropical character in a ready-to-smoke 1g format. Fresh orange zest and ripe pineapple lead the aroma, while the flavor delivers sweet citrus, juicy tropical fruit, and a smooth herbal finish. The balanced hybrid effects start with clear-headed euphoria and settle into easy body comfort — a versatile cannabis experience that works for social hangs, creative afternoons, or simply unwinding without feeling locked down."
01a03fa9-0e8c-7137-9e4c-a6ebc8e2ea33,LOLO,INFUSED PREROLL [1G] SUPER SKUNK - 1 G,PREROLL,1G,INDICA,39.95%,,9.05,,False,lolo-lolo-infused-preroll-1g-super-skunk,https://d14jfwlo68bhyr.cloudfront.net/products/1784128179201-c449784a-c59b-4a4d-b813-4efbbca963ce.webp,,
01a01137-c9ce-7110-b64f-51eae344bcf9,LOLO,PREROLL [1G] JACK HERER - 1 G,PREROLL,1G,SATIVA,24.44%,0.13%,5.05,,False,lolo-lolo-preroll-1g-jack-herer,https://d1hhy58mqsa6c3.cloudfront.net/916928a7-444e-4ad3-bfd0-b799e8385e4d/9446937d-08a4-4e50-9b03-67d4c139c620,,"A legendary sativa cannabis strain rolled into a ready-to-go 1g preroll by LOLO, Jack Herer brings together Haze, Shiva Skunk, and Northern Lights for a bright, fast-hitting head high with sweet-sour citrus, ripe cherry, and a subtle nutty finish. The effects are energizing and mood-lifting — ideal for daytime use when you want to stay social, creative, and clear-headed. A classic dispensary staple that's earned its reputation one smoke at a time."
01a00ffc-0826-7d5e-a045-a71c9f10164b,LOLO,PREROLL [1G] ORANGE PINEAPPLE - 1 G,PREROLL,1G,HYBRID,24.02%,0.17%,5.05,,False,lolo-lolo-preroll-1g-orange-pineapple,https://d14jfwlo68bhyr.cloudfront.net/products/1787582437012-d2e13d72-eeb8-4b53-acb2-0257e80f5be5.webp,,"This LOLO pre-roll brings together the Orange Bud × Pineapple OG lineage in a 1g hybrid cannabis experience built around fresh orange zest, ripe pineapple, and a smooth herbal finish. Expect an uplifting wave of euphoria that settles into relaxed, clear-headed comfort — balanced enough to work for daytime use or a laid-back evening. A solid pick-up from the dispensary menu if you're after a tropical, mood-boosting smoke without feeling locked to the couch."
0199e8da-1a54-75db-82e4-f19e1f8dd631,MAVEN,GOLDIES INFUSED PREROLL 5PK [3G] FKAFL - 3 G - 5 PACK,PREROLL,3G,HYBRID,40.79%,0.23%,32.04,,False,maven-maven-goldies-infused-preroll-5pk-3g-fkafl,https://d1hhy58mqsa6c3.cloudfront.net/916928a7-444e-4ad3-bfd0-b799e8385e4d/83b77106-a40b-40cc-b0dc-2669517afef6,,"FKAFL (short for ""Formerly Known As French Laundry"") is one of Maven’s most decorated and visually stunning Hybrids. As part of the premium Goldies line, these prerolls are triple-infused for maximum impact. Typically testing between 40% and 45% THC, FKAFL is an award-winning cross known for its ""savory charcuterie"" profile and a high that balances intense cerebral focus with a velvet-like body serenity."
019bb845-4cdc-7aac-85f0-0b23a3cd6403,MAVEN,GOLDIES INFUSED PREROLL 5PK [3G] ORANGE BELLINI - 3 G - 5 PACK,PREROLL,3G,SATIVA,43.38%,0.60%,32.04,,False,maven-maven-goldies-infused-preroll-5pk-3g-orange-bellini,https://d14jfwlo68bhyr.cloudfront.net/banners/1773071545795-ae443d0c-cb61-4d11-9c9b-4a8b47b58ab2.webp,,"These Maven Goldies infused pre-rolls pack a potent punch with Orange Bellini sativa cannabis enhanced by concentrate infusion for elevated effects. You'll enjoy bright citrus flavors with a sweet, bubbly finish that delivers energizing daytime vibes perfect for social activities or creative pursuits. Each 5-pack contains 3 grams total of premium infused flower that burns smooth and hits strong."
019d1bf3-7885-70db-8c34-9a1cc10f6c24,MAVEN,MINI HALOS ROSIN INFUSED PREROLL 5PK [3G] HALOCHROME - 3 G - 5 PACK,PREROLL,3G,HYBRID,45.48%,0.25%,40.04,,False,maven-maven-mini-halos-rosin-infused-preroll-5pk-3g-halochrome,https://d14jfwlo68bhyr.cloudfront.net/banners/1774377744432-64af7f0c-a793-4374-9965-63fc00ff9c28.webp,,"These Mini Halos rosin-infused prerolls from Maven pack premium Halochrome hybrid cannabis with added rosin concentrate for enhanced potency and flavor. Each 5-pack contains 3 grams total of expertly crafted prerolls that deliver a balanced hybrid experience perfect for any time of day. The rosin infusion elevates these dispensary-quality prerolls beyond standard flower, offering concentrated cannabis effects in a convenient, ready-to-smoke format."
019b8fc2-f158-786b-8782-c479edb23cee,MAVEN,MINI HALOS ROSIN INFUSED PREROLL 5PK [3G] PARADISO TROPICAL - 3 G - 5 PACK,PREROLL,3G,SATIVA,40.74%,0.27%,40.04,,False,maven-maven-mini-halos-rosin-infused-preroll-5pk-3g-paradiso-tropical,https://d14jfwlo68bhyr.cloudfront.net/banners/1768012245805-619e8b11-252c-410d-a2b3-847ca4bbd3d0.webp,,"Maven Mini Halos Paradiso Tropical (5-Pack, 3g) A sophisticated, tropical journey in a sleek 5-pack. Each 0.6g Mini Halo is a masterfully crafted blend of Paradiso indoor flower infused with Honey Lemon Hibiscus Live Rosin. Delivering a potent 40%+ THC experience, these solventless pre-rolls offer a nuanced flavor profile of sweet citrus, honeyed floral notes, and tropical fruit. Expect an uplifting, creative, and euphoric high that transports the senses to a state of island paradise while maintaining mental clarity."
019b5138-a9d6-718a-aa32-c10d54bbd3ac,MAVEN,PREROLL 5PK [2.5G] 98K - 2.5 G - 5 PACK,PREROLL,2.5G,INDICA,25.00%,0.21%,28.05,,False,maven-maven-preroll-5pk-2-5g-98k,https://d14jfwlo68bhyr.cloudfront.net/banners/1768185109155-bf58d4f3-44c7-4a9f-86cd-d81730fcd39d.webp,,"Maven Genetics 98K (98 Karat) is a 2.5g pre-roll 5-pack that represents the pinnacle of the ""Gold Indica Standard."" Crossing 98 Reserve x Black Diamond X, these premium indoor joints feature a richly layered profile of candied citrus, sharp lemon zest, and earthy champagne funk. Delivering an immediate cerebral rush that melts into a heavy full-body calm, it offers a potent yet functional high that is perfect for those seeking luxury, complexity, and a long-lasting Kush experience."
019abdbf-66c8-729c-a40d-5418d6bec334,MAVEN,PREROLL 5PK [2.5G] FKAFL - 2.5 G - 5 PACK,PREROLL,2.5G,HYBRID,24.03%,0.07%,28.05,,False,maven-maven-preroll-5pk-2-5g-fkafl,https://d14jfwlo68bhyr.cloudfront.net/banners/1768187664191-88262e1f-88d3-4cec-8976-c5c4a4e8a94d.webp,,"Maven Genetics FKAFL (Formerly Known As French Laundry) is a 2.5g pre-roll 5-pack of ""award-winning and artisanal"" Hybrid joints. Crossing L.A. Rouge x The Soap, this sophisticated cultivar delivers a complex charcuterie-like profile of citrus, diesel, rosemary, and cheese with a lavender finish. Offering a harmonious high of euphoric focus and indulgent serenity, it is the ultimate choice for connoisseurs seeking a ""Michelin-star"" smoke that balances a hard-hitting mental wash with a refined, calming body high."
019ffad0-2562-7291-9d07-feabea45941d,MAVEN,PREROLL 5PK [2.5G] PINEAPPLE BISCOTTI - 2.5 G - 5 PACK,PREROLL,2.5G,,25.08%,0.33%,28.05,,False,maven-maven-preroll-5pk-2-5g-pineapple-biscotti,https://d14jfwlo68bhyr.cloudfront.net/products/1787151268800-c33c17b0-4aa8-49d3-9d09-940d9378fd6a.webp,,"Maven's Pineapple Biscotti pre-roll 5-pack delivers the sweet, tropical fruit and warm cookie dough notes this cannabis strain is known for, rolled and ready to spark. Each of the five pre-rolls in this 2.5g pack offers a smooth, flavorful smoke that suits unwinding at the end of the day or a laid-back social session. Grab this dispensary staple from Maven when you want a convenient, no-grind option with a strain that tastes as good as it hits."
019b535a-ba77-7b43-8026-b47c05a822d0,MAVEN,PREROLL [1G] UMAMI BUTTER - 1 G,PREROLL,1G,INDICA,25.09%,0.22%,10.05,,False,maven-maven-preroll-1g-umami-butter,https://d14jfwlo68bhyr.cloudfront.net/banners/1773074709190-18a6ed22-9068-4702-9f2d-a8f42f006b10.webp,,"This Maven indica pre-roll delivers rich, savory Umami Butter cannabis in a convenient 1-gram format perfect for evening relaxation. The unique strain offers a complex flavor profile that lives up to its name, providing the calming body effects typical of quality indica flower. Ready to smoke straight from the dispensary, this pre-roll is ideal for unwinding after a long day."
019fadf2-6b09-711e-8393-6c32a60987d2,MICRO GREENZ,PREROLL [1G] DURBAN POISON X JACK CAKE - 1 G,PREROLL,1G,SATIVA,22.35%,0.12%,5.05,SUPER VALUE MENU – 50% OFF,True,micro-greenz-micro-greenz-preroll-1g-durban-poison-x-jack-cake,https://d14jfwlo68bhyr.cloudfront.net/products/1787585649662-3fcb3e11-8c64-446d-b246-46e3d95f47b7.webp,,"This Micro Greenz sativa pre-roll combines the legendary Durban Poison with Jack Cake for a bright, energizing smoke that's well-suited for daytime use and social settings. At roughly 22% THC, this 1g cannabis pre-roll hits with the kind of clear-headed, uplifting buzz both strains are known for."
019fadf6-bc62-7f03-8614-70f725a5a089,MICRO GREENZ,PREROLL [1G] FACE MINTZ X GMO COOKIES - 1 G,PREROLL,1G,,25.23%,0.10%,5.05,SUPER VALUE MENU – 50% OFF,True,micro-greenz-micro-greenz-preroll-1g-face-mintz-x-gmo-cookies,https://d14jfwlo68bhyr.cloudfront.net/products/1787585657535-31e2c484-d2bb-4e7e-91ae-208ca24106fd.webp,,"This 1g pre-roll from Micro Greenz brings together the icy, minty bite of Face Mintz and the pungent, garlicky funk of GMO Cookies into one hard-hitting cannabis flower combination. At 25.23% THC, it's a potent smoke best saved for evening wind-down — expect heavy relaxation with that signature GMO depth rounded out by cool, sweet mint on the exhale."
019fadf5-855f-75f0-8c8d-6207f8fa2ac7,MICRO GREENZ,PREROLL [1G] SUPER RUNTZ X CANDY CREME - 1 G,PREROLL,1G,HYBRID,27.96%,0.11%,5.05,SUPER VALUE MENU – 50% OFF,True,micro-greenz-micro-greenz-preroll-1g-super-runtz-x-candy-creme,https://d14jfwlo68bhyr.cloudfront.net/products/1787585705377-5f4b5373-7270-41d2-8f66-e6a0fae2550a.webp,,"This Micro Greenz hybrid pre-roll combines Super Runtz and Candy Creme into a 1-gram cannabis joint built for sweet-tooth smokers who want a balanced, easygoing session. Expect candy-forward flavor with creamy, fruity notes that make it a smooth smoke any time of day."
0195f364-172d-7b5d-9acf-0f36d937ae21,MR ZIPS,INFUSED PREROLL 3PK [1.5G] SPACE ROCKS - 1.5 G - 3 PACK,PREROLL,1.5G,INDICA,40.05%,0.04%,12.05,,False,mr-zips-mr-zips-infused-preroll-3pk-1-5g-space-rocks,https://d14jfwlo68bhyr.cloudfront.net/banners/1754348636126-81a7b194-8b02-4c14-95ea-25e203c5005b.webp,,"Space Rocks is an indica-dominant hybrid strain known for its potent effects and delightful flavor profile. Its buds are dense and coated in a thick layer of trichomes, emitting a pungent aroma of sweet berries and fresh herbs. Space Rocks offers an out-of-this-world relaxing and euphoric high that leaves your worries and stress in a galaxy far far away.  Three 0.5g THCa Diamonds infused prerolls. Just fresh bud and pure THCa diamonds. Never trim. Always potent and delicious."
01a05e8f-3b87-7079-8b9d-4f0e51aa06e7,MR ZIPS,PREROLL 14PK [7G] BLUE METEORITE - 7 G - 14 PACK,PREROLL,7G,INDICA,25.06%,,30,,False,mr-zips-mr-zips-preroll-14pk-7g-blue-meteorite,,,
01a05e8f-3b8d-7653-bf9b-fb21b63bdcd3,MR ZIPS,PREROLL 14PK [7G] PEANUT BUTTER BREATH - 7 G - 14 PACK,PREROLL,7G,HYBRID,24.82%,,30,,False,mr-zips-mr-zips-preroll-14pk-7g-peanut-butter-breath,,,
01a05e8f-3b90-7d47-9f14-b2a919ea7be8,MR ZIPS,PREROLL 14PK [7G] SMARTIES - 7 G - 14 PACK,PREROLL,7G,SATIVA,23.76%,,30,,False,mr-zips-mr-zips-preroll-14pk-7g-smarties,,,
01a044cf-6e04-74cd-ab9a-7aad99011f27,OAKFRUITLAND,PREROLL 2PK [2G] J1 - 2 G - 2 PACK,PREROLL,2G,,27.45%,,14.05,,False,oakfruitland-oakfruitland-preroll-2pk-2g-j1,,,
0199a63b-9327-7f06-977b-dca96870dac4,OAKFRUITLAND,PREROLL 2PK [2G] OAK-LATO - 2 G - 2 PACK,PREROLL,2G,HYBRID,26.77%,,14.05,,False,oakfruitland-oakfruitland-preroll-2pk-2g-oaklato,https://d14jfwlo68bhyr.cloudfront.net/banners/1763061149777-3e752cac-5174-47e5-b036-cdb523a16513.webp,,"The Oakfruitland Oak-Lato 2-Pack [2G] is the definitive expression of the brand's expertise, crossing Lemon Cherry Gelato with Gelato 41 to create an elite hybrid powerhouse. These two 1-gram joints offer a masterclass in flavor, blending sweet berries, creamy gelato, and earthy cedar into a smooth, decadent smoke. With a THC content frequently exceeding 30%, Oak-Lato delivers a deeply restorative and blissful high that melts away stress while keeping the mind uplifted and creative. Whether you’re looking to unwind with friends or seeking a premium nightcap that balances flavor and potency, the ""strain that started it all"" remains a top-shelf staple for connoisseurs."
01951af4-0caf-72f7-b009-11973a07627a,OAKFRUITLAND,PREROLL 2PK [2G] PANDORA'S BOX - 2 G - 2 PACK,PREROLL,2G,INDICA,28.56%,,14.05,,False,oakfruitland-oakfruitland-preroll-2pk-2g-pandoras-box,https://d14jfwlo68bhyr.cloudfront.net/products/1781566878577-c221eef5-cffb-405c-881e-08c65ccc82d0.webp,,"The Oakfruitland Pandora's Box 2-Pack [2G] is a premium indoor hybrid that has quickly become one of the brand's most popular offerings, crossing LA Pop Rocks with Purple Push Pop. These two 1-gram joints offer a decadent flavor profile of creamy candy gas and sweet pineapple, delivering a smooth and aromatic smoke. With THC levels typically exceeding 28%, Pandora's Box provides a dual-action high that is mentally uplifting and creative while simultaneously inducing a state of deep physical relaxation. Whether you are looking to enhance an artistic pursuit or simply unwind with a high-potency ""treat,"" this strain offers a blissful escape that lives up to its legendary name."
019a07c6-800c-7d00-963f-c6cd1579d2ce,PACIFIC STONE,PREROLL 14PK [7G] BLUE DREAM - 7 G - 14 PACK,PREROLL,7G,SATIVA,21.67%,0.20%,40.04,,False,pacific-stone-pacific-stone-preroll-14pk-7g-blue-dream,https://d1hhy58mqsa6c3.cloudfront.net/916928a7-444e-4ad3-bfd0-b799e8385e4d/0c83c3a5-ff75-42a1-aa5f-e33b76debc27,,"The Pacific Stone Blue Dream [7g] Pre-Roll 14-Pack is a staple ""party pack"" for California cannabis consumers. It offers the state's most iconic strain in a farm-direct, high-value format. This pack contains fourteen 0.5g joints, totaling a full quarter-ounce of 100% greenhouse-grown whole flower from the coast of Santa Barbara.  Blue Dream is the legendary Sativa-dominant hybrid cross of Blueberry and Haze. Known for its extreme versatility, it typically tests between 18% and 24% THC. It delivers a ""best of both worlds"" experience: a calm, full-body physical relaxation paired with a gentle, creative cerebral high."
019a07c8-22f9-7405-b208-6bc1c6b919d1,PACIFIC STONE,PREROLL 14PK [7G] KUSH MINTS - 7 G - 14 PACK,PREROLL,7G,HYBRID,22.27%,0.19%,40.04,,False,pacific-stone-pacific-stone-preroll-14pk-7g-kush-mints,https://d1hhy58mqsa6c3.cloudfront.net/916928a7-444e-4ad3-bfd0-b799e8385e4d/7b383a8c-cddf-466d-9d97-2ad6ed066373,,"The Pacific Stone Kush Mints [7g] Pre-Roll 14-Pack is a fan favorite for those seeking high-potency, consistent quality at one of the best price points in the California market. This pack features fourteen 0.5g joints, machine-rolled using 100% greenhouse-grown whole flower from Pacific Stone’s massive family-owned coastal farms in Santa Barbara.  Kush Mints is a heavy-hitting Indica-dominant hybrid cross of Bubba Kush and Animal Mints. Typically testing between 24% and 28% THC, it is known for its unique ""savory-mint"" profile and a high that is deeply relaxing without being immediately ""sleepy."""
01951af4-0c64-700b-92c1-032cac6fa22b,PACIFIC STONE,PREROLL 14PK [7G] WEDDING CAKE,PREROLL,7G,INDICA,21.86%,0.18%,40.04,,False,pacific-stone-pacific-stone-preroll-14pk-7g-wedding-cake,https://d14jfwlo68bhyr.cloudfront.net/products/1776967070537-07624dc6-fdbf-4f8d-9ade-ba34d91fef59.webp,,"The Pacific Stone Wedding Cake [7g] Pre-Roll 14-Pack is a heavyweight in the Pacific Stone lineup, offering a potent and relaxing experience that stays true to its ""connoisseur"" genetics. This pack contains fourteen 0.5g ""shorty"" joints of greenhouse-grown flower, providing a high-quality, ""cake-family"" high at a very accessible price point.  Wedding Cake (also known as Pink Cookies) is a famous cross between Cherry Pie and Girl Scout Cookies (GSC). It typically tests between 22% and 26% THC, delivering a balanced but deeply sedating high."
01963a67-9b69-7b97-b5ac-27696a0f3105,PACIFIC STONE,SLIMS PREROLL 20PK [7G] CEREAL MILK - 7 G - 20 PACK,PREROLL,7G,HYBRID,21.79%,0.20%,40.04,,False,pacific-stone-pacific-stone-slims-preroll-20pk-7g-cereal-milk,https://d14jfwlo68bhyr.cloudfront.net/rAzScGyCuD.webp,,"The Pacific Stone Cereal Milk Slims 20-Pack offers a premium, nostalgic experience for the everyday consumer, featuring 7 grams of expertly grown greenhouse flower from the Central Coast of California. Derived from the celebrated Snowman and Y-Life genetics, this balanced hybrid is renowned for its unique ""dessert-like"" profile that blends creamy vanilla and sugary cereal notes with a bright, fruity finish. These 0.35g ""Slims"" are the ideal size for a functional session, delivering a smooth smoke that initiates a happy, focused cerebral high while simultaneously melting away physical tension. Whether you need a mental spark for a creative project or a mellow, social high to share with friends, Pacific Stone’s Cereal Milk Slims provide high-quality, farm-direct cannabis that is as reliable as it is delicious."
0198e7b0-e8af-7f7a-913e-d0208ff7da82,PACIFIC STONE,SLIMS PREROLL 20PK [7G] PURPLE TANGIE - 7 G - 20 PACK,PREROLL,7G,SATIVA,20.86%,0.19%,40.04,,False,pacific-stone-pacific-stone-slims-preroll-20pk-7g-purple-tangie,https://d1hhy58mqsa6c3.cloudfront.net/916928a7-444e-4ad3-bfd0-b799e8385e4d/164a09f6-8f32-4abc-85d4-628777840321,,"The Pacific Stone Purple Tangie Slims are a standout choice for anyone seeking an affordable, farm-direct Sativa that doesn't compromise on flavor. While Pacific Stone is often praised for its ""budget"" pricing, the quality of their greenhouse Purple Tangie flower consistently punches above its weight class. This 20-pack is the perfect companion for a beach day, a long creative project, or simply as a more flavorful alternative to your morning coffee."
01a08d56-43c2-7c64-be19-0e41a7f456a1,PAPA'S HERB,FLASH - INFUSED PREROLL [1G] LEMONCHELLO - 1 G,PREROLL,1G,SATIVA,,,12.05,AG FLASH ,True,papas-herb-flash-papas-herb-infused-preroll-1g-lemonchello,https://d1hhy58mqsa6c3.cloudfront.net/916928a7-444e-4ad3-bfd0-b799e8385e4d/6fd0839f-054e-41e4-a04b-516fe17f606e,,"The Lemonchello Infused Preroll by Papa's Herb is a premium 1-gram sativa preroll enhanced with a potent infusion for an elevated experience. This preroll combines high-quality flower with an added concentrate or distillate infusion to boost potency, flavor, and smoothness. Ideal for users seeking an energizing and uplifting effect, Lemonchello offers a clean and flavorful smoke in a convenient, ready-to-use format."
01986873-74a2-76d0-815a-893465fad6a2,PAPA'S HERB,INFUSED PREROLL [1G] LEMONCHELLO - 1 G,PREROLL,1G,SATIVA,,,12.05,,False,papas-herb-papas-herb-infused-preroll-1g-lemonchello,https://d1hhy58mqsa6c3.cloudfront.net/916928a7-444e-4ad3-bfd0-b799e8385e4d/6fd0839f-054e-41e4-a04b-516fe17f606e,,"Papa’s Herb Lemonchello is a high-potency, 1g ""Terp Stix"" infused pre-roll designed to deliver a refreshing, Mediterranean-inspired Sativa experience. This ""Triple Infusion"" joint features premium whole-bud flower enhanced with high-purity liquid diamonds, a proprietary terpene blend, and a golden kief coating, driving THC levels into the 40% range. Staying true to its lineage of The Original Lemonnade x Cherry Pie, the flavor profile is a bright, sophisticated mix of tart lemon zest and sweet cherry undertones, finished with a smooth, floral exhale. It delivers a fast-acting, ""sunshine-in-a-joint"" high characterized by a clear-headed cerebral lift and a boost in social energy, making it an ideal choice for daytime activities, creative projects, or ""party-starting"" where you want a potent euphoria without being weighed down."
019fa34b-28da-74af-a287-597746faa50b,PUFF,BUBBLE HASH PREROLL 5PK [2.5G] HASHBURGER X GMO - 2.5 G - 5 PACK,PREROLL,2.5G,INDICA,35.94%,0.09%,25.05,,False,puff-puff-bubble-hash-preroll-5pk-2-5g-hashburger-x-gmo,https://d14jfwlo68bhyr.cloudfront.net/products/1785338515885-35ddb4f6-1973-4f94-8b1f-0db76a12c76f.webp,,"PUFF's Hashburger x GMO bubble hash infused pre-rolls are built for indica lovers who want serious THC potency — each 5-pack delivers 2.5g of cannabis loaded with 35.9% total THC, with bubble hash worked in for an extra layer of concentrate-driven depth. Expect the funky, gassy, dank character that GMO is known for, rounded out by the heavy, sedating body feel of Hashburger. Best saved for evening or nighttime use when you're ready to fully unwind."
0199981f-d1a6-7ede-9235-06d2671ed7f8,PUFF,BUBBLE HASH PREROLL 5PK [2.5G] HORCHATA X STRAWBERRIES AND CREAM - 2.5 G - 5 PACK,PREROLL,2.5G,SATIVA,35.59%,0.13%,25.05,,False,puff-puff-bubble-hash-preroll-5pk-2-5g-horchata-x-strawberries-and-cream,https://d14jfwlo68bhyr.cloudfront.net/products/1774628402201-3b241397-a35c-4814-8fb0-a7e0d9f35e15.webp,,"Experience the fusion of our Horchata and Strawberries & Cream Bubble Hash pre-rolls. Rolled with premium Horchata flower and infused with full melt Strawberries and Cream bubble hash, each puff delivers rich creamy smoke with uplifting effects. These infused pre-rolls will enhance your creative pursuits while your head  floats in a blissful joy."
0197a2d3-be10-77e4-a16f-cc7625037903,PUFF,BUBBLE HASH PREROLL 5PK [2.5G] RAINBOW COOKIES X LA KUSH CAKE - 2.5 G - 5 PACK,PREROLL,2.5G,HYBRID,34.31%,0.07%,25.05,,False,puff-puff-bubble-hash-preroll-5pk-2-5g-rainbow-cookies-x-la-kush-cake,https://d14jfwlo68bhyr.cloudfront.net/products/1774628521133-c689ae8f-ba8a-481c-8ad8-4db4ee551293.webp,,Rainbow Cookies rolled with LA Kush Cake:  This unique fusion blends the sweet and fruity notes of Rainbow Cookies with the earthy and decadent flavors of LA Kush Cake. The result is a harmonious symphony of tastes that tantalizes the taste buds.
019fa351-4fa8-76b8-9712-dafc99bfef8d,PUFF,BUBBLE HASH PREROLL 5PK [2.5G] SUPER BOOF X ZOAP - 2.5 G - 5 PACK,PREROLL,2.5G,HYBRID,31.24%,0.07%,25.05,,False,puff-puff-bubble-hash-preroll-5pk-2-5g-super-boof-x-zoap,https://d14jfwlo68bhyr.cloudfront.net/products/1788879996378-8344181c-59e1-4914-a2df-1de84222e901.webp,,"A five-pack of bubble hash-infused prerolls built around the Super Boof x Zoap hybrid cannabis strain, each loaded with potent flower and coated in concentrate for a slow, even burn that hits hard at 31% THC. Super Boof x Zoap is known for a complex profile that blends gassy, floral, and fruity notes — expect a smooth but powerful smoke that settles into a balanced, full-body hybrid effect. These PUFF infused prerolls are a solid pick when you want something stronger than standard flower without stepping up to a full concentrate."
019f6c01-9d99-7e41-8cd4-9f37b64c150f,PUFF,BUBBLE HASH PREROLL [1G] HASHBURGER X GMO - 1 G,PREROLL,1G,INDICA,35.94%,0.09%,10.05,,False,puff-puff-bubble-hash-preroll-1g-hashburger-x-gmo,https://d14jfwlo68bhyr.cloudfront.net/products/1785338958238-df510fd2-feac-4537-b189-7755b515235c.webp,,"This PUFF bubble hash infused pre-roll packs the funky, fuel-forward intensity of Hashburger x GMO into a ready-to-spark 1g cannabis experience built for serious indica lovers. Expect deep, dank, gassy flavor with earthy undertones — the kind of heavy, full-body session best saved for when the day is done. The added bubble hash concentrate kicks potency up a notch, making this dispensary staple a go-to for consumers who want more than a standard pre-roll."
0199103f-cb1b-763d-97a1-301303b168e2,PUFF,BUBBLE HASH PREROLL [1G] HORCHATA X STRAWBERRIES AND CREAM - 1 G,PREROLL,1G,SATIVA,35.59%,0.13%,10.05,,False,puff-puff-bubble-hash-preroll-1g-horchata-x-strawberries-and-cream,https://d14jfwlo68bhyr.cloudfront.net/products/1774628739112-02926399-628e-4354-82bc-3b53195b561c.webp,,"Experience the fusion of our Horchata and Strawberries & Cream Bubble Hash pre-rolls. Rolled with premium Horchata flower and infused with full melt Strawberries and Cream bubble hash, each puff delivers rich creamy smoke with uplifting effects. These infused pre-rolls will enhance your creative pursuits while your head  floats in a blissful joy."
019fabb8-225c-7ce3-9922-a4f4f3c93c03,PUFF,BUBBLE HASH PREROLL [1G] SUPER BOOF X ZOAP - 1 G,PREROLL,1G,HYBRID,31.24%,0.07%,10.05,,False,puff-puff-bubble-hash-preroll-1g-super-boof-x-zoap,https://d14jfwlo68bhyr.cloudfront.net/products/1788180345077-03cbd2de-5f9a-4e67-8be8-e397281a683e.webp,,"This PUFF bubble hash infused pre-roll pairs Super Boof x Zoap flower with solventless bubble hash for a potent hybrid cannabis experience that clocks in at over 31% THC. Bright citrus and orange notes lead with a floral finish, making each draw smooth and flavorful from start to finish. At 1 gram, it's a hard-hitting choice for consumers at the dispensary who want the clean, full-spectrum punch of solventless cannabis without the extra steps."
01a044cf-599c-78ed-9d12-d64b5e05da4a,PUFF,DIAMOND INFUSED PREROLL 5PK [2.5G] BLUE DREAM - 2.5 G - 5 PACK,PREROLL,2.5G,SATIVA,31.81%,0.05%,28.05,,False,puff-puff-diamond-infused-preroll-5pk-2-5g-blue-dream,https://d14jfwlo68bhyr.cloudfront.net/products/1788180440536-5ab1c95f-e80b-4b97-8bf0-3a951b9f78ce.webp,,"This PUFF Blue Dream diamond infused pre-roll 5-pack brings a potent sativa cannabis experience with 31.8% THC and diamond infusion for an extra kick of clean, concentrated power. Blue Dream's signature sweet blueberry and earthy pine flavors come through on every draw, pairing well with the strain's uplifting, clear-headed effects. A solid daytime choice when you want to stay creative and focused without feeling weighed down."
019fa354-9a43-7db9-bf11-6d1f8006c651,PUFF,DIAMOND INFUSED PREROLL 5PK [2.5G] CANTALOUPE KUSH - 2.5 G - 5 PACK,PREROLL,2.5G,HYBRID,34.57%,0.07%,28.05,,False,puff-puff-diamond-infused-preroll-5pk-2-5g-cantaloupe-kush,https://d14jfwlo68bhyr.cloudfront.net/products/1788180553757-f56ed675-9a97-4827-9441-962fc5f76021.webp,,"PUFF's Cantaloupe Kush diamond infused pre-roll 5-pack delivers a potent hit of tropical sweetness and earthy Kush depth, triple-infused with bubble hash, THC diamonds, and terpenes for a total of 34.5% THC. Each of the five half-gram joints in this hybrid cannabis pre-roll burns smooth with juicy cantaloupe and sweet citrus flavor up front, grounding out into a rich, dank finish. A hard-hitting pack built for experienced consumers who want maximum potency without sacrificing flavor."
019fa356-2919-7cd4-87a0-7fc65e6a377c,PUFF,DIAMOND INFUSED PREROLL 5PK [2.5G] WATERMELON Z - 2.5 G - 5 PACK,PREROLL,2.5G,INDICA,38.74%,,28.05,,False,puff-puff-diamond-infused-preroll-5pk-2-5g-watermelon-z,https://d14jfwlo68bhyr.cloudfront.net/products/1788180601494-6ea9517f-6265-42a3-b6d8-367103cf642b.webp,,"PUFF's Watermelon Z diamond infused pre-roll 5-pack delivers premium indica cannabis flower triple-infused with bubble hash, THC diamonds, and terpenes — clocking in at a potent 38.7% THC. Sweet tropical and citrus flavors come through on every draw, backed by a deep earthy finish that signals a heavy, relaxing smoke. Best saved for evening use when you're ready to fully unwind."
01a044cf-5967-7a4e-ac99-a976fdb6ae3e,PUFF,DIAMOND INFUSED PREROLL [1G] BLUE DREAM - 1 G,PREROLL,1G,SATIVA,31.81%,0.05%,11.05,,False,puff-puff-diamond-infused-preroll-1g-blue-dream,,,"This PUFF Blue Dream diamond infused pre-roll packs a potent 31.8% THC into a smooth, sativa-dominant smoke that delivers an uplifting, cerebral high with gentle body relaxation — ideal for creative sessions or staying focused and calm throughout the day. The classic Blue Dream strain brings its signature blend of sweet berry flavor and earthy undertones, while the diamond infusion turns up the intensity for a longer, more euphoric ride. A solid pick from your dispensary menu when you want inspiration without the couch lock."
019fa357-f2dc-7d8e-b636-5c5e22c532f0,PUFF,DIAMOND INFUSED PREROLL [1G] CANTALOUPE KUSH - 1 G,PREROLL,1G,HYBRID,34.57%,0.07%,11.05,,False,puff-puff-diamond-infused-preroll-1g-cantaloupe-kush,,,
019fa359-7742-7623-b7da-1e4d2ba9fb96,PUFF,DIAMOND INFUSED PREROLL [1G] WATERMELON Z - 1 G,PREROLL,1G,INDICA,38.74%,,11.05,,False,puff-puff-diamond-infused-preroll-1g-watermelon-z,,,"This PUFF Watermelon Z diamond infused pre-roll delivers a sweet, candy-like watermelon flavor with smooth, rich smoke that goes down easy from the first puff. At 38% THC, this potent indica cannabis pre-roll hits with a heavy body buzz and deep mental calm — exactly what you want when the day is done. Roll into a stress-free evening with one of the most flavorful relaxing indicas you'll find at the dispensary."
019915b2-96b9-7385-b5ba-3dc43239d8f4,PUFF,PREROLL 5PK [2.5G] BLUE CHEESE - 2.5 G - 5 PACK,PREROLL,2.5G,INDICA,27.21%,0.07%,15.05,,False,puff-puff-preroll-5pk-2-5g-blue-cheese,https://d14jfwlo68bhyr.cloudfront.net/products/1774629328903-906c0e45-84db-48d9-b3d2-5097c4067622.webp,,"Blue Cheese is known for its tangy aroma and ability to provide a euphoric high. The scent is pungent, with a hint of skunkiness and earthiness rounding out the aroma. When smoking, you can expect a smooth, flavorful hit that leaves you with a mouthful and a quick headrush . Whether you're looking for a way to unwind after a long day or simply want to enjoy a delicious smoke, Puff Blue Cheese pre-rolls are a great choice."
019aa326-a422-763f-9a53-f9d67f306efa,PUFF,PREROLL 5PK [2.5G] BLUE DREAM - 2.5 G - 5 PACK,PREROLL,2.5G,SATIVA,27.13%,0.06%,15.05,,False,puff-puff-preroll-5pk-2-5g-blue-dream,https://d14jfwlo68bhyr.cloudfront.net/products/1774627880868-694ced08-6ed2-4e2b-9415-e5a2bca33696.webp,,"This sativa-dominant Blue Dream pre-roll 5-pack from Puff delivers the classic balance of uplifting energy and smooth relaxation that made this strain legendary. Sweet berry flavors with earthy undertones create a flavorful cannabis experience that's perfect for daytime creativity, social activities, or boosting your mood while staying clear-headed."
019b32cb-7001-7113-a929-437dacdfd381,PUFF,PREROLL 5PK [2.5G] LEMON CHERRY GELATO - 2.5 G - 5 PACK,PREROLL,2.5G,HYBRID,24.78%,0.06%,15.05,,False,puff-puff-preroll-5pk-2-5g-lemon-cherry-gelato,https://d14jfwlo68bhyr.cloudfront.net/products/1774627765268-9a72edc7-4584-41c6-b716-b63ecd3fdb7a.webp,,"These Puff Lemon Cherry Gelato pre-rolls deliver a dessert-inspired cannabis experience with bold citrus and cherry flavors that create a smooth, creamy smoke. This balanced hybrid offers euphoric creativity paired with gentle body relaxation, making it perfect for stress relief any time of day. Each 5-pack contains premium flower rolled into convenient joints that provide consistent potency and a flavorful session from the first puff to the last."
0198683e-bfcc-744a-9b0f-c20996937fe3,PUFF,PREROLL [1G] ALIEN OG - 1 G,PREROLL,1G,HYBRID,25.04%,0.06%,6.05,,False,puff-puff-preroll-1g-alien-og,https://d14jfwlo68bhyr.cloudfront.net/products/1774628151164-94b09da6-6448-4977-9611-a58fb36dcb0e.webp,,"This Puff pre-roll delivers the potent Alien OG hybrid strain with an immediate euphoric head high that melts into full-body relaxation. Expect bold pine and citrus flavors alongside uplifting, creative effects that make this cannabis pre-roll perfect for both social sessions and unwinding after a long day."
019929ed-a7e0-71c1-8767-366754739e3b,PUFF,PREROLL [1G] BLUE CHEESE - 1 G,PREROLL,1G,INDICA,27.21%,0.07%,6.05,,False,puff-puff-preroll-1g-blue-cheese,https://d14jfwlo68bhyr.cloudfront.net/products/1774629556825-e602c307-77af-44a3-8e33-6da7cacd1b97.webp,,"Blue Cheese is known for its tangy aroma and ability to provide a euphoric high. The scent is pungent, with a hint of skunkiness and earthiness rounding out the aroma. When smoking, you can expect a smooth, flavorful hit that leaves you with a mouthful and a quick headrush . Whether you're looking for a way to unwind after a long day or simply want to enjoy a delicious smoke, Puff Blue Cheese pre-rolls are a great choice."
019aa328-e8b6-7121-a466-6e7a4da934aa,PUFF,PREROLL [1G] BLUE DREAM - 1 G,PREROLL,1G,SATIVA,27.13%,0.06%,6.05,,False,puff-puff-preroll-1g-blue-dream,https://d14jfwlo68bhyr.cloudfront.net/products/1774627850863-c4995219-a396-4c1a-a324-fff0b92368ba.webp,,"This classic sativa-dominant Blue Dream pre-roll delivers an uplifting cerebral high with sweet berry flavors and smooth earthy undertones. Perfect for daytime cannabis use, this 1-gram pre-roll from PUFF provides balanced energy and clear-headed focus ideal for creative projects or social gatherings. Made with premium flower, you'll enjoy a flavorful smoke that enhances your mood without weighing you down."
019db8ee-86ae-716b-b670-a83f5050d123,PUFF,PREROLL [1G] CEREAL MILK - 1 G,PREROLL,1G,HYBRID,24.18%,0.07%,6.05,,False,puff-puff-preroll-1g-cereal-milk,https://d14jfwlo68bhyr.cloudfront.net/products/1774620710223-9f434e67-8c9a-472c-a67b-7499a44fa072.webp,,
019b32cb-fe19-741a-9fba-134afee84bc4,PUFF,PREROLL [1G] LEMON CHERRY GELATO - 1 G,PREROLL,1G,HYBRID,24.78%,0.06%,6.05,,False,puff-puff-preroll-1g-lemon-cherry-gelato,https://d14jfwlo68bhyr.cloudfront.net/products/1774627678581-94871efe-aecb-426e-bdea-2b000006e108.webp,,"This Puff brand hybrid pre-roll delivers the dessert-like experience its name promises, with zesty lemon and sweet cherry flavors that create a smooth, creamy smoke. The balanced Lemon Cherry Gelato strain offers an ideal combination of uplifting creativity and relaxing body effects, making this cannabis pre-roll perfect for any time of day when you want both flavor and feel-good vibes."
019d01b9-90cf-774d-8688-fd25c8e8d7ba,PUFF,PREROLL [1G] WEDDING CAKE - 1 G,PREROLL,1G,INDICA,25.17%,0.09%,6.05,,False,puff-puff-preroll-1g-wedding-cake,https://d14jfwlo68bhyr.cloudfront.net/products/1774620784649-f1c0ec99-5ccf-4d28-85bf-2979e6d20561.webp,,"This indica-dominant Wedding Cake pre-roll from PUFF delivers rich vanilla and sweet dough flavors with a hint of earthy spice. You'll experience a euphoric mental lift that gradually transitions into deep body relaxation, making it ideal for evening unwinding or celebrating special moments."
01951af3-d7ab-7c17-bc7d-757d28ab5191,PURE BEAUTY,BABIES MINI PREROLL 10PK [3.5G] BLACK BOX HYBRID,PREROLL,3.5G,HYBRID,24.89%,,42.05,,False,pure-beauty-pure-beauty-babies-mini-preroll-10pk-3-5g-black-box-hybrid,https://d14jfwlo68bhyr.cloudfront.net/banners/1762372172718-f9eee2a5-97bf-45d1-9530-523dd3aa0429.webp,,"Smoke Pure Beauty for California’s #1 pre-roll. We take this sh*t seriously, cherry-picking the best flower and genetics to create thoughtful blends that make for a smooth and slow, even burn. These Hybrid Babies contain multitudes–petite yet powerful, evolving yet reliable, indica yet sativa. We curate our full-flower blends to provide an optimal experience, packing a whole eighth into each box. Unlike other hybrids out there, ours is expertly balanced with a clean lineage of OG strains. Notes of fuel and pine, nice relaxed and happy high. - Smooth and clean - Flower is grown in nutrient rich moss and soil, with beneficial insects and positive energy - Over 20 million smoked in California, #1 in its category - Each pre-roll contains 0.35 grams of flower / 10-Pack: 3.5 grams total"
019fd15c-bef3-7cf6-8ace-dd716850c40f,PURE BEAUTY,BABIES MINI PREROLL 10PK [3.5G] SATIVA BABIES BY THE WRONG GIRLS - 3.5 G - 10 PACK,PREROLL,3.5G,SATIVA,24.23%,,42.05,,False,pure-beauty-pure-beauty-babies-mini-preroll-10pk-3-5g-sativa-babies-by-the-wrong-girls,https://d14jfwlo68bhyr.cloudfront.net/products/1786542631796-beb45e4c-3758-49f9-b131-a22ae4c1f510.webp,,"Celebrate the release of the new UNHINGED stoner comedy with an Embarc-exclusive drop from PURE BEAUTY. For a limited time, grab the new Sativa Babies pre-rolls, available exclusively at Embarc. Plus, receive a FREE gift with purchase while supplies last. Don’t wait—this limited release won’t last long."
0195a2be-cfd8-797e-afeb-edc23e0dda74,PURE BEAUTY,BABIES PREROLL 10PK [3.5G] SATIVA - 3.5 G - 10 PACK,PREROLL,3.5G,SATIVA,23.15%,,42.05,,False,pure-beauty-pure-beauty-babies-preroll-10pk-3-5g-sativa,https://d14jfwlo68bhyr.cloudfront.net/banners/1762372206607-3d3d2b9e-982c-49e5-b28e-64836c993dc2.webp,,"Do you need to keep your hands free and focused doing productive stuff during daytime hours? We took the liberty of making you a pre-roll that’s ready-to-go so you can attend to the task at hand. Before we get to rolling we get to carefully selecting which strains to blend because we think it is important to be intentional about it. Our Sativa Babies are ideal for whenever you need to smoke something smooth and clean sprinkled with tropical notes of citrus, for an uplift in spirits and euphoric feelings. Smoke Pure Beauty for California’s #1 pre-roll.  - Smooth and clean - Flower is grown in nutrient rich moss and soil, with beneficial insects and positive energy - Over 20 million smoked in California, #1 in its category - Each pre-roll contains 0.35 grams of flower / 10-Pack: 3.5 grams total"
01969c70-8981-706d-955b-0450219d8dc6,PURE BEAUTY,PREROLL 10PK [3.5G] INDICA BABIES - 3.5 G - 10 PACK,PREROLL,3.5G,INDICA,21.98%,,42.05,,False,pure-beauty-pure-beauty-preroll-10pk-3-5g-indica-babies,https://d14jfwlo68bhyr.cloudfront.net/banners/1762496424946-842c0de3-2e20-4f6e-96c8-342aa2228a56.webp,,"""FUN-SIZED AND READY TO GO, PURE BEAUTY'S INDICA BABIES ARE PERFECTLY PORTABLE PREROLLS FILLED WITH RELAXING, HIGH QUALITY INDICA FLOWER. WITH A CITRUSY AROMA AND SWEET TASTE, THESE BABIES MAKE FOR A DEEPLY RELAXING, SMILEY HIGH. PASS THEM OUT AT THE PARTY OR KEEP THEM ALL TO YOURSELF. EACH BOX OF BABIES CONTAINS AN EIGHTH OF WHOLE FLOWER ROLLED INTO 10 MINI JOINTS. CONTAINS 10 PREROLLS AND 3.5G TOTAL - PACKAGED IN A PLA BAG MADE FROM PLANT STARCH. PURE BEAUTY IS A DIVERSE TEAM THAT MAKES SOCIAL JUSTICE A CORE PART OF ITS MISSION.  PHENOTYPE: INDICA  THIS STATEMENT HAS NOT BEEN EVALUATED BY THE FOOD AND DRUG ADMINISTRATION. THIS PRODUCT IS NOT INTENDED TO DIAGNOSE, TREAT, CURE, OR PREVENT ANY DISEASE."""
019f6adb-6555-7b3d-93bd-853fef5cd76d,REVELRY,PREROLL 14PK [7G] DARK HORSE - 7 G - 14 PACK,PREROLL,7G,INDICA,19.24%,0.16%,40.04,,False,revelry-revelry-preroll-14pk-7g-dark-horse,https://d14jfwlo68bhyr.cloudfront.net/products/1786723092766-1bd7a16a-e79d-4e24-abd6-b574305201ee.webp,,"Revelry's Dark Horse indica pre-roll 14-pack delivers 7 grams of flower across 14 ready-to-spark joints, testing at 19.2% THC with a terpene profile led by beta-caryophyllene, limonene, and linalool — a combination that leans earthy and slightly spicy with a hint of citrus. This is a heavy-hitting cannabis session pack built for unwinding at the end of the day, offering the kind of full-body relaxation that indica fans at the dispensary come back for. Stock up and keep a few on hand — at this quantity and potency, it's one of the better values on the menu."
01a05cbf-7a13-7571-9f7b-f821d308cb9a,REVELRY,PREROLL 7PK [3.5G] STAGE 5 - 3.5 G - 7 PACK,PREROLL,3.5G,INDICA,25.21%,0.15%,23.05,,False,revelry-revelry-preroll-7pk-3-5g-stage-5,,,
0197f5a2-34a7-7b5a-964c-7ca370fbc70c,SLUGGERS,INFUSED BLUNT PREROLL [2G] NYC DIESEL - 2 G,PREROLL,2G,HYBRID,32.74%,0.07%,25.05,,False,sluggers-sluggers-infused-blunt-preroll-2g-nyc-diesel,https://d14jfwlo68bhyr.cloudfront.net/banners/1764969904054-4c7293e1-094f-4a25-aad9-96755139385f.webp,,"This premium infused blunt combines NYC Diesel hybrid flower with solventless rosin and THCa diamonds, delivering citrus and sweet flavors with focused, creative energy balanced by relaxing effects. Wrapped in hemp leaf with a corn-husk filter, this 2-gram pre-roll burns slowly and evenly for approximately 836mg of total THC in a luxurious cannabis session."
019f6c11-e70e-7124-8287-e9ccde675379,SLUGGERS,INFUSED BLUNT PREROLL [2G] PINK ACAI - 2 G,PREROLL,2G,INDICA,32.92%,0.08%,25.05,,False,sluggers-sluggers-infused-blunt-preroll-2g-pink-acai,https://d14jfwlo68bhyr.cloudfront.net/products/1784645210129-8eb2e5b9-b56d-43c4-bfb8-aa148307000b.webp,,"The Sluggers Pink Acai infused blunt is a 2g indica cannabis preroll hitting at nearly 33% THC, making it one of the harder-hitting options you'll find at the dispensary. Expect a deeply relaxing, body-heavy experience well-suited for unwinding at the end of the day. The Pink Acai strain brings sweet, berry-forward flavor that carries through from start to finish on this slow-burning blunt."
019c4433-e334-70b8-88da-5bb2931aecb2,SLUGGERS,INFUSED PREROLL [1.5G] ADIOS MF - 1.5 G,PREROLL,1.5G,INDICA,34.60%,0.08%,17.05,,False,sluggers-sluggers-infused-preroll-1-5g-adios-mf,https://d14jfwlo68bhyr.cloudfront.net/banners/1772210988858-fafc321b-d468-4b8e-9fa3-625a6aed5196.webp,,"This potent indica infused pre-roll from Sluggers combines premium Adios MF flower with concentrated cannabis extract for an intensely relaxing experience. Perfect for evening unwind sessions, this 1.5-gram pre-roll delivers heavy-hitting effects that melt away stress and tension. The infusion amplifies the natural sedating qualities of this indica strain, making it ideal for deep relaxation and restful sleep."
01a01088-6e2a-77e7-929b-ede1bf38384a,SLUGGERS,INFUSED PREROLL [1.5G] MAUI MANGO - 1.5 G,PREROLL,1.5G,HYBRID,32.69%,0.07%,17.05,,False,sluggers-sluggers-infused-preroll-1-5g-maui-mango,https://d14jfwlo68bhyr.cloudfront.net/products/1787754741559-45bfab17-e0fc-48b5-8496-8657326f509e.webp,,"Sluggers' Maui Mango is a 1.5g infused preroll built for hybrid cannabis lovers who want serious potency — this one clocks in at 32.7% THC for a well-rounded, hard-hitting experience. Expect tropical, fruity notes true to the Maui Mango strain, with a smooth smoke that balances relaxing body effects and an uplifting mental buzz. A great pick from the dispensary shelf when you want a ready-to-go session that punches above its weight."
019ce351-0e3d-7bbf-a23c-67b18cbaa7b9,SLUGGERS,JUICED INFUSED PREROLL 5PK [3.5G] GELONADE - 3.5 G - 5 PACK,PREROLL,3.5G,SATIVA,33.25%,0.04%,42.05,THURSDAY – Q4 DAILY DEALS – SLUGGERS – 5PK PREROLLS,True,sluggers-sluggers-juiced-infused-preroll-5pk-3-5g-gelonade,https://d14jfwlo68bhyr.cloudfront.net/banners/1773412447951-bbdec9c6-8bd9-40e4-97b1-26f67c5b7136.webp,,"This Sluggers 5-pack of infused pre-rolls features the uplifting sativa strain Gelonade, delivering 33% THC for a potent, energizing experience. Each infused joint combines premium flower with concentrate for enhanced potency and smooth burning. Perfect for daytime use when you want an uplifting, creative boost that keeps you motivated and focused."
019c7890-30e0-7c39-adbd-65e1f7d5b49a,SLUGGERS,JUICED INFUSED PREROLL 5PK [3.5G] GUSHERS - 3.5 G - 5 PACK,PREROLL,3.5G,HYBRID,33.16%,0.06%,42.05,THURSDAY – Q4 DAILY DEALS – SLUGGERS – 5PK PREROLLS,True,sluggers-sluggers-juiced-infused-preroll-5pk-3-5g-gushers,https://d14jfwlo68bhyr.cloudfront.net/banners/1772211363513-6dbdd874-d2e7-4a5e-b8bf-b38156cdab13.webp,,"These Sluggers Juiced infused pre-rolls pack serious punch with Gushers hybrid cannabis enhanced by concentrate infusion, delivering 33.7% THC for an elevated experience. The 5-pack of premium pre-rolls offers convenient, potent sessions perfect for sharing or extended enjoyment. Expect balanced hybrid effects that blend relaxation with euphoria, making these infused pre-rolls ideal for evening wind-down or social gatherings."
0199c4df-fa58-7d2c-b1c4-818291145c5d,SLUGGERS,JUICED INFUSED PREROLL 5PK [3.5G] LEGEND OG DIAMOND EDITION - 3.5 G - 5 PACK,PREROLL,3.5G,HYBRID,39.77%,0.04%,42.05,THURSDAY – Q4 DAILY DEALS – SLUGGERS – 5PK PREROLLS,True,sluggers-sluggers-juiced-infused-preroll-5pk-3-5g-legend-og-diamond-edition,https://d1hhy58mqsa6c3.cloudfront.net/916928a7-444e-4ad3-bfd0-b799e8385e4d/518c3baa-8faa-4ea8-b109-55208521aa02,,"The Sluggers Hit Juiced Infused 5-Pack (Legend OG - Diamond Edition) is a powerhouse ""hall of fame"" collaboration featuring five 0.7g prerolls (3.5g total) produced in partnership with Squintz and Chauncey Leopardi from the cult classic film The Sandlot. This elite Diamond Edition takes the legendary Legend OG—a hard-hitting Indica-dominant phenotype of OG Kush—and supercharges it with an internal infusion of liquid diamonds and solventless hash, topped off with a shimmering external coating of THCa diamonds. The flavor profile is a pungent, old-school masterpiece that ""tastes like the Colossus of Clout,"" offering a bold palate of sharp pine, earthy musk, and tart citrus, balanced by a distinctive gassy, fuel-heavy finish on the exhale. With potency levels often hitting between 43% and 49% THC, Legend OG delivers a heavy-handed, ""for-ev-ver"" kind of high that provides a euphoric cerebral lift before surrendering to a deep, sedative body melt, making it an elite choice for high-tolerance users looking to knock out chronic pain, stress, or insomnia."
01997cbd-d605-7680-a725-cb52d296976e,SLUGGERS,JUICED INFUSED PREROLL 5PK [3.5G] PURPLE POP ROCKS - 3.5 G - 5 PACK,PREROLL,3.5G,HYBRID,34.90%,0.04%,42.05,THURSDAY – Q4 DAILY DEALS – SLUGGERS – 5PK PREROLLS,True,sluggers-sluggers-juiced-infused-preroll-5pk-3-5g-purple-pop-rocks,https://d14jfwlo68bhyr.cloudfront.net/banners/1765319141824-3b70ad60-acc7-4a44-95f9-753dbbcee4d4.webp,,"The Sluggers Hit Juiced Infused 5-Pack (Purple Pop Rocks) is a vibrant, high-potency collection of five 0.7g prerolls (3.5g total) that combines ""nostalgic"" candy flavors with elite modern genetics. This balanced hybrid is a masterfully crafted cross of Rainbow Beltz and Permanent Marker (though some lineages point to a cross of LA Pop Rocks and Purple Push Pop), designed to provide a well-rounded, colorful experience. Each ""Juiced"" joint is triple-infused with premium indoor flower, liquid diamonds, and solventless hash, and then finished with a heavy external coating of kief. The flavor profile is a ""pop"" of sweetness, delivering a bold palate of grape candy and sweet berries, balanced by sharp gas, earth, and spicy undertones on the exhale. With potency typically testing between 35% and 42% THC, Purple Pop Rocks provides a fast-acting uplifting and euphoric cerebral high that sparks creativity and giggles before gently easing into a relaxing body buzz, making it an ideal choice for social afternoon sessions, creative projects, or simply unwinding with a flavorful, high-octane smoke."
01951af3-f6ec-77de-9c17-de7756d46303,STIIIZY,INFUSED 40'S MINI BLUNT 5PK [2.5G] BLUE BURST,PREROLL,2.5G,HYBRID,42.49%,,33.04,"EVERYDAY DISCOUNT - STIIIZY– INFUSED FLOWER, NON-INFUSED FLOWER, PREROLLS, EXTRACT, BATTERIES - 15% OFF",True,stiiizy-stiiizy-infused-40s-mini-blunt-5pk-2-5g-blue-burst,https://d14jfwlo68bhyr.cloudfront.net/products/1781823264797-505a7415-91be-468b-a2b8-e7ccf04ba450.webp,,"STIIIZY – Infused 40’s Mini Blunt 5 Pack [2.5 g] – Blue Burst is a premium ready-to-smoke infused cannabis mini blunt set crafted for bold, juicy flavor and enhanced sensory experience in a convenient multi-pack format. Each mini blunt blends quality Blue Burst-inspired flower with added concentrates to amplify terpene expression and overall richness, delivering vibrant berry-accented aroma and sweet fruit notes with smooth herbal undertones. Designed for smooth draws and satisfying delivery, the infusion elevates both taste and effect, making this 5-pack ideal for consumers who enjoy bright, fruit-forward profiles and flavorful, elevated enjoyment in every puff — perfect for sharing or everyday sessions."
019a835a-ae98-7b25-8b3b-1e6ebe4691ef,STIIIZY,INFUSED 40'S MINI BLUNT 5PK [2.5G] MAGIC MELON - 2.5 G - 5 PACK,PREROLL,2.5G,HYBRID,42.26%,,33.04,"EVERYDAY DISCOUNT - STIIIZY– INFUSED FLOWER, NON-INFUSED FLOWER, PREROLLS, EXTRACT, BATTERIES - 15% OFF",True,stiiizy-stiiizy-infused-40s-mini-blunt-5pk-2-5g-magic-melon,https://d14jfwlo68bhyr.cloudfront.net/banners/1767289236630-629ccb52-949c-4a07-8051-44f54013f9bb.webp,,"The STIIIZY Infused 40's Magic Melon Mini Blunt 5pk (2.5g) is a high-performance, Sativa-dominant collection engineered for those who demand extreme potency and tropical flavor in a convenient, social format. Each 0.5g mini blunt is part of STIIIZY’s ""40’s"" line—guaranteeing a total THC content of 40% or higher—achieved through a sophisticated multi-infusion process that blends premium indoor flower with high-potency THC distillate and a shimmering outer coating of golden kief. Rolled in a slow-burning, 100% tobacco-free hemp wrap, these blunts feature the ""Magic Melon"" profile (Mango Trees x Honeydew Melon x Mango Sherbet), delivering a refreshing palate of ripe cantaloupe, sweet honeydew, and creamy mango. The experience is characterized by an immediate cerebral euphoria and giggly energy, making it an ideal choice for social gatherings or creative focus without the heavy sedative effects of traditional indica blunts."
01951af3-f6f8-7861-a0ad-4d48306106ab,STIIIZY,INFUSED 40'S MINI BLUNT 5PK [2.5G] WATERMELON Z,PREROLL,2.5G,INDICA,34.92%,0.16%,33.04,"EVERYDAY DISCOUNT - STIIIZY– INFUSED FLOWER, NON-INFUSED FLOWER, PREROLLS, EXTRACT, BATTERIES - 15% OFF",True,stiiizy-stiiizy-infused-40s-mini-blunt-5pk-2-5g-watermelon-z,https://d14jfwlo68bhyr.cloudfront.net/products/1782163867280-ec8c0add-c7df-457e-abd8-ace6f40a915c.webp,,"The STIIIZY Infused 40's Watermelon Z Mini Blunts (2.5g) are a high-potency staple in the STIIIZY ""40's"" lineup, specifically designed for those who want a ""candy-gas"" flavor profile with a heavy-hitting punch. This pack contains five 0.5g mini blunts, each achieving a potency of 40% THC or higher through a triple-layered process: premium indoor flower is infused with high-purity THC distillate and then rolled in a thick coating of golden kief."
01951af3-f70c-7078-9542-e1b8b89a501e,STIIIZY,INFUSED 40'S PREROLL 5PK [2.5G] BLUE BURST,PREROLL,2.5G,HYBRID,40.97%,,30.05,"EVERYDAY DISCOUNT - STIIIZY– INFUSED FLOWER, NON-INFUSED FLOWER, PREROLLS, EXTRACT, BATTERIES - 15% OFF",True,stiiizy-stiiizy-infused-40s-preroll-5pk-2-5g-blue-burst,https://d14jfwlo68bhyr.cloudfront.net/products/1781823289935-a73dbf5b-d53a-483a-a49b-796f2df75511.webp,,"This premium ready‑to‑smoke infused preroll set is crafted for vibrant, berry-forward flavor and smooth delivery in a convenient 5‑pack format. Each preroll features Blue Burst‑inspired flower enhanced with added concentrates to amplify terpene expression, delivering sweet blueberry and tropical fruit notes with subtle herbal undertones. Designed for smooth draws and satisfying performance, this 5‑pack offers a flavorful, fruit-forward experience, perfect for sharing or enjoying relaxed sessions."
01951af3-f70f-7474-bac7-1c27ad596bee,STIIIZY,INFUSED 40'S PREROLL 5PK [2.5G] KING LOUIS XIII,PREROLL,2.5G,INDICA,42.67%,,30.05,"EVERYDAY DISCOUNT - STIIIZY– INFUSED FLOWER, NON-INFUSED FLOWER, PREROLLS, EXTRACT, BATTERIES - 15% OFF",True,stiiizy-stiiizy-infused-40s-preroll-5pk-2-5g-king-louis-xiii,https://d14jfwlo68bhyr.cloudfront.net/products/1782163223098-651c732b-9f22-4d6f-b676-34b05212510a.webp,,"This premium ready-to-smoke infused preroll set is crafted for smooth delivery and bold, classic flavor in a convenient 5-pack format. Each preroll features King Louis XIII–inspired flower enhanced with added concentrates to amplify terpene expression and aromatic depth, delivering rich herbal, pine, and subtle earthy notes with a refined finish. Designed for consistent burn and satisfying draws, this 5-pack offers a flavorful, full-bodied experience ideal for sharing or enjoying relaxed, elevated sessions."
019a8359-7484-7017-b016-eab1a59de3a9,STIIIZY,INFUSED 40'S PREROLL 5PK [2.5G] MAGIC MELON - 2.5 G - 5 PACK,PREROLL,2.5G,HYBRID,39.09%,,30.05,"EVERYDAY DISCOUNT - STIIIZY– INFUSED FLOWER, NON-INFUSED FLOWER, PREROLLS, EXTRACT, BATTERIES - 15% OFF",True,stiiizy-stiiizy-infused-40s-preroll-5pk-2-5g-magic-melon,https://d14jfwlo68bhyr.cloudfront.net/banners/1767487847680-9eb194f9-c3db-4df7-8e18-9ac3ca4ffb3a.webp,,"The STIIIZY 40's Magic Melon 5-Pack is the ultimate choice for those who want flavor and extreme potency in a convenient, portable format. By combining the exotic melon profile of Mango Trees and Honeydew with a potent Live Resin infusion, STIIIZY has created a smoke that is both delicious and high-performing. With THC levels consistently hitting the 40% mark, these joints offer a long-lasting, energetic and happy high. It is a top-tier option for veteran smokers who appreciate the ritual of a kief-coated joint and the uplifting spirit of a true California sativa."
01951af3-f710-77b0-ab2a-33f56c4bbb0c,STIIIZY,INFUSED 40'S PREROLL 5PK [2.5G] ORANGE SUNSET - 2.5 G,PREROLL,2.5G,SATIVA,42.53%,0.15%,30.05,"EVERYDAY DISCOUNT - STIIIZY– INFUSED FLOWER, NON-INFUSED FLOWER, PREROLLS, EXTRACT, BATTERIES - 15% OFF",True,stiiizy-stiiizy-infused-40s-preroll-5pk-2-5g-orange-sunset,https://d14jfwlo68bhyr.cloudfront.net/products/1782166090961-c092a993-e2e7-4ff5-a04a-2672eaa2c013.webp,,"This infused preroll 5-pack delivers a vibrant, citrus-forward smoking experience in STIIIZY’s signature ready-to-use format. Crafted with Orange Sunset–inspired flower and enhanced with added concentrates, each preroll offers bright orange zest, sweet tropical notes, and a smooth, aromatic finish. Designed for an even burn and consistent flavor from start to finish, this pack is ideal for those who enjoy uplifting, flavorful sessions with a bold terpene profile and convenient, shareable portions."
01951af3-f717-7524-9d26-f5ba5f126b45,STIIIZY,INFUSED 40'S PREROLL 5PK [2.5G] SOUR DIESEL - 2.5 G - 5 PACK,PREROLL,2.5G,SATIVA,41.71%,,30.05,"EVERYDAY DISCOUNT - STIIIZY– INFUSED FLOWER, NON-INFUSED FLOWER, PREROLLS, EXTRACT, BATTERIES - 15% OFF",True,stiiizy-stiiizy-infused-40s-preroll-5pk-2-5g-sour-diesel,https://d14jfwlo68bhyr.cloudfront.net/products/1782165766721-2ea7d540-5bac-4a23-843c-7b70476b0610.webp,,"Sour Diesel is a sativa with pungent diesel and earthy elements.  STIIIZY’s Infused 40’s Sour Diesel preroll 5-pack combines high-quality flower with infused concentrates to deliver an elevated, high-potency smoking experience. Sour Diesel is recognized for its sharp diesel aroma layered with citrus and herbal notes, producing a bold and pungent flavor profile. The effects are typically fast-acting and energizing, offering an uplifting cerebral buzz paired with light body relaxation, making it well suited for daytime use, creative focus, or social settings, all finished with STIIIZY’s signature smooth burn and consistent roll quality."
019a8358-7879-7b18-9bf3-d1c8aa7044ea,STIIIZY,INFUSED 40'S PREROLL 5PK [2.5G] STRAWBERRY MANGO - 2.5 G - 5 PACK,PREROLL,2.5G,HYBRID,38.18%,,30.05,"EVERYDAY DISCOUNT - STIIIZY– INFUSED FLOWER, NON-INFUSED FLOWER, PREROLLS, EXTRACT, BATTERIES - 15% OFF",True,stiiizy-stiiizy-infused-40s-preroll-5pk-2-5g-strawberry-mango,https://d14jfwlo68bhyr.cloudfront.net/banners/1767488548249-846336b7-8947-4b11-97b0-43de816cf06b.webp,,"The STIIIZY Infused 40's Strawberry Mango 5-Pack is a masterclass in potency and tropical flavor. By combining the legendary sweetness of Strawberry Cough with the uplifting spirit of Mango Haze and amping it up with live resin and kief, STIIIZY has created a 40%+ THC experience that is both smooth and hard-hitting. These joints offer a refreshing, fruit-forward smoke and a potent, energizing high that is perfect for veteran smokers who want to stay active and inspired. It is a top-shelf choice for those who value the convenience of a multipack without sacrificing the extreme power of a luxury infusion."
01951af3-f721-7f4c-bf2b-4b1f26611603,STIIIZY,INFUSED 40'S PREROLL [1G] BLUE DREAM,PREROLL,1G,SATIVA,41.25%,,15.05,"EVERYDAY DISCOUNT - STIIIZY– INFUSED FLOWER, NON-INFUSED FLOWER, PREROLLS, EXTRACT, BATTERIES - 15% OFF",True,stiiizy-stiiizy-infused-40s-preroll-1g-blue-dream,https://d14jfwlo68bhyr.cloudfront.net/products/1781724050581-a944b56f-9377-4785-a668-5382a26bf12f.webp,,"STIIIZY’s Infused 40’s Blue Dream preroll delivers a smooth, ready-to-use smoking experience with classic, fruit-forward flavor. Crafted with premium Blue Dream-inspired flower and infused concentrates, each preroll offers sweet berry notes balanced with gentle herbal and earthy undertones. Expertly rolled for consistent burn and draws, this 1 g preroll provides a well-rounded, flavorful experience ideal for daytime enjoyment, social sessions, or relaxing solo moments."
019f05f2-ef38-7f23-9530-a885fb189abb,THE PAIRIST,ROSIN INFUSED PREROLL [1G] CARA CARA - 1 G,PREROLL,1G,HYBRID,40.49%,0.24%,18.05,,False,the-pairist-the-pairist-rosin-infused-preroll-1g-cara-cara,,,
019f3e98-e22f-7132-a2b8-0e59a5594b42,TRADITIONAL,PREROLL [1G] ALASKAN THUNDER CENSORED - 1 G,PREROLL,1G,HYBRID,18.44%,0.03%,9.05,,False,traditional-traditional-preroll-1g-alaskan-thunder-censored,,,"This hybrid cannabis pre-roll from Traditional delivers sweet vanilla and fresh pine in every draw, with euphoric, creativity-forward effects that clear mental fog and keep ideas flowing. Alaskan Thunder Censored is a go-to for daytime sessions when you want a clear head, sharp focus, and a lighter, brighter mood. A full gram, ready to spark."
01951af4-0e61-753a-89e1-5cea5298aba6,TRADITIONAL,PREROLL [1G] BLUE DONUT,PREROLL,1G,INDICA,19.05%,0.04%,9.05,,False,traditional-traditional-preroll-1g-blue-donut,https://d14jfwlo68bhyr.cloudfront.net/dnaMmDCVll.webp,,"The Traditional Blue Donut Pre-Roll (1g) is a high-potency, dessert-leaning Indica-dominant hybrid that lives up to its name with a ""glazed"" confectionery profile. Bred and cultivated by the Los Angeles-based brand Traditional, this strain is a sophisticated cross of Biscotti Backcross x OG x Gelato (though some phenotypes are also linked to Jet Fuel Gelato x Orange Cookies).  True to the Traditional ethos, this pre-roll uses 100% premium indoor-grown whole flower, often testing between 29% and 33% THC."
019a0012-8b2d-7d42-9c5d-2c4e4a41745f,TUTTI,DIAMOND INFUSED PREROLL [1G] BACIO - 1 G,PREROLL,1G,INDICA,34.29%,0.03%,9.05,SUPER VALUE MENU - TUTTI INFUSED PREROLLS - 45% OFF,True,tutti-tutti-diamond-infused-preroll-1g-bacio,https://d1hhy58mqsa6c3.cloudfront.net/916928a7-444e-4ad3-bfd0-b799e8385e4d/23b2380b-450f-4aaf-a3c4-99b3ff67914f,,"The Tutti Diamond Infused Preroll (1g) – Bacio features a premium hand-rolled preroll crafted with high-quality Bacio flower and infused with potent diamond resin for an elevated smoking experience. This preroll delivers smooth, flavorful draws with a sweet, dessert-inspired profile highlighting notes of berries, tropical fruit, and subtle creamy undertones, while the diamond infusion enhances aroma, flavor, and overall potency. Expertly rolled for a consistent burn and even draw, this 1-gram preroll is ideal for users seeking bold, sweet flavor, high potency, and a refined, satisfying session."
019a0799-770b-751c-b118-7f9f30c27631,TUTTI,DIAMOND INFUSED PREROLL [1G] CHERRY PIE - 1 G,PREROLL,1G,HYBRID,42.35%,0.04%,9.05,SUPER VALUE MENU - TUTTI INFUSED PREROLLS - 45% OFF,True,tutti-tutti-diamond-infused-preroll-1g-cherry-pie,https://d1hhy58mqsa6c3.cloudfront.net/916928a7-444e-4ad3-bfd0-b799e8385e4d/af6d1132-38ff-45f0-88aa-56db7529cb27,,"The Tutti Diamond Infused Preroll (1g) – Cherry Pie features a premium hand-rolled preroll crafted with high-quality Cherry Pie flower and infused with potent diamond resin for an elevated smoking experience. This preroll delivers smooth, flavorful draws with a sweet and fruity profile highlighting ripe cherry notes balanced by earthy and herbal undertones, while the diamond infusion enhances aroma, flavor, and overall potency. Expertly rolled for a consistent burn and even draw, this 1-gram preroll is ideal for users seeking bold, dessert-inspired flavor, high potency, and a refined, satisfying session."
019d1be1-67f7-76cc-8a32-f67cc2039f8f,TUTTI,DIAMOND INFUSED PREROLL [1G] HEADBAND - 1 G,PREROLL,1G,HYBRID,39.26%,0.04%,9.05,SUPER VALUE MENU - TUTTI INFUSED PREROLLS - 45% OFF,True,tutti-tutti-diamond-infused-preroll-1g-headband,https://d14jfwlo68bhyr.cloudfront.net/products/1775064090312-046b32b5-793d-4f08-9019-07d2d24c6947.webp,,"This diamond-infused hybrid pre-roll combines Headband strain cannabis flower with premium concentrate for enhanced potency and smooth burning. The Headband strain delivers a balanced high that's perfect for unwinding after a long day, offering relaxing body effects with clear-headed focus. Ready to smoke in seconds, this infused pre-roll from TUTTI provides a convenient way to enjoy elevated cannabis without the hassle of grinding or rolling."
01999be4-eaf2-7c4f-8419-2087f93055dd,TUTTI,DIAMOND INFUSED PREROLL [1G] NORTHERN LIGHTS - 1 G,PREROLL,1G,INDICA,36.43%,0.05%,9.05,SUPER VALUE MENU - TUTTI INFUSED PREROLLS - 45% OFF,True,tutti-tutti-diamond-infused-preroll-1g-northern-lights,https://d1hhy58mqsa6c3.cloudfront.net/916928a7-444e-4ad3-bfd0-b799e8385e4d/a81f9620-72de-466d-b9f4-52654400a60d,,"The Tutti Diamond Infused Preroll (1g) – Northern Lights features a premium hand-rolled preroll crafted with high-quality Northern Lights flower and infused with potent diamond resin for an elevated smoking experience. This preroll delivers smooth, flavorful draws with a sweet, earthy, and pine-forward profile accented by subtle herbal and spicy undertones, while the diamond infusion enhances aroma, flavor, and overall potency. Expertly rolled for a consistent burn and even draw, this 1-gram preroll is ideal for users seeking classic, well-balanced flavor, high potency, and a refined, satisfying session."
0199bfce-38ea-7631-8730-c93f3b9e200f,TUTTI,DIAMOND INFUSED PREROLL [1G] WHITE WIDOW - 1 G,PREROLL,1G,HYBRID,38.12%,0.04%,9.05,SUPER VALUE MENU - TUTTI INFUSED PREROLLS - 45% OFF,True,tutti-tutti-diamond-infused-preroll-1g-white-widow,https://d1hhy58mqsa6c3.cloudfront.net/916928a7-444e-4ad3-bfd0-b799e8385e4d/3ce51ff6-8f86-4d19-84cf-4a61202ff740,,"The Tutti Diamond Infused Preroll (1g) – White Widow features a premium hand-rolled preroll crafted with high-quality White Widow flower and infused with potent diamond resin for an elevated smoking experience. This preroll delivers smooth, flavorful draws with a classic earthy and pine-forward profile complemented by subtle sweet and herbal undertones, while the diamond infusion enhances aroma, flavor, and overall potency. Expertly rolled for a consistent burn and even draw, this 1-gram preroll is ideal for users seeking a potent, well-balanced experience with rich, traditional cannabis flavor."
01981425-c532-7585-be3a-2a4ae3bf4085,PAPA & BARKLEY,BALANCED RELEAF TINCTURE 15ML [225MG] 1:1 CBD:THCA RELEAF - 225 MG,TINCTURE,225MG,HYBRID,1.60%,1.54%,45.05,,False,papa-barkley-papa-barkley-balanced-releaf-tincture-15ml-225mg-11-cbdthca-releaf,https://d1hhy58mqsa6c3.cloudfront.net/916928a7-444e-4ad3-bfd0-b799e8385e4d/28665799-cb54-4dfe-8cd5-1a7b93f35926,,"This Papa & Barkley hybrid tincture delivers a perfectly balanced 1:1 ratio of 225mg CBD and 225mg THCa in a fast-acting formula that typically kicks in within 15 minutes. Crafted with only MCT oil and full-spectrum cannabis oil using a solvent-free process, this dropper tincture provides relaxing, uplifting relief that lasts up to 3 hours. Perfect for those seeking the therapeutic benefits of both CBD and THC in one convenient, precisely-dosed cannabis tincture."
01951af3-dc93-7a8f-99de-9c997819c01f,PAPA & BARKLEY,CBD RICH RELEAF TINCTURE 30ML [30MG] 30:1 CBD:THC - 30 MG,TINCTURE,30MG,HYBRID,0.10%,2.87%,110.05,,False,papa-barkley-papa-barkley-cbd-rich-releaf-tincture-30ml-30mg-301-cbdthc,https://d14jfwlo68bhyr.cloudfront.net/MjSB0igVW3.webp,,"This full-spectrum CBD tincture from Papa & Barkley delivers targeted relief with a 30:1 CBD to THC ratio, providing therapeutic benefits without significant psychoactive effects. Perfect for managing daily stress and discomfort, this cannabis tincture offers precise dosing with its dropper bottle format. Ideal for both new and experienced users seeking natural wellness support throughout the day."
01951af4-170a-7abb-968e-a4413240db6a,PAPA & BARKLEY,THC RICH RELEAF TINCTURE 15ML [350MG] 1:3 CBD:THC,TINCTURE,350MG,CBD,2.17%,0.76%,45.05,,False,papa-barkley-papa-barkley-thc-rich-releaf-tincture-15ml-350mg-13-cbdthc,https://d14jfwlo68bhyr.cloudfront.net/X9HywXyB55.webp,,"This fast-acting Papa & Barkley cannabis tincture delivers 350mg THC and 120mg CBD in a balanced 1:3 ratio, providing full-body relief from pain and inflammation within 15 minutes. Made with MCT oil for enhanced absorption, you can customize your dose by dropping it under your tongue or mixing into beverages for effects lasting over three hours. Perfect for targeted wellness with an earthy, rich flavor profile."
01951af3-dc98-7ac1-8ffe-9eba01e44c11,PROOF,CBD TINCTURE 15ML [0MG] CBD 1000MG,TINCTURE,1000MG,CBD,0.00%,7.50%,46.05,,False,proof-proof-cbd-tincture-15ml-0mg-cbd-1000mg,https://d14jfwlo68bhyr.cloudfront.net/f2gcvBQ3Fx.webp,,"Proof’s CBD Only Tincture contains a maximum dose of CBD, and does not contain any THC. This tincture is good for those who need to avoid THC for their employment or other factors. It can also be paired with any of our other tinctures for an extra dose of CBD without increasing the THC content at the same time.   Per dose (0.5ml): 33mg CBD Per bottle (15ml): 1000mg CBD Ingredients: Medium-chain triglyceride (MCT) coconut oil, cannabis oil."
019e21da-add7-7e31-ba85-bbda7427fdfe,PROOF,FLASH - CBD TINCTURE 15ML [0MG] CBD 1000MG - 1000 MG,TINCTURE,1000MG,CBD,0.00%,7.50%,46.05,AG FLASH ,True,proof-flash-proof-cbd-tincture-15ml-0mg-cbd-1000mg,https://d1hhy58mqsa6c3.cloudfront.net/916928a7-444e-4ad3-bfd0-b799e8385e4d/f4f2a7f9-34af-4928-82e6-1aaa2618ba3b,,"Embrace a new perspective with CBD 1000MG by PROOF, housed in the premium CBD TINCTURE 15ML [0MG] CBD 1000MG. This cbd choice is perfect for those seeking an engaging, balanced experience. The dropper tincture setup, in 1 each, makes it easy to savor quality on your own terms."
01951af3-f4ff-741e-83ea-81e1f1d8f746,PROOF,HIGH CBD TINCTURE 15ML [15MG] 1:20 THC:CBD,TINCTURE,15MG,HYBRID,0.10%,2.15%,35.04,,False,proof-proof-high-cbd-tincture-15ml-15mg-120-thccbd,https://d14jfwlo68bhyr.cloudfront.net/T0hvj69L4M.webp,,"Proof’s 20:1 (20 parts CBD for every 1 part THC) tincture is a minimally intoxicating product with a generous amount of CBD. Perfect for those new to cannabis or all-day consumers looking for the beneficial effects of full spectrum CBD. Ideal for daytime and continuous use. Also great for pet owners looking for relief from stress or discomfort.  Per dose (0.5ml): 10mg CBD & 0.5mg THC Per bottle (15ml): 300mg CBD & 15mg THC Ingredients: medium-chain triglyceride (MCT) coconut oil, cannabis oil."
019838b4-1769-7c36-8cd3-0ef1030715e6,SAIDA,TINCTURE 50ML [1000MG] 10:1 THC:CBN SLEEPY BERRY - 1000 MG,TINCTURE,1000MG,INDICA,1.98%,,30.05,,False,saida-saida-tincture-50ml-1000mg-101-thccbn-sleepy-berry,https://d1hhy58mqsa6c3.cloudfront.net/916928a7-444e-4ad3-bfd0-b799e8385e4d/48229093-9337-4544-a279-5be36d40a21b,,"This Saida indica tincture combines 1000mg of cannabis in a 10:1 THC to CBN ratio, delivering sweet blueberry flavor with powerful sleepy and relaxing effects. The precise dropper bottle makes sublingual dosing easy, perfect for nighttime use when you need deep relaxation and restful sleep."
019838b3-322b-7675-835b-995426564b05,SAIDA,TINCTURE 50ML [1000MG] SUMMER WATERMELON - 1000 MG,TINCTURE,1000MG,HYBRID,2.16%,,30.05,,False,saida-saida-tincture-50ml-1000mg-summer-watermelon,https://d1hhy58mqsa6c3.cloudfront.net/916928a7-444e-4ad3-bfd0-b799e8385e4d/04de1b4f-719b-40e5-8a4e-86e4cbd4d027,,"This Saida Summer Watermelon hybrid tincture packs 1000mg THC into a discreet 50ml dropper bottle with sweet, refreshing watermelon flavor. Perfect for smoke-free cannabis consumption, you can take it sublingually for fast-acting effects or mix into food and drinks for a more gradual onset. The balanced hybrid formulation delivers relaxing, creative, and focused effects that work well for both daytime productivity and evening wind-down without overwhelming sedation."
019838b5-32cd-790d-8c25-396d27bc2ca8,SAIDA,TINCTURE 50ML [1000MG] TROPICAL BLUE RAZZ - 1000 MG,TINCTURE,1000MG,SATIVA,2.09%,,30.05,,False,saida-saida-tincture-50ml-1000mg-tropical-blue-razz,https://d1hhy58mqsa6c3.cloudfront.net/916928a7-444e-4ad3-bfd0-b799e8385e4d/86772256-bdbd-4f7b-8231-1b2f08ba9b01,,"This full-spectrum cannabis tincture offers a delightful tropical blue raspberry flavor. Infused with 1000mg of sativa-dominant cannabinoids, this tincture provides an uplifting, energizing experience perfect for daytime use. Discreetly add a few drops to your beverage or under your tongue for a smooth, fast-acting boost."
019838b4-aebd-7c0f-943f-663308011342,SAIDA,TINCTURE 50ML [1000MG] WILD BLACKBERRY - 1000 MG,TINCTURE,1000MG,INDICA,2.08%,,30.05,,False,saida-saida-tincture-50ml-1000mg-wild-blackberry,https://d1hhy58mqsa6c3.cloudfront.net/916928a7-444e-4ad3-bfd0-b799e8385e4d/16933fd5-635a-4a60-9243-66d279122ac4,,"This potent indica tincture packs 1000mg of THC into a convenient 50ml dropper bottle with sweet wild blackberry flavor. Perfect for sublingual or edible use, it delivers deep relaxation and sleepy effects that make it ideal for nighttime relief and restful sleep."
01951af4-1697-78fa-b4a2-a409f4e182c4,ST IDES,SYRUP 2FLOZ [1000MG] CHERRY BOMB,TINCTURE,1000MG,HYBRID,1.73%,,30.05,,False,st-ides-st-ides-syrup-2floz-1000mg-cherry-bomb,https://d14jfwlo68bhyr.cloudfront.net/Brf9XhcAaI.webp,,"Indulge in the delightful cherry flavor of this full-spectrum cannabis syrup. Providing a balanced hybrid experience, this 1000mg tincture offers a smooth, relaxing effect perfect for any time of day. Enjoy the convenience of this easy-to-dose liquid format."
01951af4-1698-7871-bdcf-a2d704f6217e,ST IDES,SYRUP 2FLOZ [1000MG] PURPLE GRAPE,TINCTURE,1000MG,HYBRID,1.69%,,30.05,,False,st-ides-st-ides-syrup-2floz-1000mg-purple-grape,https://d14jfwlo68bhyr.cloudfront.net/rKqqOVKhIL.webp,,"Indulge in a delightful cannabis experience with the ST IDES - SYRUP 2FLOZ [1000MG] PURPLE GRAPE. This hybrid tincture syrup delivers a balanced, full-spectrum effect perfect for daytime or nighttime use. Savor the sweet, grape-like flavor as you enjoy the soothing, relaxing benefits of this 1000mg CBD-rich formula."
0195959b-f02f-71ce-a67f-bfea64c5e2ba,ST IDES,SYRUP 2FLOZ [1000MG] UNFLAVORED - 1000 MG,TINCTURE,1000MG,HYBRID,1.79%,,30.05,,False,st-ides-st-ides-syrup-2floz-1000mg-unflavored,https://d1hhy58mqsa6c3.cloudfront.net/916928a7-444e-4ad3-bfd0-b799e8385e4d/942f9df7-06bb-4a6d-8f21-05dea49a20eb,,"This unflavored cannabis syrup offers a versatile hybrid experience. Infused with 1000mg of full-spectrum THC and CBD, it delivers a smooth, balanced effect that's great for daytime use or winding down. Add it to your favorite beverages for a discreet and convenient dose of relaxation."
01a08d8d-2a2f-7855-8bb5-e19028d0f5ef,VET CBD,FLASH - REGULAR STRENGTH TINCTURE 250MG CBD 2FLOZ [12.5MG] 1:20 THC:CBD - 12.5 MG,TINCTURE,12.5MG,CBD,0.02%,0.45%,50.05,AG FLASH ,True,,https://d1hhy58mqsa6c3.cloudfront.net/916928a7-444e-4ad3-bfd0-b799e8385e4d/76fbc37e-48b9-4c0c-b222-8d22a152686e,,VETCBD 20:1 FORMULATION 20:1 CBD:THC FORMULATION HAS BEEN IMPROVING THE LIVES OF PETS SINCE 2015. Recommended uses include: Support joint mobility Support normal brain function Help maintain normal GI health Help keep your pet calm
01951af4-136c-7280-bf5f-13931074f818,VET CBD,REGULAR STRENGTH TINCTURE 250MG CBD 2FLOZ [12.5MG] 1:20 THC:CBD,TINCTURE,12.5MG,CBD,0.02%,0.45%,50.05,,False,vet-cbd-vet-cbd-regular-strength-tincture-250mg-cbd-2floz-12-5mg-120-thccbd,https://d14jfwlo68bhyr.cloudfront.net/OKBo5HdB4U.webp,,"This full-spectrum CBD tincture offers a balanced 1:20 THC to CBD ratio, delivering 250mg of CBD in a 2oz bottle. With a convenient dropper, this regular strength formula is ideal for daily wellness support and relaxation. The natural hemp flavors make it easy to incorporate into your routine."
01951af3-dc87-7fea-8e05-c8b38da8ccde,PAPA & BARKLEY,CBD RICH RELEAF BALM 15ML [45MG] 3:1 CBD:THC,TOPICAL,45MG,CBD,0.32%,1.02%,35.04,,False,papa-barkley-papa-barkley-cbd-rich-releaf-balm-15ml-45mg-31-cbdthc,https://d14jfwlo68bhyr.cloudfront.net/3MFpKIGuQz.webp,,"This CBD-rich cannabis topical balm delivers targeted relief with a 3:1 CBD to THC ratio, perfect for soothing daily aches and muscle tension. Enriched with eucalyptus, tea tree, peppermint and lavender essential oils, Papa & Barkley's award-winning formula uses a solventless infusion process to preserve the full spectrum of cannabinoids and terpenes. Apply liberally to problem areas for fast-acting, localized comfort without psychoactive effects."
019fb9b5-0a9d-7c43-be44-ce7571c974bc,PAPA & BARKLEY,THC RELEAF MOISTURIZING CREAM 50ML [300MG] 1:3 CBD:THC - 300 MG,TOPICAL,300MG,,0.63%,0.21%,110.05,,False,papa-barkley-papa-barkley-thc-releaf-moisturizing-cream-50ml-300mg-13-cbdthc,https://d14jfwlo68bhyr.cloudfront.net/products/1785820922358-9b6f8cd4-534d-427d-80fb-02a292f0b460.webp,,"""PAPA & BARKLEY MOISTURIZING RELEAF CREAM IS A FAST-ABSORBING, SKIN-CONDITIONING TOPICAL DESIGNED TO DELIVER TARGETED RELEAF WHILE HELPING SKIN FEEL SOFTER, SMOOTHER, AND DEEPLY MOISTURIZED AT THE SITE OF USE.  POWERED BY PLANT MEDICINE, SQUALANE, BISABOLOL, HYALURONIC ACID, AND PLANT PROTEIN PEPTIDES, THIS FORMULA SUPPORTS HYDRATION, COMFORT, AND THE SKIN BARRIER WITHOUT A HEAVY OR GREASY FINISH.  THIS STATEMENT HAS NOT BEEN EVALUATED BY THE FOOD AND DRUG ADMINISTRATION. THIS PRODUCT IS NOT INTENDED TO DIAGNOSE, TREAT, CURE, OR PREVENT ANY DISEASE."""
01951af4-16fd-7464-b967-7073e8ada8a0,PAPA & BARKLEY,THC RICH RELEAF BALM 15ML [90MG] 1:3 CBD:THC,TOPICAL,90MG,HYBRID,0.63%,0.23%,25.05,,False,papa-barkley-papa-barkley-thc-rich-releaf-balm-15ml-90mg-13-cbdthc,https://d14jfwlo68bhyr.cloudfront.net/banners/1772517013343-65628d5b-8305-4838-9897-9ed1c317068e.webp,,"This THC-rich cannabis balm topical delivers targeted relief with 90mg THC and 30mg CBD in a potent 3:1 ratio, perfect for localized comfort without psychoactive effects. The hybrid-derived formula absorbs smoothly into skin, providing long-lasting therapeutic benefits ideal for muscle tension, joint discomfort, or everyday wellness routines. Papa & Barkley's premium balm offers discreet, precise application in a convenient 15ml container."
01951af4-16ff-7ec0-b64e-32c5c14ca73d,PAPA & BARKLEY,THC RICH RELEAF BALM 50ML [300MG] 1:3 CBD:THC,TOPICAL,300MG,HYBRID,0.58%,0.20%,65.05,,False,papa-barkley-papa-barkley-thc-rich-releaf-balm-50ml-300mg-13-cbdthc,https://d14jfwlo68bhyr.cloudfront.net/WxWBHfREYQ.webp,,"This THC-rich cannabis topical balm delivers targeted relief with 300mg THC and 100mg CBD in Papa & Barkley's award-winning formula. Enriched with eucalyptus, tea tree, peppermint and lavender essential oils, this full-spectrum balm penetrates deep to soothe aches, pains and sore muscles without psychoactive effects. Perfect for localized relief, the solventless extraction preserves all cannabinoids and terpenes for maximum therapeutic benefits."
01951af4-1702-75c7-802a-5b56fe7a111d,PAPA & BARKLEY,THC RICH RELEAF BALM STICK 30ML [350MG] 1:3 CBD:THC,TOPICAL,350MG,HYBRID,1.29%,0.00%,45.05,,False,papa-barkley-papa-barkley-thc-rich-releaf-balm-stick-30ml-350mg-13-cbdthc,https://d14jfwlo68bhyr.cloudfront.net/1MxocCMV7R.webp,,"This THC-rich cannabis topical balm stick from Papa & Barkley delivers 350mg of potent relief with a 1:3 CBD to THC ratio for balanced therapeutic effects. The convenient stick format makes targeted application easy, while the hybrid cannabinoid profile provides both the relaxing benefits of CBD and the powerful pain-relieving properties of THC. Perfect for localized relief without psychoactive effects, this dispensary-quality topical absorbs quickly into skin for discreet, on-the-go wellness."
